shap__Concrete_Class,shap__CA,shap__FA,shap__Cement_Content,shap__WC_Ratio,shap__Admixture_Dose,shap__Strength_7d,shap__Slump_30,shap__Water_Content,shap__Paste_Volume,shap__CA_FA_Ratio,shap__Agg_Volume_Frac,shap__Admix_pct_bwoc,shap__Admix_per_Cement,shap__WC_Ratio_sq,shap__WC_Ratio_inv,shap__log_Cement,shap__Cement_x_WC,shap__Bolomey_Feature,shap__Concrete_Class_sq,shap__Class_x_WC,shap__Class_x_Cement,shap__Cement_sq,shap__CA_FA_x_WC,shap__Binder_Intensity,shap__Gel_Space_Ratio_28d,shap__Slump_Retention,shap__Slump_Loss_Rate,shap__Cement_Freq,shap__Admix_Freq,val__Concrete_Class,val__CA,val__FA,val__Cement_Content,val__WC_Ratio,val__Admixture_Dose,val__Strength_7d,val__Slump_30,val__Water_Content,val__Paste_Volume,val__CA_FA_Ratio,val__Agg_Volume_Frac,val__Admix_pct_bwoc,val__Admix_per_Cement,val__WC_Ratio_sq,val__WC_Ratio_inv,val__log_Cement,val__Cement_x_WC,val__Bolomey_Feature,val__Concrete_Class_sq,val__Class_x_WC,val__Class_x_Cement,val__Cement_sq,val__CA_FA_x_WC,val__Binder_Intensity,val__Gel_Space_Ratio_28d,val__Slump_Retention,val__Slump_Loss_Rate,val__Cement_Freq,val__Admix_Freq,y_true,Concrete_Class
-0.3081314303853389,-0.05813358978487412,-0.128734646351541,-0.6382570964085869,-0.5717181008827888,0.1673223210892384,-9.455323665825592,0.19585552456234775,-0.062348308415134474,0.00544828068417466,-0.16671075289455992,0.0,0.16513643834852704,-0.3633167904105893,-0.9720338288985101,-0.8574585384369228,-0.3192938436865375,-0.034455502506350225,-0.7824401631912205,-1.5001345735129819,-0.47351227399115947,-0.44942759239183694,-0.8590793059301823,-0.8455903468765974,-0.5168212497264031,-1.028941195116407,-0.08462413270194101,0.5644660679951213,0.2647971646996167,0.830941332652546,15.0,58.0,42.0,275.0,0.550000011920929,0.699999988079071,25.200000762939453,180.0,151.25,238.5515899658203,1.3809523582458496,1.0,0.007000000216066837,2.545454502105713,0.30250000953674316,1.8181818723678589,5.616771221160889,151.25,1.3181818723678589,225.0,8.25,4125.0,75625.0,0.7595238089561462,18.33333396911621,0.6455696225166321,0.6388888955116272,1.0833333730697632,0.16300366818904877,0.31501832604408264,32.2,15
-0.09748659202739218,0.08790485058573282,-0.10434222526058627,-0.8798850799318841,-0.9391347919390588,-0.1003835529542042,-9.21682542872075,0.00017625686988395617,-0.023298596695749504,0.009293937420360134,-0.1409513025078052,0.0,-0.07983526857418492,0.1981374622449667,-1.3461746889324002,-0.7948855757722753,-0.6806732834655528,-0.1508314400125879,-1.7929102144643003,-1.2327587290146265,-0.7122148982611429,-0.3279331508442579,-0.8318706525802761,-0.4653441209418352,-0.45489331818859174,-0.6895948492715053,0.7056571017173852,0.42145740620623706,-0.6859368085817354,-0.28983817414384316,15.0,58.0,42.0,275.0,0.550000011920929,0.8999999761581421,20.0,95.0,151.25,238.5515899658203,1.3809523582458496,1.0,0.008999999612569809,3.2727272510528564,0.30250000953674316,1.8181818723678589,5.616771221160889,151.25,1.3181818723678589,225.0,8.25,4125.0,75625.0,0.7595238089561462,18.33333396911621,0.6455696225166321,1.1578947305679321,-0.25,0.325411319732666,0.13711151480674744,25.4,15
-0.14975427535026856,-0.009662552447758162,-0.3047364990925176,-0.6780358275792165,-0.6242333679437296,-0.015269438741679141,-11.839132924958301,-0.08924255487510531,-0.08421642447278789,-0.03431664910084058,-0.1710167944900558,0.0,0.15919169577585454,-0.319793554812261,-0.58867427913575,-1.2972082386793664,-1.251307769117155,-0.1024705411919458,-0.7262791323594879,-1.1476148643419513,-0.9728011361960722,-0.35401977019657305,-0.8795456078735073,-0.15182557217138462,-0.4791112153799541,-0.7472821664731184,-0.011358107852935439,-0.08297384154619249,0.5521806856901234,-0.1705057320181895,15.0,58.0,42.0,275.0,0.550000011920929,1.0,20.399999618530273,150.0,151.25,238.5515899658203,1.3809523582458496,1.0,0.009999999776482582,3.6363637447357178,0.30250000953674316,1.8181818723678589,5.616771221160889,151.25,1.3181818723678589,225.0,8.25,4125.0,75625.0,0.7595238089561462,18.33333396911621,0.6455696225166321,0.9333333373069763,0.1666666716337204,0.1684981733560562,0.06593406945466995,27.0,15
-0.14662325471365467,0.16801122559857856,0.30839878445151725,-0.6645101744713636,-0.4201992790515414,0.05235571605010248,-5.800179712971914,-0.1308973926871313,0.18010321085445247,-0.3712221868464061,0.10116269415689161,0.0,0.05871699378354191,-0.007943677925042221,-0.5156533038263984,-1.6157714655945457,-0.6750494052652926,-0.11246099277956915,-1.38495319149177,-1.087244286796854,-0.5683893585701091,-0.3995963248421611,-0.8229213490879072,-0.27704493990025997,-0.4422639715768668,-0.7226345155882434,0.7102108041506912,0.65052488204353,0.36064291911034074,-0.25308484367469686,15.0,60.0,40.0,300.0,0.550000011920929,0.699999988079071,27.200000762939453,50.0,165.0,260.23809814453125,1.5,1.0,0.007000000216066837,2.3333332538604736,0.30250000953674316,1.8181818723678589,5.703782558441162,165.0,1.3181818723678589,225.0,8.25,4500.0,90000.0,0.824999988079071,20.0,0.6455696225166321,2.299999952316284,-1.0833333730697632,0.1684981733560562,0.14652015268802643,32.2,15
-0.11745207758465646,0.12082215994087289,-0.14429120396702602,-0.8452172146497346,-0.9564108123825207,-0.3062465251545903,-9.856791573199638,-0.11132841066494868,-0.010390626648442994,0.06336768373524394,-0.13530506757635488,0.0,-0.23967432894243454,-0.3533448068129393,-1.442042134044484,-0.7871775967235951,-0.6876503142596426,-0.030110332384396563,-1.7981329782239848,-1.2744935567062046,-0.6069427596554271,-0.33622172598066774,-0.7790271867286036,-0.043904217225315,-0.5257161228702983,-0.8768872573401086,-0.17039356159150096,-0.035149443975884265,0.31201076263618155,0.41584672286265817,15.0,57.0,43.0,275.0,0.550000011920929,1.0,22.100000381469727,150.0,151.25,238.5515899658203,1.325581431388855,1.0,0.009999999776482582,3.6363637447357178,0.30250000953674316,1.8181818723678589,5.616771221160889,151.25,1.3181818723678589,225.0,8.25,4125.0,75625.0,0.7290697693824768,18.33333396911621,0.6455696225166321,0.7333333492279053,0.6666666865348816,0.1681901216506958,0.32358318567276,26.4,15
-0.1412065266694523,0.018532485106883472,-0.15555735475805774,-0.7830222354550282,-0.4321864502101246,-0.019314192988283865,-7.378027591667664,-0.1589020148386628,-0.07943470181072768,-0.1690191648484485,-0.08825630001783531,0.0,-0.03312503106593748,0.34954591687254366,-0.39553142788068535,-1.5718985756494452,-1.1110599555848386,-0.1761457226482266,-1.4907791668154595,-1.225629989767814,-0.5908532412266874,-0.396247794009441,-1.137223952606928,-0.13560135363495096,-0.3516755354355935,-0.6877311791116727,0.7519307263818902,0.5459093657969459,0.4943712940862574,0.4000369457526787,15.0,57.0,43.0,275.0,0.550000011920929,1.0199999809265137,26.200000762939453,120.0,151.25,238.5515899658203,1.325581431388855,1.0,0.010200000368058681,3.7090909481048584,0.30250000953674316,1.8181818723678589,5.616771221160889,151.25,1.3181818723678589,225.0,8.25,4125.0,75625.0,0.7290697693824768,18.33333396911621,0.6455696225166321,1.1666666269302368,-0.3333333432674408,0.012820512987673283,0.3223443329334259,30.5,15
-0.13921434677065322,-0.20103247713216849,-0.5141606692358045,-0.7247799402371305,-0.6448090695612649,0.0684048367770002,-11.012137046099198,-0.2563319524019457,-0.06051332792751734,-0.07941384441728117,-0.23124275242571465,0.0,0.3301585343231022,-0.5019028984032101,-0.5908395404207936,-1.348959869681555,-1.3601155577134434,-0.10254261799417247,-0.7666513252953487,-1.16796902066931,-0.9434750518006197,-0.32336233283932153,-0.9633178158294037,-0.16661616524524084,-0.4627836762143329,-0.4731215369399199,0.09386116886446637,-0.2045451581677601,0.38656676463751455,0.4123403512516733,15.0,55.0,45.0,275.0,0.550000011920929,1.0154999494552612,19.430500030517578,140.0,151.25,238.5515899658203,1.2222222089767456,1.0,0.010154999792575836,3.6927273273468018,0.30250000953674316,1.8181818723678589,5.616771221160889,151.25,1.3181818723678589,225.0,8.25,4125.0,75625.0,0.6722221970558167,18.33333396911621,0.6455696225166321,0.7142857313156128,0.6666666865348816,0.1684981733560562,0.30586081743240356,25.7,15
-0.2557882656709312,-0.04325418250111068,-0.09809302796358285,-0.6499405413870221,-0.5116830245635102,-0.01489812820412787,-10.854843933308006,0.14126266212089947,-0.06284880150358994,-0.12421112936039876,-0.06191233939578744,0.0,0.10882309667724575,-0.2932770948561621,-0.9911683121447294,-0.9157170773387168,-0.3001953347914912,-0.13110315175724455,-0.8346990669721909,-1.5523662018711553,-0.6438368969014089,-0.45688031610822466,-0.8524216826034511,-0.49906945584859524,-0.5266181419152035,-0.9776073945763626,-0.3592813177206941,0.4876298478050638,0.24453833603977404,0.41287634688477937,15.0,57.0,43.0,275.0,0.550000011920929,1.0,19.92300033569336,170.0,151.25,238.5515899658203,1.325581431388855,1.0,0.009999999776482582,3.6363637447357178,0.30250000953674316,1.8181818723678589,5.616771221160889,151.25,1.3181818723678589,225.0,8.25,4125.0,75625.0,0.7290697693824768,18.33333396911621,0.6455696225166321,0.5882353186607361,1.1666666269302368,0.010989011265337467,0.31501832604408264,28.1,15
-0.43379174686105043,-0.04263709158401257,0.08680590709516899,-0.7561408172963591,-0.7249436625913829,0.16135014748882948,-10.448604952575634,0.1946366165370468,-0.014293298086843379,0.097888367592643,-0.09298062707671902,0.0,0.09923559150885194,-0.28897846085492906,-0.5280522290418008,-1.435937251962255,-0.1945937998746689,0.0374133168589887,-1.295339565611472,-0.9756963120008019,-0.48611330496098987,-0.4431414418653669,-0.6352182254978757,-0.38443921452375346,-0.5127500810187496,-0.9460766606558767,-0.13969622357474407,-0.09723024873065027,0.24718179072617988,0.8009158493755631,15.0,57.0,43.0,275.0,0.550000011920929,0.800000011920929,19.433399200439453,175.0,151.25,238.5515899658203,1.325581431388855,1.0,0.00800000037997961,2.909090995788574,0.30250000953674316,1.8181818723678589,5.616771221160889,151.25,1.3181818723678589,225.0,8.25,4125.0,75625.0,0.7290697693824768,18.33333396911621,0.6455696225166321,0.7428571581840515,0.75,0.20109689235687256,0.3363802433013916,29.1,15
-0.25871271427729126,-0.13760183563180095,-0.0714341775522728,-0.5975433022839293,-0.5825475249018376,0.16552600252180216,-10.79362764366508,0.3198685711672956,-0.25491602277419634,-0.05554645754686061,-0.014649847149230564,0.0,0.15379576040876017,-0.08014476205336675,-0.863229745347846,-0.8356648874926912,-0.2411124568704733,-0.16501044877719295,-0.8128292208965459,-1.6186795405628551,-0.6094039622775633,-0.462939776116122,-0.9106594632094621,-0.3071779323722062,-0.6308458416205308,-0.8345614870473649,-0.2059269513398969,-0.2370481186512038,-0.5438964014801719,-0.5299630057371523,15.0,55.0,45.0,285.0,0.550000011920929,1.0,19.92300033569336,175.0,156.75,247.2261962890625,1.2222222089767456,1.0,0.009999999776482582,3.5087718963623047,0.30250000953674316,1.8181818723678589,5.652489185333252,156.75,1.3181818723678589,225.0,8.25,4275.0,81225.0,0.6722221970558167,19.0,0.6455696225166321,0.8285714387893677,0.5,0.311355322599411,0.06776557117700577,22.355,15
-0.1505101475582475,-0.20340104297560013,-0.7360757156175264,-0.6016012361833453,-0.6828676240980741,-0.13791579866022688,-8.745912243388668,-0.08006359913323939,0.02765570822281513,-0.07189687365118431,-0.20796981858646454,0.0,0.14820730964985906,0.2673288409937274,-0.58976602678643,-1.3588955051055451,-1.165188585460972,-0.007027999262405605,-0.7851939494458434,-1.1980254653141167,-0.94874871661196,-0.29002988909331917,-0.7959070397368858,-0.06320533833067407,-0.507839814809174,-0.32262076421665525,-0.18558429415553118,-0.157613532817091,0.4840070480642742,-0.3101233415470717,15.0,55.0,45.0,285.0,0.5299999713897705,1.0,24.302000045776367,180.0,151.0500030517578,241.52618408203125,1.2222222089767456,1.0,0.009999999776482582,3.5087718963623047,0.2809000015258789,1.8867924213409424,5.652489185333252,151.0500030517578,1.3867924213409424,225.0,7.949999809265137,4275.0,81225.0,0.647777795791626,19.0,0.6623376607894897,0.7777777910232544,0.6666666865348816,0.20695970952510834,0.0714285746216774,28.657,15
-0.22380287671040008,-0.13396510908566614,-0.06263840814114471,-0.60166347469947,-0.4440493123187068,0.11251334215521284,-10.212297448179859,0.30111124330042427,0.25901728570470706,0.019745386128164823,-0.006739841148346717,0.0,0.13844178009978172,0.10005943516827673,-0.7999056720360352,-0.7158506440292034,-0.15649717696158216,0.23071519111306993,-0.7413191082991105,-1.562442415972699,-0.4577315000320203,-0.44087873803341154,-0.9991059181664146,0.041959176841880864,-0.538760460977438,-0.46915783656165316,-0.13357485479274647,-0.126057981091618,-0.5162428749929137,-0.148803587966797,15.0,55.0,45.0,285.0,0.5199999809265137,1.0,21.88800048828125,155.0,148.1999969482422,238.6761932373047,1.2222222089767456,1.0,0.009999999776482582,3.5087718963623047,0.2703999876976013,1.923076868057251,5.652489185333252,148.1999969482422,1.423076868057251,225.0,7.800000190734863,4275.0,81225.0,0.6355555653572083,19.0,0.6710526347160339,0.9032257795333862,0.25,0.311355322599411,0.07326007634401321,21.96666666666667,15
-0.11632372099088711,-0.05772837108103959,-0.8160349321230473,-0.7234647557710804,-0.28252492949446745,0.23951394927968742,-8.462873797066734,-0.006772842734576406,-0.006305919155707869,-0.2643128807574188,-0.11181171167574679,0.0,0.154511652758048,0.16354895035710285,-0.4462874664729863,-1.404884159044689,-0.7303046680288376,-0.10938770089870324,-1.3181124904183539,-1.0619684083398238,-0.5989540583713174,-0.2870411528982113,-0.8820853889658034,-0.16839133788733898,-0.34631616830850404,-0.2979302295786176,-0.11564294151827116,-0.2696301660879944,0.49011765784609107,-0.3663372677770147,15.0,55.0,45.0,290.0,0.5199999809265137,0.699999988079071,25.700000762939453,65.0,150.8000030517578,242.86349487304688,1.2222222089767456,1.0,0.007000000216066837,2.4137930870056152,0.2703999876976013,1.923076868057251,5.6698808670043945,150.8000030517578,1.423076868057251,225.0,7.800000190734863,4350.0,84100.0,0.6355555653572083,19.33333396911621,0.6710526347160339,0.5384615659713745,0.5,0.08974359184503555,0.07692307978868484,29.93,15
-0.10845091956342348,-0.13128731614374659,-0.46339635921895195,-0.7667084688784565,-0.8509259848852615,0.2131978304950143,-9.920755500747362,0.0875619955272399,-0.014531171667450972,-0.004795809406646689,-0.24548938268144585,0.0,0.3023380448758985,0.010585121809939355,-1.2958566003567682,-0.8188403081401916,-0.5350032856729227,-0.11257079215867465,-1.674367468671073,-1.3347654766931136,-0.5984694278196131,-0.3732424828106303,-0.4910640203469879,0.01460526627312463,-0.314806793925829,-0.2022275787498211,0.5896071703476748,0.22902634263894434,0.5311274714761355,-0.31998522688772657,15.0,55.0,45.0,290.0,0.5299999713897705,0.699999988079071,19.71419906616211,62.0,153.6999969482422,245.76348876953125,1.2222222089767456,1.0,0.007000000216066837,2.4137930870056152,0.2809000015258789,1.8867924213409424,5.6698808670043945,153.6999969482422,1.3867924213409424,225.0,7.949999809265137,4350.0,84100.0,0.647777795791626,19.33333396911621,0.6623376607894897,1.0967742204666138,-0.10000000149011612,0.20658135414123535,0.06581352651119232,28.02,15
-0.10717664679485354,-0.11992767578088362,-0.45882414793239956,-0.7680243175006038,-0.8530333658182413,0.2750418111436152,-9.828831529177886,0.165048726567172,-0.006123784909081605,0.005966087245191887,-0.22934416391661888,0.0,0.3865727850644923,-0.20109365543584257,-1.286647895944566,-0.80026515097798,-0.5352649765349694,-0.08960132966638999,-1.63452563916228,-1.353227788495368,-0.623508445650275,-0.30960722484226216,-0.5033773174705869,-0.030306532437568836,-0.3347332673966103,-0.20252180123990846,-0.08287210983631484,-0.15488435233907985,0.47318420272382694,-0.4100139454413199,15.0,55.0,45.0,290.0,0.5299999713897705,0.699999988079071,19.71419906616211,62.0,153.6999969482422,245.76348876953125,1.2222222089767456,1.0,0.007000000216066837,2.4137930870056152,0.2809000015258789,1.8867924213409424,5.6698808670043945,153.6999969482422,1.3867924213409424,225.0,7.949999809265137,4350.0,84100.0,0.647777795791626,19.33333396911621,0.6623376607894897,0.8387096524238586,0.1666666716337204,0.20658135414123535,0.13711151480674744,26.67,15
-0.30943276893557653,-0.15785406430280913,-0.12284725577274103,-0.5934859042205698,-0.5031011781913184,0.0749047795149404,-10.653431725911345,-0.3940312508098285,-0.3921643682754927,0.04497371164476943,-0.09059852183127536,0.0,0.06227362511643165,-0.4195423506548886,-0.5850172476349085,-0.8508378096317583,-0.17913721481429395,-0.07784683238809618,-0.7909285743572164,-1.540490979862325,-0.4896267988007204,-0.46005380796521544,-0.7425878087433408,-0.16021647481070214,-0.5795214236992947,-0.5125086390070188,-0.3134000567655262,-0.19866789460832132,0.2153780950312281,0.597738114371177,15.0,55.0,45.0,290.0,0.5299999713897705,0.699999988079071,21.604000091552734,36.75,153.6999969482422,245.76348876953125,1.2222222089767456,1.0,0.007000000216066837,2.4137930870056152,0.2809000015258789,1.8867924213409424,5.6698808670043945,153.6999969482422,1.3867924213409424,225.0,7.949999809265137,4350.0,84100.0,0.647777795791626,19.33333396911621,0.6623376607894897,0.7863945364952087,0.13083332777023315,0.21978022158145905,0.31501832604408264,31.64,15
-0.10772996275484827,-0.09468951628135959,-0.9280765680205858,-0.7094382928202488,-0.2222746385177884,0.2589496157297563,-5.28219001890785,0.08608720319790673,0.009399208333840212,-0.3090125403505339,-0.047833423532894145,0.0,0.17320197493174674,0.01968117503598452,-0.5047390460430142,-0.3106940419971682,-0.8262310325409701,0.6006615289418065,-0.8391736882638489,-1.1162518402469928,-0.6130357448979442,-0.2797807839590327,-0.8801203879285117,-0.0798047783573946,-0.44557254015085007,-0.2615480075226462,0.7810223187171899,-0.20802686063324735,-0.6187403018138932,-0.5173293193004603,15.0,55.0,45.0,290.0,0.5099999904632568,0.75,28.799999237060547,77.0,147.89999389648438,239.96348571777344,1.2222222089767456,1.0,0.007499999832361937,2.5862069129943848,0.26010000705718994,1.9607843160629272,5.6698808670043945,147.89999389648438,1.4607843160629272,225.0,7.650000095367432,4350.0,84100.0,0.6233333349227905,19.33333396911621,0.6800000071525574,0.3987013101577759,0.7716666460037231,0.32967033982276917,0.14652015268802643,35.03,15
-0.14229407657486853,-0.1197311669370833,-0.8558959109303632,-0.6866617620380572,-0.2362226067690994,0.10069246833752965,-1.448944335199455,0.09857257511844109,0.11558639957263421,-0.1677171169409562,0.024190736628056077,0.0,0.09178070562989044,0.05644177748633694,-0.4667426586404786,-0.23392720816675178,-0.837947330890146,0.572555959112804,-0.8441219964809402,-1.0344507402557888,-0.5627928071350107,-0.2909326835902804,-0.7117330813924783,-0.09701259522295012,-0.45959089886873655,-0.25045145020488546,0.13305495669659306,-0.09177448224099027,-0.6537091109721734,-0.5560885815205505,15.0,55.0,45.0,290.0,0.5099999904632568,0.75,35.1879997253418,56.0,147.89999389648438,239.96348571777344,1.2222222089767456,1.0,0.007499999832361937,2.5862069129943848,0.26010000705718994,1.9607843160629272,5.6698808670043945,147.89999389648438,1.4607843160629272,225.0,7.650000095367432,4350.0,84100.0,0.6233333349227905,19.33333396911621,0.6800000071525574,0.7142857313156128,0.2666666805744171,0.32967033982276917,0.07692307978868484,40.55,15
-0.16232473119608037,-0.1411662473467698,-0.11416080762877415,-0.5935878455713415,-0.4831267640606888,0.06310278535248261,-6.173498447291471,-0.020215372334595538,0.4188519860309424,0.07705150875362242,-0.0438372032930456,0.0,0.16010258837269753,-0.3544924429650359,-0.8683874413626413,-0.09574638262530079,-0.10268826004140183,0.1558707482541029,-0.8173043355202494,-1.5825028497613358,-0.3318262977949389,-0.4130792251588094,-0.8207423583370045,-0.25795858285076284,-0.614986437556811,-0.2692751779301272,-0.2532262703903668,-0.14216140619839632,-0.2852899998881796,0.33876671101654426,15.0,55.0,45.0,290.0,0.5099999904632568,0.75,30.097000122070312,53.0,147.89999389648438,239.96348571777344,1.2222222089767456,1.0,0.007499999832361937,2.5862069129943848,0.26010000705718994,1.9607843160629272,5.6698808670043945,147.89999389648438,1.4607843160629272,225.0,7.650000095367432,4350.0,84100.0,0.6233333349227905,19.33333396911621,0.6800000071525574,0.5452830195426941,0.40166667103767395,0.311355322599411,0.31501832604408264,38.22,15
-0.12092947525384384,-0.05729638368893722,-0.9847279032056528,-0.7705732912069178,-0.14438679190528886,0.231149517432026,-9.201689645823746,-0.01704530552875766,0.05954946791509038,-0.1857178970649584,-0.06332490880534945,0.0,0.2276525204832696,0.20677913576843784,-0.491198395656391,-0.15145431300486673,-0.7571777320672226,0.6612137618064114,-0.8079478748517371,-1.1220994084093807,-0.6057728040145675,-0.3457961334915078,-0.8669938935565897,0.0073477719718025095,-0.42139886216820693,-0.3103905397279948,-0.09027837156191894,-0.218517775598532,0.4193882997840961,-0.44196286711744026,15.0,55.0,45.0,290.0,0.5099999904632568,0.75,22.746000289916992,45.0,147.89999389648438,239.96348571777344,1.2222222089767456,1.0,0.007499999832361937,2.5862069129943848,0.26010000705718994,1.9607843160629272,5.6698808670043945,147.89999389648438,1.4607843160629272,225.0,7.650000095367432,4350.0,84100.0,0.6233333349227905,19.33333396911621,0.6800000071525574,0.6822222471237183,0.2383333295583725,0.19780220091342926,0.07692307978868484,31.25,15
-0.036985048542847496,-0.07951825318846317,-0.4066213341504615,-0.8239349808436445,-0.6715401207224041,0.2734623818541929,-5.2147826854389585,0.04152714506094939,0.024832760299082622,-0.12066767320079168,-0.1691775975438474,0.0,0.347518379615656,-0.22278183881395788,-1.2823651243616447,-0.23913799379164172,-0.49988264405980914,0.23189062407525848,-0.840214010701889,-1.3897531171694677,-0.524159255745689,-0.2961092877337405,-0.5243448308784177,-0.0010025350738464183,-0.3046558666515523,-0.24699617151838324,0.73080791382418,-0.08941583542924163,-0.41014466932631477,-0.20801884947977883,15.0,55.0,45.0,290.0,0.5099999904632568,0.75,30.829999923706055,47.29999923706055,147.89999389648438,239.96348571777344,1.2222222089767456,1.0,0.007499999832361937,2.5862069129943848,0.26010000705718994,1.9607843160629272,5.6698808670043945,147.89999389648438,1.4607843160629272,225.0,7.650000095367432,4350.0,84100.0,0.6233333349227905,19.33333396911621,0.6800000071525574,0.6731501221656799,0.257666677236557,0.325411319732666,0.014625228941440582,38.98,15
-0.10402835658116191,-0.09031983200754551,-0.4057173347046739,-0.8177669786463915,-0.6715401207224041,0.2496423226390481,-5.190960022160597,0.016673624618005055,-0.02359037909237132,-0.17530898082730278,-0.21344778996227606,0.0,0.2553241524849483,-0.2103960540317726,-1.3146971118052342,-0.2836345675939851,-0.5300917765161072,0.2980730017575298,-0.8720472677295371,-1.4177744915368133,-0.6273221457252245,-0.2960700319780795,-0.5395803391309388,0.1924668381122762,-0.276238554634239,-0.2601656146584125,0.14931469742392636,-0.16680339133729316,0.4973902000385842,0.13518248563416377,15.0,55.0,45.0,290.0,0.5099999904632568,0.75,27.049999237060547,47.29999923706055,147.89999389648438,239.96348571777344,1.2222222089767456,1.0,0.007499999832361937,2.5862069129943848,0.26010000705718994,1.9607843160629272,5.6698808670043945,147.89999389648438,1.4607843160629272,225.0,7.650000095367432,4350.0,84100.0,0.6233333349227905,19.33333396911621,0.6800000071525574,0.6731501221656799,0.257666677236557,0.20658135414123535,0.014625228941440582,37.94,15
-0.18904469151029463,-0.15876081725164384,-0.16275727032556492,-0.6491665802937444,-0.549307371899095,-0.011919535018566197,-5.127646754508366,-0.00901726599267287,0.3321875084938997,-0.036642990042721105,-0.04580747947361711,0.0,-0.24608412969504365,-0.3019586078020833,-0.838942297237356,-0.048145950302914936,-0.0768948963757787,0.19133920737167093,-0.7396031163787304,-1.5356845774863142,-0.41619159253668153,-0.41652303638412885,-0.7348317156188979,0.03147116005615834,-0.5055781296748378,-0.2659434582586978,-0.297744341304224,0.1575146198278118,-0.13265974622393417,-0.06741160302633832,15.0,55.0,45.0,290.0,0.5099999904632568,0.75,28.100000381469727,36.75,147.89999389648438,239.96348571777344,1.2222222089767456,1.0,0.007499999832361937,2.5862069129943848,0.26010000705718994,1.9607843160629272,5.6698808670043945,147.89999389648438,1.4607843160629272,225.0,7.650000095367432,4350.0,84100.0,0.6233333349227905,19.33333396911621,0.6800000071525574,1.1700680255889893,-0.1041666641831398,0.10256410390138626,0.012820512987673283,36.7,15
-0.14281299532086028,-0.15619405036265016,-0.11371064280427076,-0.594384383811007,-0.4726254945274648,0.03251397790869471,-10.358816430020129,-0.06989755510748234,0.356385355035006,0.09146221041421548,-0.025448420786440454,0.0,-0.07699169774433536,-0.38382414844593815,-0.7957528670499082,-0.049264251369163375,-0.07573128261561245,0.26848490138664194,-0.7312777890142629,-1.4864762882527387,-0.361675089279944,-0.4311566067144853,-0.7027613345741879,-0.05703913892798194,-0.4982102290702887,-0.17162174359743093,0.36831193541753976,0.1955710125036898,-0.05178831159936676,-0.3669429448237415,15.0,55.0,45.0,290.0,0.5099999904632568,0.75,21.389999389648438,36.75,147.89999389648438,239.96348571777344,1.2222222089767456,1.0,0.007499999832361937,2.5862069129943848,0.26010000705718994,1.9607843160629272,5.6698808670043945,147.89999389648438,1.4607843160629272,225.0,7.650000095367432,4350.0,84100.0,0.6233333349227905,19.33333396911621,0.6800000071525574,0.9251700639724731,0.04583333432674408,0.10256410390138626,0.15750916302204132,29.73,15
-0.14956657869228698,-0.19341120509360746,-0.799994415519532,-0.5479669748613032,-0.6384436526705959,0.19146272514627077,-6.240842134228546,0.15030258322134585,0.1020292586282489,0.038649880536409754,-0.14973405390468478,0.0,0.021798974362431583,-0.18983694135408924,-0.5734052216908146,-0.013756023119023165,-0.9574166770308109,0.44871898021668405,-0.11543161786846456,-1.1776538750277736,-0.8716001190316073,-0.40122318165616583,-0.747544238920761,-0.03086586974582123,-0.33406933227096197,-0.16323187054316438,-0.18467497503380778,0.15625741574404814,0.12467273425477815,0.12121501230712566,15.0,55.0,45.0,290.0,0.5099999904632568,0.75,29.75,28.899999618530273,147.89999389648438,239.96348571777344,1.2222222089767456,1.0,0.007499999832361937,2.5862069129943848,0.26010000705718994,1.9607843160629272,5.6698808670043945,147.89999389648438,1.4607843160629272,225.0,7.650000095367432,4350.0,84100.0,0.6233333349227905,19.33333396911621,0.6800000071525574,0.9688581228256226,0.014999999664723873,0.10256410390138626,0.06593406945466995,35.72,15
-0.10013485622421849,-0.11227283022554754,-0.9432010180749035,-0.7042254705991109,-0.14064230601453473,0.12851997603917467,-5.7458334663091994,0.0012026455016720186,0.22828630376677403,-0.21484731114247232,-0.023645619746243823,0.0,0.0291127093713158,0.03445335745175246,-0.3466155471924431,-0.2243258129471311,-0.7490178262839282,0.5026934333601649,-0.8221764746195678,-1.0802096030656079,-0.5348709486164748,-0.34562857835717226,-0.835098874234911,0.021681581363715646,-0.23810701966752834,-0.22468037012970057,0.2807296904243515,0.1936205736441294,-0.17098622049982076,0.7487328245866922,15.0,55.0,45.0,290.0,0.5099999904632568,0.75,29.719999313354492,28.899999618530273,147.89999389648438,239.96348571777344,1.2222222089767456,1.0,0.007499999832361937,2.5862069129943848,0.26010000705718994,1.9607843160629272,5.6698808670043945,147.89999389648438,1.4607843160629272,225.0,7.650000095367432,4350.0,84100.0,0.6233333349227905,19.33333396911621,0.6800000071525574,1.0622837543487549,-0.029999999329447746,0.08974359184503555,0.3223443329334259,33.92,15
-0.11215586470543436,-0.07911473655706484,-1.007109137553222,-0.7731221231183889,-0.1527069905118462,0.08012046984295866,-8.349385241111909,-0.06590721634423057,0.12302806545846937,-0.22940715625950933,-0.03849300452619625,0.0,-0.02290054739708039,0.24780547720289126,-0.39806288587442507,-0.08588472637005068,-0.7127720512570918,0.42239277920647356,-0.816882904337897,-1.12476980766678,-0.5836277019135081,-0.3670251171107577,-0.863101435314622,0.03557780920408329,-0.24125131615791173,-0.2856765716112281,0.2738407573740491,0.15692627744189408,0.18001331366119355,-0.3369970672526499,15.0,55.0,45.0,290.0,0.5099999904632568,0.75,25.229999542236328,50.0,147.89999389648438,239.96348571777344,1.2222222089767456,1.0,0.007499999832361937,2.5862069129943848,0.26010000705718994,1.9607843160629272,5.6698808670043945,147.89999389648438,1.4607843160629272,225.0,7.650000095367432,4350.0,84100.0,0.6233333349227905,19.33333396911621,0.6800000071525574,1.0399999618530273,-0.03333333507180214,0.08974359184503555,0.06410256773233414,32.35,15
-0.03164354354292978,-0.09406304364839692,-0.40155617429954654,-0.810641912181087,-0.6539709144750994,0.217048555754927,-5.104624447173765,-0.15769133589553821,0.027620129482755038,-0.08697178990994828,-0.17414757315204502,0.0,0.2344446566398191,-0.3064129962169615,-1.268605965131251,-0.27535163204555774,-0.4941618752803832,0.2504530633364199,-0.8267430269188333,-1.307878718361336,-0.554226847285648,-0.33689249195292237,-0.5510011019082902,0.11504337843640548,-0.17487290921138124,-0.298713935727682,-0.09966265984996166,0.017070714489939715,-0.1696875230599874,0.22480857809272725,15.0,55.0,45.0,290.0,0.5099999904632568,0.75,29.479999542236328,47.29999923706055,147.89999389648438,239.96348571777344,1.2222222089767456,1.0,0.007499999832361937,2.5862069129943848,0.26010000705718994,1.9607843160629272,5.6698808670043945,147.89999389648438,1.4607843160629272,225.0,7.650000095367432,4350.0,84100.0,0.6233333349227905,19.33333396911621,0.6800000071525574,0.8245242834091187,0.13833333551883698,0.10237660259008408,0.010968921706080437,34.62,15
-0.18024904689444265,-0.09040217227049595,-0.11448881008645316,-0.6002680151833941,-0.41919112709061285,0.11844462946387355,-11.20737193985536,0.29849249850009346,-0.0841840402607226,-0.11104564832453549,-0.0037039642533471602,0.0,0.009856485769164758,-0.08354698546043451,-0.8053244190917502,-0.6634506697877488,-0.1267242401099877,0.022391075501653753,-0.7993129821808289,-1.4902917112957634,-0.46377483909465045,-0.4543007134457907,-0.7281763541367666,0.01349772969046528,-0.5759848577794479,-0.44828752814204464,0.419973371472427,0.25867563298109814,-0.5469435335036745,-0.31792986582179156,15.0,55.0,45.0,290.0,0.5199999809265137,0.949999988079071,19.92300033569336,165.0,150.8000030517578,242.86349487304688,1.2222222089767456,1.0,0.009499999694526196,3.275861978530884,0.2703999876976013,1.923076868057251,5.6698808670043945,150.8000030517578,1.423076868057251,225.0,7.800000190734863,4350.0,84100.0,0.6355555653572083,19.33333396911621,0.6710526347160339,1.0181818008422852,-0.05000000074505806,0.311355322599411,0.06776557117700577,24.21,15
-0.22198198840260816,-0.13396510908566614,-0.07002976891382526,-0.6018239128272062,-0.39784159566451893,0.1314168912158359,-10.322939545055373,0.31542025106884153,-0.06130682419437218,0.022589823504189557,-0.006739841148346717,0.0,0.15907597341004312,0.10462648061849719,-0.8044444303617554,-0.7223374017630586,-0.10677375237625776,0.0013040714986837442,-0.760466608655843,-1.565467334718545,-0.4991826246554237,-0.4596430642204024,-0.7287152125093629,0.04472337555954849,-0.5617480293135989,-0.47139205967308095,-0.11352599306920069,-0.1408670778161824,-0.5136465566922436,-0.13636748075025057,15.0,55.0,45.0,290.0,0.5199999809265137,1.0,22.09000015258789,168.0,150.8000030517578,242.86349487304688,1.2222222089767456,1.0,0.009999999776482582,3.4482758045196533,0.2703999876976013,1.923076868057251,5.6698808670043945,150.8000030517578,1.423076868057251,225.0,7.800000190734863,4350.0,84100.0,0.6355555653572083,19.33333396911621,0.6710526347160339,0.9226190447807312,0.21666666865348816,0.311355322599411,0.07326007634401321,26.8,15
-0.15413968451855412,-0.2346115829531258,-0.8051747503799616,-0.6037825180612221,-0.70640050321554,-0.051268312872747863,-11.709696671899774,-0.1786621423191547,-0.011324830862333718,-0.08156131823963911,-0.27231562840306534,0.0,-0.029843174748113294,-0.21484021405644618,-0.5884850502927808,-1.3392486360896463,-1.1470381261717106,-0.1380822834390083,-0.6654917338081322,-1.191770054767802,-1.1330192585342898,-0.3289186789586987,-0.8335956383793729,-0.10569139333425324,-0.4988982550685535,-0.39168262444541596,0.33299859937825327,0.24668309034109429,-0.9140617425057513,-0.2615517692024239,15.0,55.0,45.0,290.0,0.5199999809265137,0.949999988079071,21.56999969482422,149.0,150.8000030517578,242.86349487304688,1.2222222089767456,1.0,0.009499999694526196,3.275861978530884,0.2703999876976013,1.923076868057251,5.6698808670043945,150.8000030517578,1.423076868057251,225.0,7.800000190734863,4350.0,84100.0,0.6355555653572083,19.33333396911621,0.6710526347160339,1.1610738039016724,-0.4000000059604645,0.31501832604408264,0.17032967507839203,29.92,15
-0.15413968451855412,-0.19731924694876388,-0.7420614860095309,-0.5572103655587415,-0.6577498438867277,-0.029780028844470285,-8.901278851518006,0.08167195933250178,-0.033797009746135274,0.020025357252811803,-0.20283272856973655,0.0,0.004829072206837332,0.5144872130350913,-0.581359258729531,-1.295863820740442,-1.143349688095935,-0.09667344101460892,-0.6267650338974066,-1.151465290094689,-0.9252596588712191,-0.3401287598238216,-0.7630165710748456,0.006227430498870362,-0.3915904932976514,-0.27808659586569073,0.21019127543852323,0.1007187488263503,0.5112371853388362,0.052825123656123796,15.0,55.0,45.0,290.0,0.5199999809265137,0.949999988079071,24.65999984741211,156.0,150.8000030517578,242.86349487304688,1.2222222089767456,1.0,0.009499999694526196,3.275861978530884,0.2703999876976013,1.923076868057251,5.6698808670043945,150.8000030517578,1.423076868057251,225.0,7.800000190734863,4350.0,84100.0,0.6355555653572083,19.33333396911621,0.6710526347160339,0.9743589758872986,0.06666667014360428,0.20695970952510834,0.06593406945466995,34.49,15
-0.11679925089348006,-0.14618893861738894,-0.43285195858350395,-0.8161910829024375,-0.8910166838921403,-0.162609172048253,-8.538537980281026,0.21752743784859402,0.06424556359775539,-0.015724310553874347,-0.21116427085964734,0.0,-0.14924850098100503,0.6352673242640222,-1.2975515339523556,-0.7984451839140121,-0.6589057397016874,-0.022401036072860467,-1.6765672928649995,-1.334006093884508,-0.5815420230806525,-0.30387084248235985,-0.5239202457644774,0.06846527418364996,-0.3302549344911203,-0.27274068316668754,-0.35075815330898236,-0.1573960375653953,0.6186567390387908,-0.4165663317721234,15.0,55.0,45.0,290.0,0.5199999809265137,0.949999988079071,22.719999313354492,172.0,150.8000030517578,242.86349487304688,1.2222222089767456,1.0,0.009499999694526196,3.275861978530884,0.2703999876976013,1.923076868057251,5.6698808670043945,150.8000030517578,1.423076868057251,225.0,7.800000190734863,4350.0,84100.0,0.6355555653572083,19.33333396911621,0.6710526347160339,0.8488371968269348,0.4333333373069763,0.20658135414123535,0.13711151480674744,31.21,15
-0.15077034241120654,-0.14131200704097344,-0.13201782319504593,-0.59310653204137,-0.49205851351001695,0.07255662948724818,-5.980795985580828,0.6042921740506056,0.30900332575121614,0.06536298272715742,0.01680458410235682,0.0,0.010792868739039865,0.3457937394826211,-0.7997418307079941,-0.006888346727143649,-0.10542819058269695,0.1412576331080128,-0.8005770400466647,-1.527475441516004,-0.3236100383372214,-0.423515562012976,-0.7941985128108836,0.05133001001499322,-0.46955681297851076,-0.22350184509719526,0.39556781307867855,0.28021596331778453,-0.482711132901647,-0.33971745521034985,15.0,55.0,45.0,290.0,0.5099999904632568,0.949999988079071,30.09000015258789,165.0,147.89999389648438,239.96348571777344,1.2222222089767456,1.0,0.009499999694526196,3.275861978530884,0.26010000705718994,1.9607843160629272,5.6698808670043945,147.89999389648438,1.4607843160629272,225.0,7.650000095367432,4350.0,84100.0,0.6233333349227905,19.33333396911621,0.6800000071525574,1.0181818008422852,-0.05000000074505806,0.311355322599411,0.06776557117700577,36.27,15
-0.07926457282450251,-0.10068081000620285,-0.4357468080208362,-0.8667031466533915,-0.8718315219587568,-0.06118313126385613,-8.273210812056103,0.1388536661833826,0.024469939336284247,0.04287212630737406,-0.1787362398922948,0.0,-0.1430394296074054,0.7775789185864495,-1.3199363778530717,-0.751381967187978,-0.5720472392291808,0.0012124507495251376,-1.673666833245164,-1.2952924478208794,-0.42767447373571293,-0.35811454962190575,-0.8809671914095398,0.11138839071590997,-0.3295186514486851,-0.26959982071849214,0.4045465032634261,0.20556379650460166,-0.17965249396447525,-0.4418839302994619,15.0,55.0,45.0,285.0,0.5199999809265137,0.949999988079071,24.65999984741211,156.0,148.1999969482422,238.6761932373047,1.2222222089767456,1.0,0.009499999694526196,3.3333332538604736,0.2703999876976013,1.923076868057251,5.652489185333252,148.1999969482422,1.423076868057251,225.0,7.800000190734863,4275.0,81225.0,0.6355555653572083,19.0,0.6710526347160339,0.9743589758872986,0.06666667014360428,0.10237660259008408,0.23765996098518372,34.49,15
-0.034055883493648756,-0.11601725636072376,-0.4089487566593241,-0.9133563153659462,-0.8015285320558815,-0.0687482336883986,-4.50403674106922,-0.11800093285711552,-0.014366909467637313,-0.0956034881304065,-0.1973464812962038,0.0,-0.1880833073094876,0.22541027858443585,-1.3044429059381155,-0.788822332151159,-0.6271190019886037,-0.08244405038017558,-1.3459643070274894,-1.3406323968373488,-0.5958003555862329,-0.27942229548854625,-0.7762354877481519,0.07337612472921971,-0.3154801549586386,-0.3242394999629243,0.13155209095832873,-0.12110659293224675,-0.27140942009311286,-0.29339885365102886,15.0,55.0,45.0,285.0,0.5199999809265137,0.949999988079071,29.75,47.29999923706055,148.1999969482422,238.6761932373047,1.2222222089767456,1.0,0.009499999694526196,3.3333332538604736,0.2703999876976013,1.923076868057251,5.652489185333252,148.1999969482422,1.423076868057251,225.0,7.800000190734863,4275.0,81225.0,0.6355555653572083,19.0,0.6710526347160339,0.6731501221656799,0.257666677236557,0.10237660259008408,0.07129798829555511,35.72,15
-0.28371466235569354,-0.02964445744271788,-0.5606492856068765,-0.5975224887505501,-0.5668528888733558,0.09126173852744254,-8.592038451895819,-0.1250060847505944,-0.08165122819231725,-0.1681842582313236,-0.09556994028570419,0.0,0.18518116165694187,0.07360881649285986,-0.3941980005425809,-0.04827056459957132,-0.06450229751385379,0.10715306052391747,-0.3408020798541396,-0.9472122400660449,-0.677878851061893,-0.41253886204137086,-0.6724726716459263,-0.23412750037822605,-0.56356487862179,-0.25587961883586186,-0.16822163597250253,-0.16020870839941453,-0.8928086583117687,-0.8083957663308509,15.0,55.0,45.0,300.0,0.5,0.800000011920929,25.850000381469727,195.0,150.0,245.23809814453125,1.2222222089767456,1.0,0.00800000037997961,2.6666667461395264,0.25,2.0,5.703782558441162,150.0,1.5,225.0,7.5,4500.0,90000.0,0.6111111044883728,20.0,0.6891891956329346,0.7435897588729858,0.8333333134651184,0.3144424259662628,0.020109688863158226,31.19,15
-0.08449229739635494,-0.09554683868050277,-0.8134795472196863,-0.6947832614171112,-0.2208260862254701,0.15729301640704033,-5.564197874889924,0.047003100231966626,0.03281092224899731,-0.27747856554583167,-0.0002682640923740544,0.0,0.14453532875949504,-0.18531761150952475,-0.48578776474314644,-0.31460664022182244,-0.8419817329323949,0.276987688301331,-0.8253201748090468,-1.1189848447023432,-0.6177105242831799,-0.25939767911925854,-0.7942031956789338,-0.15860584116468798,-0.4368043975094801,-0.227638274154799,-0.017257356887803336,-0.1586939296739283,-0.5281134494928937,0.7990437777792219,15.0,55.0,45.0,300.0,0.5,0.800000011920929,28.59000015258789,200.0,150.0,245.23809814453125,1.2222222089767456,1.0,0.00800000037997961,2.6666667461395264,0.25,2.0,5.703782558441162,150.0,1.5,225.0,7.5,4500.0,90000.0,0.6111111044883728,20.0,0.6891891956329346,0.7250000238418579,0.9166666865348816,0.32967033982276917,0.3223443329334259,35.35,15
-0.36439408395889344,-0.09747767031410111,-0.42053939387322464,-0.8536560766807707,-0.7512561550514799,0.0027098109456390952,-11.054823368798841,-0.20048496476844013,-0.1049130994096431,-0.2480044265232066,-0.13552888674910746,0.0,-0.020934610930656763,-0.21137616385303803,-0.39803832792352156,-1.3918957614618275,-0.22165403614636717,-0.09529753635134473,-1.3900232533987564,-1.0486523414097813,-0.6946692338961187,-0.5027153097137708,-0.6651421235679145,-0.33567490297487323,-0.5924086384829143,-0.9273483804480315,-0.22099424203884868,-0.08933758926965732,-1.1862915527588391,-0.9543888822001374,15.0,55.0,45.0,280.0,0.550000011920929,0.949999988079071,19.860000610351562,195.0,154.0,242.88888549804688,1.2222222089767456,1.0,0.009499999694526196,3.392857074737549,0.30250000953674316,1.8181818723678589,5.63478946685791,154.0,1.3181818723678589,225.0,8.25,4200.0,78400.0,0.6722221970558167,18.66666603088379,0.6455696225166321,0.8717948794364929,0.4166666567325592,0.3144424259662628,0.06032906845211983,25.72,15
-0.15267887993456933,-0.1997456479058989,-0.37874179276325753,-0.5603836229275286,-0.657551215217091,0.12594054250751574,-5.389761102025693,0.015984115233040722,-0.04434149187494772,-0.016914011623264072,-0.039618942781699036,0.0,-0.0006631951185484078,-0.18466481237721527,-0.5604858501959212,-1.280316563247681,-1.128056001391481,-0.21210062850915035,-0.7964719876855267,-1.116703359883875,-0.9365509949364582,-0.3126450381247318,-0.7717283303074065,-0.2136417533106018,-0.4868558889107426,-0.36573932414804927,0.008015133559305552,-0.09736199994847757,0.5579791269525947,-0.29824694708469746,15.0,55.0,45.0,280.0,0.550000011920929,0.8500000238418579,29.1200008392334,190.0,154.0,242.88888549804688,1.2222222089767456,1.0,0.008500000461935997,3.0357143878936768,0.30250000953674316,1.8181818723678589,5.63478946685791,154.0,1.3181818723678589,225.0,8.25,4200.0,78400.0,0.6722221970558167,18.66666603088379,0.6455696225166321,0.7894737124443054,0.6666666865348816,0.10256410390138626,0.21978022158145905,31.67,15
-0.10616948559315018,-0.09262949326056118,-0.32673468173259207,-0.8823586339485409,-0.9398046170138579,0.14427365817302304,-4.335312954186752,-0.35144617136210093,-0.08887406752766112,-0.10787811084984825,-0.12898887137030185,0.0,0.056193965813808054,-0.3555543401817686,-1.3206076877462083,-0.8254491617611344,-0.49912259902103434,-0.15021076247046672,-1.708619090674359,-1.3201149313425589,-0.6132287483925118,-0.2973019318931663,-0.7564418782641116,-0.14596486275789833,-0.49646326867440116,-0.7819023895772452,-0.021356378091906606,-0.2069422770444697,-0.6419039466860028,-0.33015326954474455,15.0,55.0,45.0,280.0,0.550000011920929,0.8500000238418579,27.049999237060547,200.0,154.0,242.88888549804688,1.2222222089767456,1.0,0.008500000461935997,3.0357143878936768,0.30250000953674316,1.8181818723678589,5.63478946685791,154.0,1.3181818723678589,225.0,8.25,4200.0,78400.0,0.6722221970558167,18.66666603088379,0.6455696225166321,0.7749999761581421,0.75,0.325411319732666,0.23765996098518372,31.18,15
-0.15463723190692652,-0.20195939581355996,-0.49568417239605816,-0.6783905523628276,-0.6445974329390707,-0.16516455651656767,-10.944561543333299,-0.03859652673413458,0.016371298380933555,-0.08833634885046285,-0.2028265461634453,0.0,-0.05343126358206842,-0.26517928502927585,-0.580567152068413,-1.3673692298837643,-1.2176274873685426,-0.07903605150458523,-0.7805347861209128,-1.1704340206072055,-1.0557854437530656,-0.3225649774806585,-0.8539823312705531,-0.28155187521089736,-0.46965921197957006,-0.4321621042283572,-0.1674461300779444,-0.16980980754754435,0.6645564821264678,-0.4788682029873218,15.0,55.0,45.0,280.0,0.5400000214576721,0.8999999761581421,21.700000762939453,190.0,151.1999969482422,240.08888244628906,1.2222222089767456,1.0,0.008999999612569809,3.2142856121063232,0.29159998893737793,1.8518518209457397,5.63478946685791,151.1999969482422,1.3518518209457397,225.0,8.100000381469727,4200.0,78400.0,0.6600000262260437,18.66666603088379,0.6538461446762085,0.8157894611358643,0.5833333134651184,0.10256410390138626,0.21978022158145905,29.4,15
-0.21467811932537115,-0.1435076664108089,-0.04440580137663403,-0.5899856159157486,-0.4962942850184006,-0.08074598389386503,-9.886613746858423,-0.061590565802958686,-0.018231267871219495,-0.11504060686765523,-0.03500206310420247,0.0,-0.08357826198617688,0.09658736761248268,-0.9012352135779935,-0.7885059108624894,-0.3187439735642092,0.04396102241218292,-0.77012096796892,-1.477680279939144,-0.5368818248914147,-0.4743453490040484,-0.8848606148919755,-0.38852340137032815,-0.4373444919654772,-0.784597800082774,-0.19335835536809629,-0.099101842857882,-0.617243957803931,-0.33493413429249624,15.0,55.0,45.0,280.0,0.5400000214576721,0.8999999761581421,21.899999618530273,190.0,151.1999969482422,240.08888244628906,1.2222222089767456,1.0,0.008999999612569809,3.2142856121063232,0.29159998893737793,1.8518518209457397,5.63478946685791,151.1999969482422,1.3518518209457397,225.0,8.100000381469727,4200.0,78400.0,0.6600000262260437,18.66666603088379,0.6538461446762085,0.8947368264198303,0.3333333432674408,0.311355322599411,0.21794871985912323,23.3,15
-0.16571247350546223,-0.14939817831063107,-0.044008740620670575,-0.5247741675238146,-0.49077277956550447,0.03718182102493574,-5.545885094666541,-0.35253083956168974,-0.011217445801509242,0.15136073609771977,-0.08285928368247926,0.0,0.2581527248596895,-0.16182169698330515,-0.9318634647208913,-0.13329766869574586,-0.13657414025851414,-0.021353516837050834,-0.8920637203334252,-1.5523732789934117,-0.4397364397681003,-0.35824732623760475,-0.8289751542341453,-0.16167304677444647,-0.6229268042066154,-0.24027815580653944,-0.19499684826079833,-0.2355264442647673,-0.4375552203332034,0.5262363086007467,15.0,55.0,45.0,300.0,0.5,0.800000011920929,28.59000015258789,200.0,150.0,245.23809814453125,1.2222222089767456,1.0,0.00800000037997961,2.6666667461395264,0.25,2.0,5.703782558441162,150.0,1.5,225.0,7.5,4500.0,90000.0,0.6111111044883728,20.0,0.6891891956329346,0.8500000238418579,0.5,0.311355322599411,0.31501832604408264,35.35,15
-0.15676159278689694,-0.2064039388402423,-0.7474229188642686,-0.5620802346601788,-0.6343095451632402,0.17785636921721723,-6.194075560956101,-0.038405799285426624,0.0721037610747559,0.04409481754819171,-0.09722004649252028,0.0,-0.021749781257586052,-0.07469722528936124,-0.3997974642147639,-0.1508679343232229,-0.9225390188453779,0.11169460173537876,-0.19139989859579876,-1.1785223920616577,-0.9376810213124543,-0.4131541228387465,-0.6692688937270332,-0.1418663872482629,-0.49407341402841337,-0.27050146631587385,-0.05407092820594777,-0.04279801304655734,-0.5889051890474916,0.5332527569599035,15.0,55.0,45.0,300.0,0.5,0.800000011920929,28.59000015258789,200.0,150.0,245.23809814453125,1.2222222089767456,1.0,0.00800000037997961,2.6666667461395264,0.25,2.0,5.703782558441162,150.0,1.5,225.0,7.5,4500.0,90000.0,0.6111111044883728,20.0,0.6891891956329346,0.7749999761581421,0.75,0.31501832604408264,0.30586081743240356,35.35,15
-0.0841909976255494,-0.014934330987941663,-0.31498548851748476,-0.7474569033810752,-0.4458792326590897,-0.0686187492550265,-10.314377920284192,0.07360304429963757,-0.07161192699447279,-0.36503146877671494,-0.045207157579090856,0.0,-0.034861128509665884,0.2681217682551748,-0.5192036684251751,-1.4760031559934235,-0.9567895196716576,-0.19134875823465872,-1.417744196458045,-1.0539369270058823,-0.5720478468917072,-0.38265973835182676,-1.1537265163649963,-0.18160599239881933,-0.4199087609594355,-0.7738465018389357,0.2890152402319037,0.2881136025250685,0.43932334938467615,-0.4098308873228576,15.0,57.0,43.0,275.0,0.550000011920929,0.8999999761581421,19.405750274658203,160.0,151.25,238.5515899658203,1.325581431388855,1.0,0.008999999612569809,3.2727272510528564,0.30250000953674316,1.8181818723678589,5.616771221160889,151.25,1.3181818723678589,225.0,8.25,4125.0,75625.0,0.7290697693824768,18.33333396911621,0.6455696225166321,1.0,0.0,0.1684981733560562,0.14652015268802643,27.3,15
-0.09875365923191129,0.06141073438484943,-0.11276540397996482,-0.7133522444106949,-0.49771657952956594,0.03871537963448193,-6.039265954050002,0.09983308960948777,-0.11629529943944669,-0.13823025936825745,-0.04871812942737487,0.0,-0.01380101046353657,0.45395932925448607,-0.43956682975960437,-1.544908382819613,-1.221979711195619,-0.20931167363037112,-1.4499688554987422,-1.1195069426678386,-0.5792420279638981,-0.3247782797899771,-1.155697649297437,-0.07809245672098322,-0.41850898669965125,-0.6675082550941466,-0.7287511493392356,-0.17387964718960472,0.42260873416783734,-0.07133097952080145,15.0,57.0,43.0,275.0,0.550000011920929,1.0,29.200000762939453,165.0,151.25,238.5515899658203,1.325581431388855,1.0,0.009999999776482582,3.6363637447357178,0.30250000953674316,1.8181818723678589,5.616771221160889,151.25,1.3181818723678589,225.0,8.25,4125.0,75625.0,0.7290697693824768,18.33333396911621,0.6455696225166321,0.9090909361839294,0.25,0.19780220091342926,0.05677655711770058,36.6,15
-0.0582154325823017,0.15047948421851642,-0.08279205656381688,-0.8444919959748608,-0.911663662861267,0.04789947974550996,-4.289418297212248,0.29461448650079364,-0.059514972955453015,-0.059591598686431616,-0.08321776941958536,0.0,0.051418560189266785,0.47830656612669936,-1.2863882961255029,-0.5465003784286782,-0.6622249029432866,-0.09711209642957454,-1.635688638468897,-1.3541390615093603,-0.6657983389949074,-0.2593547710800708,-0.8549948820140998,0.12134514491866723,-0.3806939470070928,-0.7956024118655657,-0.07859320950377097,0.169278534974521,0.586551018633827,-0.23930920237778242,15.0,57.0,43.0,275.0,0.550000011920929,1.0,31.299999237060547,160.0,151.25,238.5515899658203,1.325581431388855,1.0,0.009999999776482582,3.6363637447357178,0.30250000953674316,1.8181818723678589,5.616771221160889,151.25,1.3181818723678589,225.0,8.25,4125.0,75625.0,0.7290697693824768,18.33333396911621,0.6455696225166321,0.96875,0.0833333358168602,0.20658135414123535,0.07129798829555511,37.0,15
-0.11451040497871136,0.05486748872938112,-0.15379328872693712,-0.7197811312885422,-0.4229878548141181,-0.08833064308274133,-6.307568117463686,0.1670917379288741,-0.13149176511737476,-0.18766406950686393,-0.06088608532378395,0.0,-0.02923915501749999,0.27335326165877305,-0.5806739383388785,-1.5766941248815987,-1.0067915165724406,-0.1984668422030395,-1.484644152642848,-1.080706984445066,-0.5809281583089995,-0.37740323085890626,-1.1534155431894832,-0.19467834174503196,-0.4557054834363274,-0.6996691643271298,-0.2380679400571009,-0.10370470388835774,0.4704176157989297,-0.37692420721143316,15.0,57.0,43.0,275.0,0.550000011920929,0.8999999761581421,26.299999237060547,165.0,151.25,238.5515899658203,1.325581431388855,1.0,0.008999999612569809,3.2727272510528564,0.30250000953674316,1.8181818723678589,5.616771221160889,151.25,1.3181818723678589,225.0,8.25,4125.0,75625.0,0.7290697693824768,18.33333396911621,0.6455696225166321,0.939393937587738,0.1666666716337204,0.19780220091342926,0.14652015268802643,34.1,15
-0.15690378607112285,-0.009561011355360149,-0.3685821138032522,-0.5674963918062211,-0.6303384975228279,0.23652861253745042,-9.468985071163239,0.01298283054801819,-0.04334010985961731,0.0961487361833238,-0.14943549519293187,0.0,0.00881627744781666,-0.073603777108927,-0.5884608612085228,-1.2958100627470663,-1.2092901794115676,-0.13876521042130932,-0.7237485263302695,-1.1247845938456749,-0.9171345565041257,-0.3220432307122121,-0.832960106545328,-0.053906340745635405,-0.40750733779290577,-0.7447997218062545,0.027196419341348692,-0.24303427802880603,0.6512776226587764,0.13784400773471764,15.0,57.0,43.0,275.0,0.550000011920929,0.800000011920929,23.5,170.0,151.25,238.5515899658203,1.325581431388855,1.0,0.00800000037997961,2.909090995788574,0.30250000953674316,1.8181818723678589,5.616771221160889,151.25,1.3181818723678589,225.0,8.25,4125.0,75625.0,0.7290697693824768,18.33333396911621,0.6455696225166321,0.9411764740943909,0.1666666716337204,0.20695970952510834,0.30586081743240356,30.8,15
-0.10981451634436447,0.04205631899579874,-0.16891980761142394,-0.7850939051055035,-0.512459815908736,-0.020088119449380094,-9.010308348865346,0.38624269810449996,-0.07583579926256433,-0.18112412008444753,-0.047699920428294636,0.0,-0.08422202237364351,0.22017391462724278,-0.5609835134211049,-1.51107606018135,-1.1732440796903894,-0.18668145021568483,-1.4256933451213123,-1.071432215689931,-0.6469329463866514,-0.3623670543977578,-1.1358007131587022,-0.1628417848439353,-0.5254602565846923,-0.7441401015270129,-0.14573640755947662,-0.096638674106911,-0.7718440080909458,-0.36943071448688947,15.0,57.0,43.0,275.0,0.550000011920929,1.0,22.600000381469727,170.0,151.25,238.5515899658203,1.325581431388855,1.0,0.009999999776482582,3.6363637447357178,0.30250000953674316,1.8181818723678589,5.616771221160889,151.25,1.3181818723678589,225.0,8.25,4125.0,75625.0,0.7290697693824768,18.33333396911621,0.6455696225166321,0.9411764740943909,0.1666666716337204,0.32967033982276917,0.14652015268802643,29.2,15
-0.15690378607112285,-0.2157428810197449,-0.7019469228716927,-0.6520102727521384,-0.6633206709786776,-0.14461936392418104,-10.68974484257886,-0.13559616962317866,-0.07520132748936686,-0.11114876222778239,-0.20435173840007032,0.0,-0.08642555735332981,-0.14575800553674273,-0.5839577160505625,-1.3070221199916336,-1.2388073721282724,-0.12170187321814904,-0.7565702521865985,-1.1737936644994102,-0.9973435046848463,-0.33136738826480816,-0.9189941877490083,-0.08885345023544348,-0.46072926162958394,-0.7341377267567298,-0.06803547408849701,-0.041663589178740024,-0.6614424711752248,1.0186902238977227,15.0,55.0,45.0,275.0,0.550000011920929,0.8999999761581421,20.5,175.0,151.25,238.5515899658203,1.2222222089767456,1.0,0.008999999612569809,3.2727272510528564,0.30250000953674316,1.8181818723678589,5.616771221160889,151.25,1.3181818723678589,225.0,8.25,4125.0,75625.0,0.6722221970558167,18.33333396911621,0.6455696225166321,0.9142857193946838,0.25,0.31501832604408264,0.30586081743240356,28.2,15
-0.05840184618580922,0.1088232503810554,-0.08818058495096076,-0.8426348254076886,-0.8554651588166119,-0.09168776465643892,-3.186378877537693,-0.08261758164915188,-0.052039471128643204,-0.08767182545099302,-0.11110929926678238,0.0,-0.12290703377154297,0.023932411860792372,-1.3468974260902549,-0.5672583638809205,-0.6038336133608269,-0.15822883317146252,-1.593058202516422,-1.320139852819075,-0.661562103484922,-0.25589810127000584,-0.9143943943282028,-0.7378982323767908,-0.42271046409399965,-0.7536227946986407,-0.6883639724887919,-0.0674910852207614,-0.8491007265100531,-0.453131590536317,15.0,58.0,42.0,275.0,0.550000011920929,0.8999999761581421,32.79999923706055,140.0,151.25,238.5515899658203,1.3809523582458496,1.0,0.008999999612569809,3.2727272510528564,0.30250000953674316,1.8181818723678589,5.616771221160889,151.25,1.3181818723678589,225.0,8.25,4125.0,75625.0,0.7595238089561462,18.33333396911621,0.6455696225166321,0.8928571343421936,0.25,0.325411319732666,0.07129798829555511,33.3,15
-0.41497061953377773,-0.08172027557798275,0.0020196720087928104,-0.7778558193541403,-0.7134306289657341,0.06680147361173946,-6.386922847036215,0.06589543219112426,-0.013823846460281591,-0.15304937132287327,-0.13024699482287275,0.0,0.07918636471692933,-0.2176220168573175,-0.5256830591747058,-1.5008497480010932,-0.22580248995630592,-0.03857965783560191,-1.3508288348283015,-0.9721286946469355,-0.6535999065528014,-0.47981161268814626,-0.6203376967227665,-0.34127789418802446,-0.5105436325812654,-0.9067251593872723,-0.19354934537561602,-0.013340916206660822,-0.6479335099435276,-0.006680593553913919,15.0,58.0,42.0,275.0,0.550000011920929,0.800000011920929,26.200000762939453,140.0,151.25,238.5515899658203,1.3809523582458496,1.0,0.00800000037997961,2.909090995788574,0.30250000953674316,1.8181818723678589,5.616771221160889,151.25,1.3181818723678589,225.0,8.25,4125.0,75625.0,0.7595238089561462,18.33333396911621,0.6455696225166321,0.8928571343421936,0.25,0.3144424259662628,0.062157221138477325,28.4,15
-0.15490743685227343,0.09517446884455746,0.4400281337588165,-0.5970301438500596,-0.7128832416319796,0.26336003857360235,-5.806395275377451,-0.08995254686813157,-0.09428652658984217,0.03767353315207328,0.17481048555912254,0.0,0.39441035663902163,0.49324485605851226,-0.5569103068317525,-1.2364461621001814,-1.252893528094681,-0.14519893056061361,-0.7366642939308199,-1.0639873688538675,-0.9921527269323649,-0.34774673883634155,-0.8132218885238832,-0.07081359456440252,-0.45096896731640673,-0.7764265381456349,-0.2542684609708533,-0.06302678080879356,0.5725867566873091,-0.16483565604744846,15.0,60.0,40.0,280.0,0.550000011920929,1.0154999494552612,28.84000015258789,140.0,154.0,242.88888549804688,1.5,1.0,0.010154999792575836,3.6267857551574707,0.30250000953674316,1.8181818723678589,5.63478946685791,154.0,1.3181818723678589,225.0,8.25,4200.0,78400.0,0.824999988079071,18.66666603088379,0.6455696225166321,0.8928571343421936,0.25,0.20695970952510834,0.21978022158145905,29.6,15
-0.1507153191017295,-0.02158707122207735,-0.3322062575672426,-0.6212372102726886,-0.6199274460394736,0.17880690666822643,-8.738151523710114,-0.20730137329211754,-0.1538010916252067,0.06550520725179727,-0.15706806045829177,0.0,0.36531644145397,0.3066872607987167,-0.5774060391901349,-1.205576631879643,-1.1678376243622326,-0.18894548680160284,-0.6917905527455706,-1.1517892093167301,-0.9526129944462832,-0.35128187054469157,-0.7211878042413253,-0.08863204153635824,-0.4363684346614119,-0.6964410463828993,-0.27887943523426256,0.0206385192296197,0.5380900966459569,0.6299707091618206,15.0,58.0,42.0,280.0,0.550000011920929,1.0154999494552612,25.780000686645508,140.0,154.0,242.88888549804688,1.3809523582458496,1.0,0.010154999792575836,3.6267857551574707,0.30250000953674316,1.8181818723678589,5.63478946685791,154.0,1.3181818723678589,225.0,8.25,4200.0,78400.0,0.7595238089561462,18.66666603088379,0.6455696225166321,0.8928571343421936,0.25,0.20695970952510834,0.0,26.48,15
-0.15816018053645464,-0.048772435470891794,-0.38378581718031424,-0.5557827926853317,-0.5398032584156301,0.13592551360335858,-9.365619080748116,-0.08310150333625752,0.07170467145158038,0.1527589285558529,-0.09004914965050163,0.0,-0.03535417880879618,-0.015653368864493967,-0.2425507294473042,-0.05133738582337001,-1.0013666299586683,0.4306586757484818,-0.17810976070874926,-1.1185995663105714,-1.0012678754578108,-0.42888883400814126,-0.49117171055521536,-0.0431666512361836,-0.1002742848888006,-0.34456350254908197,0.4324881341987148,0.2514422324501148,0.10651374464645921,0.3137879724293862,20.0,58.0,42.0,325.0,0.44999998807907104,0.800000011920929,25.969999313354492,140.0,146.25,249.4246063232422,1.3809523582458496,1.0,0.00800000037997961,2.461538553237915,0.20250000059604645,2.222222328186035,5.783825397491455,146.25,1.7222222089767456,400.0,9.0,6500.0,105625.0,0.6214285492897034,16.25,0.739130437374115,1.1071428060531616,-0.25,0.1684981733560562,0.30586081743240356,38.21,20
0.05869350271401396,-0.059415715784343334,-0.14261528580989638,-0.5355890295851009,-0.2932254146917036,-0.04213513239971767,-7.263502795470178,0.47103103385623635,0.33221812717303834,0.020545678924329455,-0.10256599234014273,0.0,-0.02249690627546569,0.23433367729589286,-0.47930375659765645,-0.38414938735261395,-0.9865958873825875,-0.11256386276991431,-0.9104520591845405,-1.1295363830116925,-0.2735625760690883,-0.5058223967827287,-0.968340831913436,-0.2252787689808393,-0.28511498192136187,-0.22289796200226492,-0.38101852584482954,-0.17653293774087295,-0.45918399306061436,-0.2700922541920799,20.0,58.0,42.0,325.0,0.5,1.0,26.299999237060547,170.0,162.5,265.6745910644531,1.3809523582458496,1.0,0.009999999776482582,3.076923131942749,0.25,2.0,5.783825397491455,162.5,1.5,400.0,10.0,6500.0,105625.0,0.6904761791229248,16.25,0.6891891956329346,0.9117646813392639,0.25,0.32967033982276917,0.14652015268802643,35.2,20
0.04110992182112624,0.03966175288154148,-0.13268882490824768,-0.7452007529327404,-0.647794223493038,-0.06106567145296354,-1.9813622222574752,0.024952975116847204,0.028926232114040704,0.023920487739807633,-0.09067309285488842,0.0,-0.06631233501121807,-0.13576884930977992,-0.5130306877634813,-0.26652260500719877,-0.5724004923783668,0.25444250276891756,-0.3881089006571686,-0.9234935189047293,-0.6451723104944086,-0.3532508679368132,-0.5755455915697103,-0.1400361311916687,-0.3205769131653527,-0.2942312634428856,0.8571947985861006,0.3604679611090896,0.5080002755066342,0.6766625581703484,20.0,58.0,42.0,325.0,0.45500001311302185,0.8999999761581421,34.900001525878906,160.0,147.875,251.0496063232422,1.3809523582458496,1.0,0.008999999612569809,2.769230842590332,0.20702500641345978,2.1978023052215576,5.783825397491455,147.875,1.697802186012268,400.0,9.100000381469727,6500.0,105625.0,0.628333330154419,16.25,0.7338129281997681,1.0625,-0.1666666716337204,0.20658135414123535,0.32358318567276,45.2,20
0.021643550688651998,-0.04293127164874475,-0.017388155201798684,-0.561787666300181,-0.1930915471632259,-0.056689224545188543,-5.417207352530258,0.34977286112111833,0.32544080615783155,-0.10251116117023834,-0.0658158926265355,0.0,-0.046562916693888186,-0.01374893223212443,-0.05235680794149415,0.020939186248313542,-0.13452745234527486,0.360025873068652,-0.3132815833023555,-0.8366951124478703,-0.5011228561413917,-0.5017630404363718,-0.7835102410580608,-0.08463544826173901,-0.30645749202865963,-0.2173979547512577,-0.07618438654065869,-0.07967442457163502,0.6115270056886777,-0.7246657609295755,20.0,58.0,42.0,325.0,0.44999998807907104,0.8999999761581421,30.94099998474121,175.0,146.25,249.4246063232422,1.3809523582458496,1.0,0.008999999612569809,2.769230842590332,0.20250000059604645,2.222222328186035,5.783825397491455,146.25,1.7222222089767456,400.0,9.0,6500.0,105625.0,0.6214285492897034,16.25,0.739130437374115,0.8857142925262451,0.3333333432674408,0.20109689235687256,0.06032906845211983,36.166,20
-0.10696618766212664,0.006280051207539951,-0.298168387458599,-0.5918082273083343,-0.4829781130499572,-0.023746390387774662,-2.8264174051345132,0.1045169774030681,-0.11287682049645609,-0.042609578619502174,-0.07637186722152398,0.0,-0.03417611620169489,-0.088777809525757,-0.33634876571135747,-0.08216881874386489,-1.0456879475471463,-0.3742660334185858,-0.11545883144013894,-1.1107433033497849,-0.44585765197594474,-0.5691651491545661,-0.596812299234072,-0.16908403773639658,-0.0602983054868489,-0.34707385987432865,0.2093512538365824,-0.20823258958113425,0.4527982622251503,-0.5897737279071302,20.0,58.0,42.0,325.0,0.47999998927116394,0.699999988079071,34.534000396728516,75.0,156.0,259.1745910644531,1.3809523582458496,1.0,0.007000000216066837,2.153846263885498,0.2303999960422516,2.0833332538604736,5.783825397491455,156.0,1.5833333730697632,400.0,9.600000381469727,6500.0,105625.0,0.6628571152687073,16.25,0.7083333134651184,0.6000000238418579,0.5,0.10256410390138626,0.0714285746216774,40.192,20
-0.08996906020695417,-0.08077686334232023,-0.2488268824550714,-0.6448694462581791,-0.4803855182213336,-0.08294149088650249,-5.077923739907239,-0.13979746990342018,-0.3049044942491587,-0.018902042453763906,-0.12757201342258664,0.0,-0.14843893357532803,0.21329471881489845,-0.7839077513588576,-0.09814626267902132,-0.10553258915284096,-0.27601509895416,-0.7562543079813623,-1.1510966641036162,-0.04313575837295058,-0.3665146495316275,-0.783047510960713,-0.5376122948675316,-0.3574266726932411,-0.278758283365952,-0.0015991734971212525,-0.09220608101048224,0.07310177970584356,0.33032481230127725,20.0,58.0,42.0,325.0,0.49000000953674316,0.6449999809265137,32.29199981689453,60.0,159.25,262.4245910644531,1.3809523582458496,1.0,0.0064500002190470695,1.9846153259277344,0.24009999632835388,2.040816307067871,5.783825397491455,159.25,1.540816307067871,400.0,9.800000190734863,6500.0,105625.0,0.6766666769981384,16.25,0.698630154132843,0.5833333134651184,0.4166666567325592,0.10256410390138626,0.012820512987673283,38.476,20
0.04793508848657284,0.02269971917540337,-0.13865938383471707,-0.6604335000229214,-0.6078072915129303,0.07073262435304427,-5.8235384523694265,0.15437862814661202,-0.09393856822747253,-0.028790937048499308,-0.1130687896180577,0.0,0.11871704255116318,0.4284174336550783,-1.1709191128106409,-0.23790101369340513,-0.5437543693625521,-0.08464204115459294,-0.3770865673120298,-0.9345016270664606,-0.16928485005784355,-0.3959912149401775,-0.4697603929645744,0.00861845742671704,-0.3871691925900508,-0.3316426707664423,0.3919469922657715,-0.09343681337762957,-0.2587460807997479,-0.3012772861905521,20.0,58.0,42.0,325.0,0.49000000953674316,0.6460000276565552,29.679000854492188,75.0,159.25,262.4245910644531,1.3809523582458496,1.0,0.006459999829530716,1.9876923561096191,0.24009999632835388,2.040816307067871,5.783825397491455,159.25,1.540816307067871,400.0,9.800000190734863,6500.0,105625.0,0.6766666769981384,16.25,0.698630154132843,0.6000000238418579,0.5,0.10237660259008408,0.07129798829555511,37.365,20
-0.10656785245009133,-0.06262891347954655,-0.3318362148780681,-0.5701760749083895,-0.545872416895135,0.001051693650514932,-5.302864763656206,0.08492835076134454,-0.11877399621034627,-0.04038561574443902,-0.12295629839569022,0.0,-0.07552461932598127,-0.27866045100502723,-0.2502411787352944,-0.11473411461277717,-0.9944271393566202,-0.3138496743192382,-0.1146778414094736,-1.140474096945313,-0.6907289396131507,-0.5097138363287901,-0.47506876992280506,-0.08406950490526247,-0.16209461795534777,-0.33018736676850735,0.17720512746898284,0.23005592380121898,-0.9157921962927587,0.029361594141987676,20.0,58.0,42.0,325.0,0.49000000953674316,0.699999988079071,31.361000061035156,50.0,159.25,262.4245910644531,1.3809523582458496,1.0,0.007000000216066837,2.153846263885498,0.24009999632835388,2.040816307067871,5.783825397491455,159.25,1.540816307067871,400.0,9.800000190734863,6500.0,105625.0,0.6766666769981384,16.25,0.698630154132843,1.0,0.0,0.31501832604408264,0.06593406945466995,32.551,20
0.01661070705437108,0.03165890468285153,-0.14319828708268076,-0.6298785201993716,-0.6220780568242719,0.17234172596958136,-5.292843122279659,0.13819917242630508,-0.08708013167611732,-0.09786897489759162,-0.13492287090819316,0.0,0.27355861197298464,0.3005605503641129,-1.2687813002344457,-0.24451690815378815,-0.6096860776102161,-0.09603263484885524,-0.40160506048058914,-0.8908570564871218,-0.16704078364453892,-0.3981250103589922,-0.49160895789954573,-0.13332634489686873,-0.3799435634908629,-0.3764113322208839,0.7152895270782521,-0.08326583665355676,-0.48483982840381695,-0.4160860951823527,20.0,58.0,42.0,325.0,0.49000000953674316,0.6460000276565552,28.042999267578125,70.0,159.25,262.4245910644531,1.3809523582458496,1.0,0.006459999829530716,1.9876923561096191,0.24009999632835388,2.040816307067871,5.783825397491455,159.25,1.540816307067871,400.0,9.800000190734863,6500.0,105625.0,0.6766666769981384,16.25,0.698630154132843,0.5714285969734192,0.5,0.325411319732666,0.06581352651119232,28.922,20
-0.15218133254619692,-0.08088939023907524,-0.4224157191450188,-0.5910751066489407,-0.5412283483718134,0.03354637245292406,-7.0932768868553815,-0.0947189313433433,-0.10425822341471173,-0.06166216457209437,-0.13592356882764667,0.0,-0.09418420031498317,-0.40507137569795754,-0.2705388496734103,-0.12230961496061313,-0.7809508606112817,-0.30272493881604406,-0.1364223175806856,-1.1529664408057048,-0.8070058291373783,-0.519888207657223,-0.5278206274012309,-0.12056290015917331,-0.29216782904624217,-0.37897844461578756,-0.11930920163482636,-0.07120266126780038,-1.2868450730263687,-0.03490546756906745,20.0,58.0,42.0,325.0,0.49000000953674316,0.699999988079071,26.336999893188477,75.0,159.25,262.4245910644531,1.3809523582458496,1.0,0.007000000216066837,2.153846263885498,0.24009999632835388,2.040816307067871,5.783825397491455,159.25,1.540816307067871,400.0,9.800000190734863,6500.0,105625.0,0.6766666769981384,16.25,0.698630154132843,0.800000011920929,0.25,0.31501832604408264,0.014652014710009098,36.375,20
-0.10078698070872298,-0.07293964041988353,-0.26080669998441675,-0.6362105994963325,-0.4633065299410414,0.004253305136897854,-6.138763733576732,0.23249044260153756,-0.20456873747278156,0.050590343913590574,-0.10304179059367932,0.0,-0.08596980943055467,0.2703783865109311,-0.7647778897461206,-0.11331880821846303,-0.10468525559619256,-0.17581687468683688,-0.6643187425061685,-1.1731352890548163,-0.03827408227618833,-0.33685677892686855,-0.7936422890399336,-0.46993748602988394,-0.3187377959809902,-0.27965979664625584,-0.05503448518151096,-0.06922348481983989,-0.09297551200707552,-0.3985424907477844,20.0,58.0,42.0,325.0,0.5,0.6449999809265137,30.59000015258789,75.0,162.5,265.6745910644531,1.3809523582458496,1.0,0.0064500002190470695,1.9846153259277344,0.25,2.0,5.783825397491455,162.5,1.5,400.0,10.0,6500.0,105625.0,0.6904761791229248,16.25,0.6891891956329346,0.800000011920929,0.25,0.10256410390138626,0.15750916302204132,37.59,20
0.07017169460638713,-0.003643460794636794,-0.022166649144627234,-0.47022242603946335,-0.23104152276998136,0.03617040314231108,-2.548280456086597,-0.11843265913450986,0.03178859424681863,0.07409058929323889,-0.009785976539674803,0.0,-0.1360691872893768,-0.10123033953360516,-0.3272538524545073,-0.379632675931198,-0.8000159296589956,-0.36141207875363873,-0.9064726656787794,-1.106851661300778,-0.24291765875608,-0.387613807740355,-0.9562393409500319,-0.2810116292552204,-0.19236414785572262,-0.1956582356894229,-0.03614773478453098,-0.02020701559134028,-0.08141563643471862,-0.738964425887718,20.0,58.0,42.0,325.0,0.5,0.8500000238418579,33.93000030517578,200.0,162.5,265.6745910644531,1.3809523582458496,1.0,0.008500000461935997,2.615384578704834,0.25,2.0,5.783825397491455,162.5,1.5,400.0,10.0,6500.0,105625.0,0.6904761791229248,16.25,0.6891891956329346,0.824999988079071,0.5833333134651184,0.08974359184503555,0.21794871985912323,34.65,20
-0.11832759246138606,-0.06512791189461663,-0.14525754012897354,-0.6292722034048455,-0.4462653790703084,-0.06428124656520932,-5.164502839166556,-0.5678388827710666,-0.06107428270051085,0.0026445090317446414,-0.12132502188410889,0.0,-0.04078284214577222,-0.24516300058379561,-0.7659419784953015,-0.06408402901676089,-0.14800083884577314,0.09394309492553722,-0.784160705634495,-1.1601538914432636,-0.09113260214841067,-0.378965498590092,-0.8531208855250626,-0.5891337792777975,-0.37683636700944095,-0.20865441935802445,-0.20954800204341603,-0.014380952851951517,-0.5468074265990208,-0.5058685849716585,20.0,58.0,42.0,325.0,0.5,0.8999999761581421,28.65999984741211,200.0,162.5,265.6745910644531,1.3809523582458496,1.0,0.008999999612569809,2.769230842590332,0.25,2.0,5.783825397491455,162.5,1.5,400.0,10.0,6500.0,105625.0,0.6904761791229248,16.25,0.6891891956329346,0.875,0.4166666567325592,0.311355322599411,0.21794871985912323,34.22,20
-0.15267887993456933,-0.07883929266798223,-0.4882550520436741,-0.570807719213403,-0.5750933701058735,-0.07772073330615048,-6.670982238891506,0.11082671485712663,-0.12705815282863828,-0.04781983835649064,-0.14627467032098163,0.0,-0.06933715685597867,-0.10262970306702361,-0.45518909707872357,-0.18450703128349294,-0.892435503098513,-0.2503917002576427,-0.1888591739637719,-1.1284979394593828,-0.6678434254792789,-0.4993405653848886,-0.5660472001456988,-0.18054019902638407,-0.293134533353143,-0.3540809523000178,-0.2550323785296939,-0.14026471313502073,-1.0029931908217864,-0.06927467699419054,20.0,57.0,43.0,325.0,0.5,0.800000011920929,27.299999237060547,170.0,162.5,265.6745910644531,1.325581431388855,1.0,0.00800000037997961,2.461538553237915,0.25,2.0,5.783825397491455,162.5,1.5,400.0,10.0,6500.0,105625.0,0.6627907156944275,16.25,0.6891891956329346,0.8235294222831726,0.5,0.31501832604408264,0.06593406945466995,36.8,20
-0.10656785245009133,-0.012812248238072955,-0.4017505014404318,-0.542476159290145,-0.5121027932465333,-0.13592767361947977,-6.112105259767598,0.11699657773625853,-0.08813370623790921,0.02272517848643992,-0.10362385921755073,0.0,-0.061854864240082935,-0.16109397971557815,-0.4825302947535731,-0.09866850868389446,-0.9232198273065189,-0.25264796187268923,-0.15613167026489172,-1.126200598224913,-0.5659435704815796,-0.49815401607511706,-0.55892217047022,-0.06979294991654308,-0.1757767277104055,-0.22097948698158218,-0.12639920099534838,-0.11966131214433909,0.35281886939181234,0.1740424226322217,20.0,57.0,43.0,325.0,0.5,0.800000011920929,30.399999618530273,170.0,162.5,265.6745910644531,1.325581431388855,1.0,0.00800000037997961,2.461538553237915,0.25,2.0,5.783825397491455,162.5,1.5,400.0,10.0,6500.0,105625.0,0.6627907156944275,16.25,0.6891891956329346,0.8823529481887817,0.3333333432674408,0.1684981733560562,0.06593406945466995,36.7,20
-0.04996594876124978,-0.07939341932374498,-0.013422774977878965,0.07168032824876003,-0.3294711014849508,0.09073087681717609,-0.2536076171673247,0.25510850106248245,-0.04074261681840922,0.09174290893492118,-0.026967499862617504,0.0,0.13939742072385178,-0.46290581937999353,-0.17529598771897908,-0.03613589469226511,-0.11542192874501013,0.019557994886646262,-0.038825883229521754,-0.4550019672132199,-0.0749870647073798,-0.017405234532451064,-0.462944410615655,-0.26745521998190525,0.008501567896410626,0.23788482062556396,-0.2399819061141594,-0.2091968875035916,-0.9493746026840204,0.8358311242142813,25.0,60.0,40.0,375.0,0.4000000059604645,1.0,38.599998474121094,190.0,150.0,269.047607421875,1.5,1.0,0.009999999776482582,2.6666667461395264,0.1599999964237213,2.5,5.926926136016846,150.0,2.0,625.0,10.0,9375.0,140625.0,0.6000000238418579,15.0,0.796875,0.7894737124443054,0.6666666865348816,0.325411319732666,0.32358318567276,46.2,25
-0.07094774853834555,-0.02366847035714719,-0.1096727547909798,0.018920523195769135,0.0025931981773800157,-0.00982328453001284,-1.5518205795581383,0.027068080784935628,-0.00991798913547746,0.10073728059419235,-0.015675945142553233,0.0,0.006164318680291967,-0.2359299717884543,-0.16524143566993313,0.24832394959432458,-0.19231544346046237,0.20386845462677303,-0.08977129840363565,-0.5565697473469979,-0.5014634324490556,-0.11206098639320945,-0.406395585034325,0.08362360710068908,-0.06487031589972912,0.3521397261256717,-0.18593889643601866,-0.18862735779341647,0.08815930479674566,0.4051411116503328,25.0,58.0,42.0,375.0,0.38999998569488525,0.800000011920929,38.099998474121094,185.0,146.25,265.297607421875,1.3809523582458496,1.0,0.00800000037997961,2.133333444595337,0.15209999680519104,2.5641026496887207,5.926926136016846,146.25,2.0641026496887207,625.0,9.75,9375.0,140625.0,0.5385714173316956,15.0,0.8095238208770752,0.7837837934494019,0.6666666865348816,0.1684981733560562,0.30586081743240356,55.5,25
-0.0892381486374358,-0.03473275985416079,-0.07003141825628867,-0.0020114692285655563,-0.17092543672794966,0.010026529371419483,4.815815472048562,0.24649159561576664,-0.10315029287056901,-0.07962303073175395,0.010312256442105424,0.0,0.028365721222902908,-0.07592809479706782,-0.1827728582290545,-0.049604070367474155,-0.1235691484609344,0.04058226353857212,0.01432062307516978,-0.5421034489534498,-0.08957678617862304,-0.23288846474711267,-0.5237134767766095,0.016951916550955817,-0.1547195255927396,-0.13085740297401038,-0.048838429644462,-0.05854392917344513,1.0743297889867989,0.8298614765176765,25.0,58.0,42.0,380.0,0.41999998688697815,0.8999999761581421,44.63999938964844,180.0,159.60000610351562,280.23492431640625,1.3809523582458496,1.0,0.008999999612569809,2.3684210777282715,0.17640000581741333,2.3809523582458496,5.940171241760254,159.60000610351562,1.8809523582458496,625.0,10.5,9500.0,144400.0,0.5799999833106995,15.199999809265137,0.7727272510528564,0.8055555820465088,0.5833333134651184,0.007326007355004549,0.31501832604408264,57.4,25
-0.10243625575794724,0.04086742489442741,0.04364297507996914,-0.17568007419872753,-0.10346437264403385,-0.08708011040104542,4.3138541301514985,-0.27066709819488094,-0.1635950764313152,-0.06980905348606739,-0.03653664252536653,0.0,-0.09623141938734651,0.01746157295324996,-0.1218602237248707,0.055488993878902174,-0.1300022598026095,0.003913031624385497,0.03978656935642502,-0.3445327270044104,-0.29196569577249626,-0.03523156974490131,-0.6020638201939197,0.11984122628687253,-0.5327153862703424,-0.05896790020228805,0.11352781068878712,-0.3243081996451869,0.23265322609413475,0.6261078219706002,25.0,58.0,42.0,380.0,0.4000000059604645,0.8999999761581421,43.349998474121094,200.0,152.0,272.6349182128906,1.3809523582458496,1.0,0.008999999612569809,2.3684210777282715,0.1599999964237213,2.5,5.940171241760254,152.0,2.0,625.0,10.0,9500.0,144400.0,0.5523809790611267,15.199999809265137,0.796875,0.699999988079071,1.0,0.1736745834350586,0.3363802433013916,61.1,25
-0.09269812065624389,-0.04976057106996756,-0.12426855895030733,0.0006041731578655645,-0.18197614738849405,0.057874972115303694,5.0210150728526415,0.392096863913739,0.018464806744965947,-0.028116816757831266,0.0199925437682063,0.0,0.39402235755302667,-0.35910495444472224,-0.05659461384663122,0.0060516113981834065,-0.14106352919222445,0.0020104853358504744,0.08737568740332712,-0.4150975353704414,0.12276927930044615,-0.2469454842190756,-0.46589458822998986,0.3556535552725395,-0.07763271051294277,-0.044012098112901146,0.2004958541282022,0.8896955529137796,0.8395648666469744,1.320804540794994,25.0,58.0,42.0,385.0,0.4000000059604645,1.0,45.060001373291016,190.0,154.0,276.22222900390625,1.3809523582458496,1.0,0.009999999776482582,2.597402572631836,0.1599999964237213,2.5,5.953243255615234,154.0,2.0,625.0,10.0,9625.0,148225.0,0.5523809790611267,15.399999618530273,0.796875,0.5789473652839661,1.3333333730697632,0.007326007355004549,0.31501832604408264,60.2,25
-0.04113524287059219,0.016691239302233655,-0.1264278680660352,0.07333196073435087,-0.26958274448607716,0.34189848073542417,3.4738205166043805,0.17255983766335975,0.01235502490675275,-0.20021216148374874,0.03506930394817463,0.0,0.3604862921996913,-0.03098937614293969,-0.24231048574048247,-0.09139143561725682,-0.19108718764358082,-0.22825255352045584,-0.07302707863541308,-0.5558410791149367,-0.35796103078659636,-0.11792505569951714,-0.4267532727621813,0.0916313876340766,0.09410896931081837,-0.3323977522232833,-0.21069697765002435,-0.26161161885561474,0.12909885962158435,0.36201826783023205,25.0,58.0,42.0,375.0,0.41999998688697815,1.0,42.400001525878906,190.0,157.5,276.547607421875,1.3809523582458496,1.0,0.009999999776482582,2.6666667461395264,0.17640000581741333,2.3809523582458496,5.926926136016846,157.5,1.8809523582458496,625.0,10.5,9375.0,140625.0,0.5799999833106995,15.0,0.7727272510528564,0.7368420958518982,0.8333333134651184,0.10256410390138626,0.30586081743240356,55.7,25
-0.03985952662640383,0.016912329931290587,-0.016105774267507037,0.044642360833354995,-0.34390229302421965,0.3503623302310059,5.449864440030139,-0.058438797772462435,-0.021625004300245377,-0.12369450198071329,0.03229838007137583,0.0,0.3555714199792084,0.18814698044684972,-0.24052856414677687,-0.07694613983106774,-0.23160823066532055,-0.1766257770732829,-0.020711642084222034,-0.5573473793843826,-0.37632292651255855,-0.1431692349664901,-0.3749991504916599,0.07220465551706041,0.08434685918976695,-0.31183053440223274,0.1325546687843736,-0.020414511390604028,3.383563515175906,0.5327302481867819,25.0,58.0,42.0,375.0,0.41999998688697815,1.0,45.20000076293945,195.0,157.5,276.547607421875,1.3809523582458496,1.0,0.009999999776482582,2.6666667461395264,0.17640000581741333,2.3809523582458496,5.926926136016846,157.5,1.8809523582458496,625.0,10.5,9375.0,140625.0,0.5799999833106995,15.0,0.7727272510528564,0.7179487347602844,0.9166666865348816,0.009157509543001652,0.30586081743240356,57.3,25
-0.054536561085295567,0.00928942758301012,-0.22046902088652257,0.02742697472931019,-0.13368613258469075,-0.05363352972644406,6.688099786441299,0.13320095468092835,-0.0691277910841786,0.03756834094815346,-0.10439544264103248,0.0,-0.09206011776301183,-0.053417611027591315,-0.2592654566191315,0.00918510780790995,-0.2346332803214979,-0.1588712479738835,-0.06321029110476131,-0.564046778331106,-0.6189882826348848,-0.18193116322996233,-0.5303441045984553,0.0007904062703254252,-0.05301173373290381,-0.3398655851344533,-0.25765614365026934,-0.09373912472986104,0.44960005054690705,0.5333653495370708,25.0,58.0,42.0,375.0,0.4099999964237213,0.8999999761581421,48.70000076293945,185.0,153.75,272.797607421875,1.3809523582458496,1.0,0.008999999612569809,2.4000000953674316,0.1680999994277954,2.4390244483947754,5.926926136016846,153.75,1.9390244483947754,625.0,10.25,9375.0,140625.0,0.5661904811859131,15.0,0.7846153974533081,0.8648648858070374,0.4166666567325592,0.20695970952510834,0.30586081743240356,60.7,25
-0.09907773516446765,-0.09001794441403782,-0.13372407541687284,-0.07049774069762238,-0.2831691696785346,0.11464831552593936,8.931921531442187,0.006763590057421454,-0.10975629849142904,0.10482071556940621,-0.007478827663824975,0.0,0.4378737696797533,-0.10632040832022605,-0.0834733953409624,0.07602924911553477,-0.22865339854371994,-0.11703964725548552,0.007609455177384066,-0.4893218419845485,-0.0857504510975575,-0.2734522724532167,-0.5183801928969866,0.15463162520679444,0.32877003438671937,-0.10573500667259789,-0.2882745616471418,-0.05518307205810298,-1.0153664034404841,-0.3921834390940815,25.0,58.0,42.0,375.0,0.4099999964237213,1.0,49.599998474121094,190.0,153.75,272.797607421875,1.3809523582458496,1.0,0.009999999776482582,2.6666667461395264,0.1680999994277954,2.4390244483947754,5.926926136016846,153.75,1.9390244483947754,625.0,10.25,9375.0,140625.0,0.5661904811859131,15.0,0.7846153974533081,0.8684210777282715,0.4166666567325592,0.311355322599411,0.15750916302204132,52.7,25
-0.022721795644429377,0.06357836611882707,-0.07200613790072799,0.09390747561096427,-0.22443712536699367,0.12320173363561614,9.061492793798626,-0.3919905852062631,-0.02827886394462969,0.036765100828744166,-0.08492001793246638,0.0,0.14117343615528374,-0.30663994616301615,-0.15873905208763875,0.013255546420551058,-0.11452188182676151,-0.10174537862582331,-0.0054689742279535845,-0.43968615211080747,-0.15229769378889862,0.07054409077777712,-0.4523832377799621,0.21982554518019504,0.07592540046500838,0.14248215668641412,-0.2484234827854897,-0.18428746601978047,-1.0589102705387023,-0.2483851170325555,25.0,58.0,42.0,375.0,0.4000000059604645,1.0,48.70000076293945,200.0,150.0,269.047607421875,1.3809523582458496,1.0,0.009999999776482582,2.6666667461395264,0.1599999964237213,2.5,5.926926136016846,150.0,2.0,625.0,10.0,9375.0,140625.0,0.5523809790611267,15.0,0.796875,0.75,0.8333333134651184,0.325411319732666,0.07129798829555511,51.0,25
-0.10160178165185073,-0.06362563393900092,-0.21899845168818663,0.06571804647659256,-0.48031995193385635,0.27098597080488745,-4.523012827639571,-0.05296739439791027,0.03643828661358722,-0.006257581707369361,-0.10089271871760744,0.0,0.299145438325826,-0.014096089259460792,-0.2910201469611505,-0.09847163235925391,-0.26347295033773926,-0.27722214581136584,-0.13491186633200153,-0.5369598608431821,-0.41743580752547316,-0.12477394411769926,-0.5460699300490688,0.0704356266707941,-0.13475626332292118,-0.3244928427993485,0.19498871055873415,0.25729379401424773,0.5562285786942667,-0.10146656223136952,25.0,58.0,42.0,375.0,0.41999998688697815,1.0,34.0,180.0,157.5,276.547607421875,1.3809523582458496,1.0,0.009999999776482582,2.6666667461395264,0.17640000581741333,2.3809523582458496,5.926926136016846,157.5,1.8809523582458496,625.0,10.5,9375.0,140625.0,0.5799999833106995,15.0,0.7727272510528564,1.1111111640930176,-0.3333333432674408,0.20695970952510834,0.17032967507839203,45.3,25
-0.039329142989175205,0.004367317423435376,-0.21529589611479052,0.07890143128157354,0.04880726513619846,0.2628516978873117,2.5744018860571347,0.014646545398332687,-0.06882403630341256,0.2712285045348366,-0.06416833033922238,0.0,0.33642824773001945,-0.23850254051599784,-0.21908348022157198,0.058075407157951564,-0.2298503688897313,0.031913424016072174,-0.07838396780545422,-0.5491510079002838,-0.7221481936601853,-0.1326021689111106,-0.4180628399617467,0.0387039634708747,-0.11083379330444035,-0.35327065334680113,-0.09178555997760875,0.3958066464766339,0.5086817181240991,-0.034052531188910946,25.0,58.0,42.0,375.0,0.4050000011920929,1.0,41.70000076293945,190.0,151.875,270.922607421875,1.3809523582458496,1.0,0.009999999776482582,2.6666667461395264,0.16402499377727509,2.4691357612609863,5.926926136016846,151.875,1.9691357612609863,625.0,10.125,9375.0,140625.0,0.5592857003211975,15.0,0.7906976938247681,1.0526316165924072,-0.1666666716337204,0.20695970952510834,0.17032967507839203,53.0,25
-0.1509550548796054,-0.063332756861369,-0.1925254149270972,-0.007546407912932371,-0.2796498412018936,0.07226349418481343,-0.7076218717139386,-0.348478612475163,0.006308148346313201,0.11418648201437841,-0.010105023284965335,0.0,0.506598994834468,-0.024271110397987124,-0.02542056929137286,0.09502127317345607,-0.1527880627081829,0.13191703023462284,0.011712061229537512,-0.4620159004984004,-0.01636581967751172,-0.14110178673326587,-0.4392376997148164,0.27991966400729906,0.12056417131799031,0.0290599849933327,-0.14535640240255407,-0.15523749408123869,0.28273526598062265,-0.3173865691419718,25.0,58.0,42.0,375.0,0.4000000059604645,1.0,38.599998474121094,200.0,150.0,269.047607421875,1.3809523582458496,1.0,0.009999999776482582,2.6666667461395264,0.1599999964237213,2.5,5.926926136016846,150.0,2.0,625.0,10.0,9375.0,140625.0,0.5523809790611267,15.0,0.796875,0.8999999761581421,0.3333333432674408,0.16300366818904877,0.07326007634401321,45.5,25
-0.1106736272744727,-0.06194745847417016,-0.1749489945696399,-0.018033402190892688,-0.29279612455516507,0.13773684070846107,-1.729855829777971,0.30233216684201886,-0.16412091213826555,0.11287327080946373,-0.10378958599750762,0.0,0.6404309095685414,0.012815549948996165,-0.1453770756380979,0.02395674919072123,-0.15470271794200452,0.048018926707103705,0.006359251517681797,-0.4526656268025506,-0.19745780882991934,-0.1448525870076743,-0.4553379200685817,0.170289697827205,0.1761182013817727,-0.19151060215983268,-0.03255778446507096,0.18529316961979847,0.2364966456729515,-0.225232517870999,25.0,58.0,42.0,375.0,0.41999998688697815,1.0,37.79999923706055,145.0,157.5,276.547607421875,1.3809523582458496,1.0,0.009999999776482582,2.6666667461395264,0.17640000581741333,2.3809523582458496,5.926926136016846,157.5,1.8809523582458496,625.0,10.5,9375.0,140625.0,0.5799999833106995,15.0,0.7727272510528564,0.9655172228813171,0.0833333358168602,0.16300366818904877,0.15750916302204132,45.5,25
-0.105798611653313,0.06039864321656526,-0.13104222509737995,0.01627972831285779,-0.30346259727636954,0.09134031248892704,-7.8907586254704585,0.299855802844274,-0.03340650410634696,0.20756540761122935,-0.14197647328662802,0.0,0.1852990371595388,-0.1741229487969155,-0.05233099177157618,-0.193080851652725,-0.19115454026649673,-0.0567337093572703,-0.04268449191896928,-0.41088773704931414,-0.2114877551675767,-0.09972811381418578,-0.6188373245430626,0.169450598192028,-0.04855020194578576,-0.19881471048068847,-0.39830065253911484,-0.09373712887316633,-0.6990132833003015,-0.33222028324196184,25.0,58.0,42.0,375.0,0.41999998688697815,1.0,26.399999618530273,190.0,157.5,276.547607421875,1.3809523582458496,1.0,0.009999999776482582,2.6666667461395264,0.17640000581741333,2.3809523582458496,5.926926136016846,157.5,1.8809523582458496,625.0,10.5,9375.0,140625.0,0.5799999833106995,15.0,0.7727272510528564,0.8947368264198303,0.3333333432674408,0.325411319732666,0.13711151480674744,37.9,25
-0.09745546934681588,-0.05747426276403544,-0.23530686648063273,0.017641097379907354,0.033245671459223976,0.15744253202040176,-7.5261069573913915,-0.1401972001057422,0.004969239932840117,0.16162526793557777,-0.1368096905649236,0.0,0.2963879429655485,-0.1564719594701021,-0.2173783917826627,0.10398658207380636,-0.2173365606219497,0.09461151003290068,-0.0788495805358879,-0.5422780945374206,-0.7484803021331403,-0.23818036560015424,-0.4533771696530046,0.0003661282843524884,-0.2283632906889901,-0.3222279804224441,-0.0689223968074515,-0.18382274665238243,-0.7456907733372778,-0.18432848727973936,25.0,58.0,42.0,375.0,0.4000000059604645,1.0,30.200000762939453,200.0,150.0,269.047607421875,1.3809523582458496,1.0,0.009999999776482582,2.6666667461395264,0.1599999964237213,2.5,5.926926136016846,150.0,2.0,625.0,10.0,9375.0,140625.0,0.5523809790611267,15.0,0.796875,0.8999999761581421,0.3333333432674408,0.31501832604408264,0.06227106228470802,38.8,25
-0.03876568592601409,0.0460200650725951,-0.10121468777070737,0.07752622504551242,-0.3149503210525212,0.24212058750101306,-1.7285585360593998,0.29169522378141627,-0.10615728179895902,0.13425224567560615,-0.061247234968200163,0.0,0.3189886751865943,-0.16827221766587386,-0.13826322234744895,-0.14567550445099528,-0.11566634226147426,-0.23258685350774855,-0.032328667155661114,-0.45335564539200285,-0.16816739609615478,-0.11128229180317957,-0.547843310822939,0.29956481204955265,0.025485162798264845,-0.16933641255950066,0.36957717110339877,0.3596489194692061,0.5952287494419214,-0.15727681208678082,25.0,58.0,42.0,375.0,0.4099999964237213,1.0,37.5,170.0,153.75,272.797607421875,1.3809523582458496,1.0,0.009999999776482582,2.6666667461395264,0.1680999994277954,2.4390244483947754,5.926926136016846,153.75,1.9390244483947754,625.0,10.25,9375.0,140625.0,0.5661904811859131,15.0,0.7846153974533081,1.058823585510254,-0.1666666716337204,0.1681901216506958,0.054844606667757034,47.1,25
-0.12960734371050325,-0.06671401838235039,-0.1591217695935324,-0.031130001002918923,-0.24878199924755806,-0.028252520260445196,4.233709806267286,0.23565975137207312,-0.10926012883762914,0.01932713218906308,-0.061256001426447756,0.0,-0.05675700908150044,0.014989912234458015,-0.18260809543156734,-0.030763079775103633,-0.1688428927756243,-0.006482163273114481,0.0050933209308468945,-0.5965209524561218,-0.15952706453181725,-0.2514786244046671,-0.47256857897304344,-0.027325626580839635,0.1813405117936497,-0.08230671870907981,0.10615559249692924,-0.025684350826411163,0.3999167631517124,0.8313084963436177,25.0,58.0,42.0,375.0,0.41999998688697815,0.800000011920929,43.79999923706055,180.0,157.5,276.547607421875,1.3809523582458496,1.0,0.00800000037997961,2.133333444595337,0.17640000581741333,2.3809523582458496,5.926926136016846,157.5,1.8809523582458496,625.0,10.5,9375.0,140625.0,0.5799999833106995,15.0,0.7727272510528564,1.0,0.0,0.21978022158145905,0.31501832604408264,47.7,25
-0.06127397478905339,-0.0457735521574374,-0.1015802455260225,-0.1567319281073776,0.2148428582075717,0.007789413104822121,8.203472665999092,-0.5425335661494007,-0.0925687365750175,0.04051044782334138,0.02258255274416918,0.0,0.23862187610899926,-0.07905314566490265,-0.03802980759734298,0.040162573736765704,-0.21816163188721185,0.029541117646976284,0.0018540995743470724,-0.45519683445382786,-0.004766139686348466,-0.331375644468539,-0.45396194225682535,0.3280927541840269,0.2415393587297692,0.02562081726642325,-0.19320133684308977,0.29118639024464915,-0.2449196756288716,1.4122885506984535,25.0,58.0,42.0,375.0,0.38499999046325684,1.0,51.0,200.0,144.375,263.422607421875,1.3809523582458496,1.0,0.009999999776482582,2.6666667461395264,0.14822499454021454,2.597402572631836,5.926926136016846,144.375,2.097402572631836,625.0,9.625,9375.0,140625.0,0.5316666960716248,15.0,0.8159999847412109,0.6499999761581421,1.1666666269302368,0.09340659528970718,0.31501832604408264,57.0,25
-0.040397003789716945,0.009178709540047472,-0.20952733622918934,0.05928129846312099,-0.4323064821982187,0.2536097367144678,7.133456081939815,0.19140162652399187,0.08573370343006767,-0.12494734854994531,-0.12117522938916764,0.0,0.37219535328981274,-0.05858378376935671,-0.23076824585768502,-0.10860859558968214,-0.22741510139276447,-0.19316172364988085,-0.02686183809667654,-0.5592839758600191,-0.32848450438079335,-0.17350515675088304,-0.4408861534846134,0.05498844597706182,0.08088568395434251,-0.3471605530565945,-0.2655962533595125,-0.16961788281228798,-0.008951874068117077,-0.3630876686873478,25.0,58.0,42.0,375.0,0.41999998688697815,1.0,50.0,160.0,157.5,276.547607421875,1.3809523582458496,1.0,0.009999999776482582,2.6666667461395264,0.17640000581741333,2.3809523582458496,5.926926136016846,157.5,1.8809523582458496,625.0,10.5,9375.0,140625.0,0.5799999833106995,15.0,0.7727272510528564,0.8125,0.5,0.10256410390138626,0.17032967507839203,57.2,25
-0.03662414003177124,0.057148362757002955,-0.02110430758507681,0.0862490054894266,-0.271145847430545,0.2901200006120778,1.0937223634301634,0.026568983263641145,0.09564758327031522,0.06111983026896906,-0.06058350246421365,0.0,0.40356097745804614,-0.18696290604395374,-0.011246921062524623,-0.19595867647587148,-0.09287885246704326,-0.028696282912536283,-0.012985747324096119,-0.4045753616748175,-0.17293569781025747,-0.18476495819969277,-0.6319370106191329,0.18245757910056773,0.0921185932931153,-0.13728877624508024,-0.15996597213193403,-0.01091841825477628,2.1616069076974473,-0.21233072152233354,25.0,58.0,42.0,375.0,0.41999998688697815,1.0,40.20000076293945,160.0,157.5,276.547607421875,1.3809523582458496,1.0,0.009999999776482582,2.6666667461395264,0.17640000581741333,2.3809523582458496,5.926926136016846,157.5,1.8809523582458496,625.0,10.5,9375.0,140625.0,0.5799999833106995,15.0,0.7727272510528564,1.0,0.0,0.007312614470720291,0.13711151480674744,49.6,25
-0.14693852145426567,-0.09193563908898941,-0.10935202406797048,-0.0655207395463761,-0.3545464911455729,0.029730244968789,8.871011310218375,0.1253987025417245,-0.029311713376979118,-0.06688112321342495,0.042163721064048074,0.0,0.27879620763423363,-0.15217173558000366,-0.049333221721593906,-0.009023778540583345,-0.13138271090476478,0.045670772993221635,-0.011863594001931585,-0.45329161636259896,-0.09424920137103233,-0.22130109060654624,-0.4478921301513427,0.14490696865323,0.380309077186298,-0.04384290594128487,-0.32145734213594973,-0.1408809306160643,0.09444999938697123,0.7720382066097756,25.0,58.0,42.0,375.0,0.4000000059604645,1.0,50.20000076293945,190.0,150.0,269.047607421875,1.3809523582458496,1.0,0.009999999776482582,2.6666667461395264,0.1599999964237213,2.5,5.926926136016846,150.0,2.0,625.0,10.0,9375.0,140625.0,0.5523809790611267,15.0,0.796875,0.9210526347160339,0.25,0.010989011265337467,0.31501832604408264,53.6,25
-0.1486769467321175,-0.03757467987812625,-0.10871462951677656,-0.03977383122944278,-0.3236727224731633,0.013593777719885703,-2.475673047696484,0.239998027683505,-0.09049960002548707,0.08617681494449272,-0.05848652218803241,0.0,0.30271667819314624,-0.18851248919163677,-0.020227342172143763,0.04461087237605328,-0.1592868787493653,0.1522995366284138,-0.004621228536652081,-0.4275028170232611,0.011872652860689972,-0.13669577141201553,-0.42256279552101145,0.3231482927741235,0.21505127449725803,0.07850737042611088,-0.06954860480905589,-0.10784465906880321,-0.025111191856771416,0.6643823913413667,25.0,58.0,42.0,375.0,0.4000000059604645,1.0,36.400001525878906,190.0,150.0,269.047607421875,1.3809523582458496,1.0,0.009999999776482582,2.6666667461395264,0.1599999964237213,2.5,5.926926136016846,150.0,2.0,625.0,10.0,9375.0,140625.0,0.5523809790611267,15.0,0.796875,0.8157894611358643,0.5833333134651184,0.02747252769768238,0.31501832604408264,46.5,25
-0.07276239871907476,-0.05996289624171546,-0.07352521451873903,0.1289718657077548,-0.23087225317293092,0.1381094716996403,-4.205540357085514,-0.032454501989475415,-0.14047187727344457,-0.032148035928146815,-0.03898448493533406,0.0,0.3886212432420888,0.0679737537422082,-0.18094475580462754,0.07106335953970293,-0.09518987161444845,-0.20541400835904416,-0.1106796148759259,-0.46443602589261335,-0.22307843273500333,-0.2082389615866275,-0.4132627808418288,-0.025097652920977792,0.003129668874052635,-0.10305079963978973,0.09037660062610962,0.24515077876989083,0.3166087731458491,0.3586459002827479,25.0,58.0,42.0,375.0,0.4099999964237213,1.0,34.900001525878906,190.0,153.75,272.797607421875,1.3809523582458496,1.0,0.009999999776482582,2.6666667461395264,0.1680999994277954,2.4390244483947754,5.926926136016846,153.75,1.9390244483947754,625.0,10.25,9375.0,140625.0,0.5661904811859131,15.0,0.7846153974533081,0.9736841917037964,0.0833333358168602,0.012820512987673283,0.05677655711770058,43.3,25
-0.05879571446075767,0.04195204787112031,-0.07126988924922549,0.07621666323023615,-0.6574406127665731,0.06802770053674319,-1.5494733825336386,0.23857121387521268,0.19713733220184315,0.003955509268010485,-0.049253120919814194,0.0,0.0458430639958869,-0.15661169252476534,-0.44969438269373185,-0.23692993788816152,-0.12803867187580506,-0.0747685752041304,-0.4425541367059085,-0.560089015699833,-0.17845753956740779,-0.1965678223335854,-0.6305905010680656,-0.1432402691868376,0.05435384501044452,-0.29853727859214957,0.10537090433587129,0.2525963448683894,0.3899535290427182,-0.24997898359190213,25.0,58.0,42.0,370.0,0.44999998807907104,0.8999999761581421,37.400001525878906,170.0,166.5,283.9603271484375,1.3809523582458496,1.0,0.008999999612569809,2.4324324131011963,0.20250000059604645,2.222222328186035,5.913503170013428,166.5,1.7222222089767456,625.0,11.25,9250.0,136900.0,0.6214285492897034,14.800000190734863,0.739130437374115,1.0,0.0,0.1681901216506958,0.13711151480674744,43.8,25
-0.15338066703199696,-0.08208541749336377,-0.015102312944795809,-0.06376409304275468,-0.05053668702692634,0.13995862190807296,-3.7149830888316417,-0.3090313789613825,-0.16520146662237195,0.07278679754476165,-0.0083131837909686,0.0,0.28645181873410674,0.0969426457309807,-0.29984262751415947,0.07667198110523532,-0.06431740268196413,-0.18551972573235329,-0.021701588607631585,-0.3202939425978314,-0.2948483063851085,-0.020129282298818503,-0.73257075045843,0.17372205809458408,-0.2971657439631737,-0.16326892531331913,-0.2237143189045969,-0.0844394263405628,0.3004729332382102,-0.08416034296817654,25.0,58.0,42.0,370.0,0.41999998688697815,1.0,34.70000076293945,200.0,155.39999389648438,272.8603210449219,1.3809523582458496,1.0,0.009999999776482582,2.702702760696411,0.17640000581741333,2.3809523582458496,5.913503170013428,155.39999389648438,1.8809523582458496,625.0,10.5,9250.0,136900.0,0.5799999833106995,14.800000190734863,0.7727272510528564,0.949999988079071,0.1666666716337204,0.1736745834350586,0.0786106064915657,41.89,25
-0.11720129148464103,-0.05005466506177826,-0.02174136908195199,0.03017455635003671,-0.3353880414939035,0.2292142986910213,-4.489817464516734,0.3058209464629133,-0.11055558066711559,-0.05035116283371384,-0.06524977372767685,0.0,0.2875401876859294,0.13250383630474827,-0.39972924251183745,-0.10796026948340033,-0.11849370392622238,-0.1392715164230192,-0.2665889445101181,-0.29826795067425815,0.17653685733774266,-0.13847712975618445,-0.8417855642476457,-0.31469196124966065,-0.06512742907365561,-0.1621242007918322,-0.09919077654847996,-0.06716387368820259,0.3853168554153061,-0.20747991825000806,25.0,58.0,42.0,360.0,0.4699999988079071,1.0,33.20000076293945,180.0,169.1999969482422,283.4857177734375,1.3809523582458496,1.0,0.009999999776482582,2.777777671813965,0.22089999914169312,2.127659559249878,5.886104106903076,169.1999969482422,1.627659559249878,625.0,11.75,9000.0,129600.0,0.6490476131439209,14.399999618530273,0.7183098793029785,0.9444444179534912,0.1666666716337204,0.1736745834350586,0.14259597659111023,40.2,25
-0.023468602568028286,0.04667233475285546,-0.06672895099121748,-0.3029616921991647,-0.5655677266696697,0.004420104961298014,-6.079585539360838,0.35142507646526916,0.15615346806227023,0.11768641593248598,-0.0971715857708332,0.0,-0.036098083995946634,-0.3119667549714027,-0.4026059123987454,-0.2430960108366487,-0.14829528729749933,0.07490097333177095,-0.3431535365584536,-0.5423395046271268,-0.3363847367161528,0.01261995822302296,-0.5139235403912922,-0.07419333225818385,0.014850334711271115,-0.3904889887550136,-0.1611602545924287,0.3518054172651928,0.2153397841721954,-0.30176099614471313,25.0,58.0,42.0,360.0,0.44999998807907104,0.8999999761581421,30.200000762939453,190.0,162.0,276.28570556640625,1.3809523582458496,1.0,0.008999999612569809,2.5,0.20250000059604645,2.222222328186035,5.886104106903076,162.0,1.7222222089767456,625.0,11.25,9000.0,129600.0,0.6214285492897034,14.399999618530273,0.739130437374115,0.6578947305679321,1.0833333730697632,0.1681901216506958,0.07129798829555511,38.1,25
0.03096523485467225,0.046128759741515916,-0.08934946916337191,-0.6595949237321943,-0.577647004341107,0.05944079064530562,-6.526561990956458,0.15067855356231363,0.1999164475183132,-0.03648179583761703,-0.1028277126132427,0.0,0.040365630626775964,-0.25507334370153734,-0.49146920620693174,-0.21295147257424596,-0.44294046794657127,-0.11491701880183618,-0.4383410925323882,-0.5126899223942258,-0.061850634333792155,-0.1403865557193746,-0.5429321933685196,0.0035245359512436672,0.08978452800775931,-0.3381667119982247,0.12518505371859934,0.29489908844400164,0.4866703395337876,-0.2156657534244041,25.0,58.0,42.0,350.0,0.4699999988079071,0.8999999761581421,30.700000762939453,170.0,164.5,275.6111145019531,1.3809523582458496,1.0,0.008999999612569809,2.5714285373687744,0.22089999914169312,2.127659559249878,5.857933044433594,164.5,1.627659559249878,625.0,11.75,8750.0,122500.0,0.6490476131439209,14.0,0.7183098793029785,1.0,0.0,0.1681901216506958,0.13711151480674744,38.2,25
0.08799407295943161,-0.0564819091543653,-0.12307357085553483,-0.504053690710682,-0.2688501915488607,0.050754664722363355,-6.691630515166869,0.4074265917760885,0.11381703739099087,0.049219519336223067,-0.08108964845033613,0.0,0.16776340407887116,0.10705906160596215,-0.30828845494334756,-0.33424700257265344,-0.7222273884857351,-0.11439021982167692,-0.3086006656020266,-0.3823065332964678,-0.07617866836911247,-0.17773965234821493,-0.4482229287992972,-0.14812876086875545,0.09574528456533304,-0.21763236008724984,-0.2806940439577876,-0.14732045787858794,0.33567002620906833,-0.20236025815630623,25.0,58.0,42.0,350.0,0.4699999988079071,1.0,30.200000762939453,180.0,164.5,275.6111145019531,1.3809523582458496,1.0,0.009999999776482582,2.857142925262451,0.22089999914169312,2.127659559249878,5.857933044433594,164.5,1.627659559249878,625.0,11.75,8750.0,122500.0,0.6490476131439209,14.0,0.7183098793029785,0.9444444179534912,0.1666666716337204,0.1684981733560562,0.07692307978868484,39.6,25
-0.15343204535332805,-0.009755120292353203,-0.3352729519773917,-0.5664301326307332,-0.5058422094777459,0.1374020277888324,-7.67886107156627,-0.08369671983602206,-0.012454223228202154,0.20744641263602262,-0.05245877172483177,0.0,0.2918107838886823,0.04411323779901245,-0.2025368230040896,-0.09851152476224906,-0.6562895273549305,-0.198099593521741,-0.12762182675840328,-0.48258299218150075,-0.2602283024099247,-0.21228372445215415,-0.5852522650440816,-0.05996204933754265,0.25515607949740543,-0.36111317298460477,-0.048288696868119006,-0.20102371471025782,0.15535222129365894,-0.07047967301047606,25.0,58.0,42.0,350.0,0.44999998807907104,1.0,27.899999618530273,170.0,157.5,268.6111145019531,1.3809523582458496,1.0,0.009999999776482582,2.857142925262451,0.20250000059604645,2.222222328186035,5.857933044433594,157.5,1.7222222089767456,625.0,11.25,8750.0,122500.0,0.6214285492897034,14.0,0.739130437374115,1.0,0.0,0.1684981733560562,0.30586081743240356,35.0,25
0.0334804608363913,0.0708817183488318,-0.12476558140898691,-0.7360449490964085,-0.7421701186915122,0.06213461662889957,-2.825591169088091,0.2771723579994952,0.0794205377196375,-0.08985412261013921,-0.06177314832786682,0.0,0.21396754532578607,-0.3686155122678463,-0.5694969037718731,-0.2452530615129823,-0.5158964468581292,-0.09267069671840433,-0.41166364360365304,-0.5164907244975636,-0.20823872618361813,-0.0820364339874014,-0.7189326428032261,-0.14648281359314638,0.08288486970070584,-0.3779813289374342,-0.18685893460685413,-0.09979558317316717,0.367618168831459,0.6133187957932551,25.0,58.0,42.0,350.0,0.44999998807907104,1.0,36.099998474121094,190.0,157.5,268.6111145019531,1.3809523582458496,1.0,0.009999999776482582,2.857142925262451,0.20250000059604645,2.222222328186035,5.857933044433594,157.5,1.7222222089767456,625.0,11.25,8750.0,122500.0,0.6214285492897034,14.0,0.739130437374115,0.8684210777282715,0.4166666567325592,0.20658135414123535,0.32358318567276,43.9,25
-0.09582401271015742,-0.08938159922694605,-0.02586402637443259,-0.19010591272852106,-0.14890142816214033,-0.06331363158541403,-7.289543949440189,0.2747619460146418,-0.062438489874285054,-0.018927540272485083,-0.09382803783385138,0.0,-0.11031144002544295,-0.11047776620121486,-0.15949657115560412,0.06868710644107263,-0.09103164448141271,0.060644220907294204,0.030351706965321308,-0.32119701750114127,-0.32938091037137834,-0.042025500877289394,-0.7350125691486481,-0.03975051804016731,-0.4660797766304481,-0.04127385563508459,-0.2000888455524311,-0.12450831538198714,0.24029242323092503,-0.1499570800470604,25.0,58.0,42.0,375.0,0.4000000059604645,0.8999999761581421,30.09000015258789,180.0,150.0,269.047607421875,1.3809523582458496,1.0,0.008999999612569809,2.4000000953674316,0.1599999964237213,2.5,5.926926136016846,150.0,2.0,625.0,10.0,9375.0,140625.0,0.5523809790611267,15.0,0.796875,0.9166666865348816,0.25,0.10054844617843628,0.01279707532376051,38.81,25
-0.132962261468536,-0.09564008593952042,-0.18591894337560483,-0.014226464320952703,-0.2997170132964171,-0.04342435145853877,-6.256847543752205,0.02513191013056613,-0.14104582114737557,0.07087059359009516,-0.13432242450040294,0.0,-0.07528999978973784,-0.2829941153352901,-0.2043237537125834,-0.01435659569231049,-0.17918779992700085,0.1264211228429519,-0.06090964353887586,-0.4555149546750667,-0.1493222648202266,-0.14353609968998415,-0.5107183535741223,0.1350984415697513,0.1353582471887079,-0.16515851882919497,-0.11773833543695422,-0.05921166873775959,0.41046341416897947,0.02247213260778306,25.0,58.0,42.0,375.0,0.41999998688697815,0.8999999761581421,31.899999618530273,185.0,157.5,276.547607421875,1.3809523582458496,1.0,0.008999999612569809,2.4000000953674316,0.17640000581741333,2.3809523582458496,5.926926136016846,157.5,1.8809523582458496,625.0,10.5,9375.0,140625.0,0.5799999833106995,15.0,0.7727272510528564,0.9459459185600281,0.1666666716337204,0.21978022158145905,0.012820512987673283,42.0,25
-0.13204364710795996,0.04945545578584641,-0.13220409310662917,-0.012896210338597938,-0.37965101314648625,-0.16018921696905467,-12.481307869529694,0.09960929176173784,-0.03526089209034051,-0.1503784978277296,-0.15685313673233972,0.0,-0.23207508187557613,-0.22268283751941206,-0.20002279878716864,0.028454166715649595,-0.22593075371741936,-0.11531894275757414,-0.1336882058547711,-0.37775019135601606,-0.3124184421524695,-0.09321272534068864,-0.7047330187743551,-0.039561590408382856,-0.1291398008397318,0.16206966138920148,-0.29462588983791876,-0.19281448174825896,-0.7644670266368886,-0.3295201139497072,25.0,58.0,42.0,375.0,0.4000000059604645,0.8999999761581421,20.700000762939453,180.0,150.0,269.047607421875,1.3809523582458496,1.0,0.008999999612569809,2.4000000953674316,0.1599999964237213,2.5,5.926926136016846,150.0,2.0,625.0,10.0,9375.0,140625.0,0.5523809790611267,15.0,0.796875,0.8888888955116272,0.3333333432674408,0.325411319732666,0.010968921706080437,27.0,25
-0.05353787424551402,0.03837928758051526,-0.05892084913323013,0.04060610389486428,-0.3500110698640785,-0.11396306511921395,-4.215613879340898,-0.27281552173545975,-0.030488102189498732,0.051769607151900224,-0.13108559272298925,0.0,-0.1796805057262277,-0.3295636120193013,-0.14460782493495392,-0.008107542522968409,-0.1675853953951297,-0.09470363648138398,-0.07971389839932327,-0.453748774073348,-0.24992523717378293,-0.09662740518019407,-0.649181987253214,0.09418078614194998,-0.10456222500259389,0.17406705649199508,-0.14019767708621939,-0.095442902652054,-0.868779112082053,-0.5078402097537473,25.0,58.0,42.0,375.0,0.4000000059604645,0.8999999761581421,34.79999923706055,200.0,150.0,269.047607421875,1.3809523582458496,1.0,0.008999999612569809,2.4000000953674316,0.1599999964237213,2.5,5.926926136016846,150.0,2.0,625.0,10.0,9375.0,140625.0,0.5523809790611267,15.0,0.796875,0.8500000238418579,0.5,0.325411319732666,0.07129798829555511,45.0,25
-0.08130296556342148,-0.06654382466674343,-0.10937439068174638,0.09918341960396049,-0.19821985418853735,-0.09532021834712671,-5.530991083238162,0.446184549143838,0.04203335917776626,-0.08476979179572726,-0.051847064387588945,0.0,-0.11831827883139319,-0.027652805439080518,-0.10741681869431827,0.14483987866184644,-0.2545212340831313,0.13760735481123051,-0.07536994918259467,-0.4751658203955336,-0.27775428797980556,-0.21846723581930658,-0.4734063980187517,-0.18298932081753794,-0.13379107985956987,0.07959707000460069,-0.24671761876722617,-0.01428950918775113,-0.7718145491490036,-0.5776306727301614,25.0,58.0,42.0,375.0,0.4000000059604645,0.8999999761581421,33.400001525878906,185.0,150.0,269.047607421875,1.3809523582458496,1.0,0.008999999612569809,2.4000000953674316,0.1599999964237213,2.5,5.926926136016846,150.0,2.0,625.0,10.0,9375.0,140625.0,0.5523809790611267,15.0,0.796875,0.8648648858070374,0.4166666567325592,0.32967033982276917,0.06410256773233414,36.1,25
-0.08517158881313487,-0.06885177155843475,-0.2241703126030798,0.040689406948268975,0.01909507343146976,-0.013237180120715147,-2.5634154416745307,0.04496582818950098,-0.16364798463458358,0.09884955054596062,-0.07355156791763473,0.0,-0.006183045717031367,0.086690698652767,-0.2869435465378395,0.09838799515654566,-0.04640958327785656,-0.28158855611902456,-0.0978377672309496,-0.5662886816838401,-0.6771984678561603,0.18643624649993906,-0.33528623805861085,0.08058768382072382,-0.18346427561090975,-0.3804939221691547,-0.25050537017062774,-0.1159064808353818,-0.8899622976912879,-0.16147660384139484,25.0,58.0,42.0,385.0,0.4000000059604645,0.800000011920929,37.20000076293945,185.0,154.0,276.22222900390625,1.3809523582458496,1.0,0.00800000037997961,2.0779221057891846,0.1599999964237213,2.5,5.953243255615234,154.0,2.0,625.0,10.0,9625.0,148225.0,0.5523809790611267,15.399999618530273,0.796875,0.8648648858070374,0.4166666567325592,0.31501832604408264,0.06593406945466995,45.13333333333333,25
-0.06011928347252391,-0.06885177155843475,-0.21215300426963343,0.05185229004407079,0.014384583613618888,0.006015476000553378,-3.525955034651249,-0.006022382164957161,-0.12971380313657302,0.10192176110503645,-0.06747927346156984,0.0,0.0030653653779476567,0.09579452531104758,-0.2800286026571016,0.11834145394143979,-0.0957044297122582,-0.29363296290341545,-0.07226924271627111,-0.5658649271836304,-0.5980523355123709,0.17149090768048977,-0.3452914469361186,0.051978534564620156,-0.1747662619908715,-0.3473203470175657,-0.40635558423043844,-0.11004034237935166,-0.9262662376469276,-0.6927940682904091,25.0,58.0,42.0,385.0,0.4000000059604645,0.800000011920929,34.70000076293945,190.0,154.0,276.22222900390625,1.3809523582458496,1.0,0.00800000037997961,2.0779221057891846,0.1599999964237213,2.5,5.953243255615234,154.0,2.0,625.0,10.0,9625.0,148225.0,0.5523809790611267,15.399999618530273,0.796875,0.8421052694320679,0.5,0.31501832604408264,0.0714285746216774,41.53333333333333,25
-0.10696035085130512,-0.05597246456394495,-0.289272027179506,0.013332942621127533,0.005509750215255988,-0.0097215542861692,-5.924680717735516,-0.20081923075098684,0.0477562329726019,0.06696453107549363,-0.08962171803562345,0.0,-0.012932482184563629,-0.22350870399617792,-0.21587241962152157,0.1046844917345716,-0.20917671003188198,0.09140374494163436,-0.0964338731955705,-0.5461491881504289,-0.6758578148407413,-0.19766471828185558,-0.45444948607180274,-0.07203727946501966,-0.16600881240894866,-0.33301749351134036,-0.3467430969575646,-0.1781252414112332,-0.6472949640872737,0.6318454747352559,25.0,58.0,42.0,375.0,0.4000000059604645,0.8500000238418579,32.20000076293945,180.0,150.0,269.047607421875,1.3809523582458496,1.0,0.008500000461935997,2.2666666507720947,0.1599999964237213,2.5,5.926926136016846,150.0,2.0,625.0,10.0,9375.0,140625.0,0.5523809790611267,15.0,0.796875,0.8888888955116272,0.3333333432674408,0.31501832604408264,0.30586081743240356,40.69,25
-0.0713373738392702,-0.047278066118847197,-0.010136492737230201,-0.1410703394421657,0.20017325375160255,0.011144629135853547,-2.6776961007474527,0.2208729301342104,0.4466984844229329,0.027728349662775698,-0.04512638228687755,0.0,0.0484260343477476,-0.03657312555622015,0.07192769307298336,0.0894072706786049,-0.11541557261713183,0.2904392113047656,0.038059295641958424,-0.3317385300499831,-0.2998958776827945,-0.025811730889917277,-0.6732481636316527,0.0758479237367811,-0.4612280995081664,-0.059782565883833655,0.03452690852299239,-0.0458997733262124,-0.6216202937227657,-0.23801878844769492,25.0,58.0,42.0,375.0,0.38999998569488525,0.8500000238418579,34.79999923706055,185.0,146.25,265.297607421875,1.3809523582458496,1.0,0.008500000461935997,2.2666666507720947,0.15209999680519104,2.5641026496887207,5.926926136016846,146.25,2.0641026496887207,625.0,9.75,9375.0,140625.0,0.5385714173316956,15.0,0.8095238208770752,0.8810811042785645,0.36666667461395264,0.3144424259662628,0.14259597659111023,38.6,25
-0.09052695162072971,-0.027131528514333616,0.010224425448058443,-0.04729159419339178,-0.10413310117813798,0.051243022182553256,-1.8368966868156256,0.31895916348091774,0.1156498361981177,0.009998369797552763,-0.040226394354723395,0.0,0.015736053414410773,0.0024216759836253434,-0.14973620211001556,0.059150306129229474,-0.083048367096903,0.12630657278624377,0.050624075482517565,-0.34234142723279126,-0.266407326648789,-0.05641157920193397,-0.6302171449424281,0.20400718165412396,-0.38970122268625296,-0.019724666006627232,0.4065633535912022,0.2814823080279424,-0.935587968397694,-0.37851260333700365,25.0,58.0,42.0,375.0,0.4000000059604645,0.8500000238418579,36.5,183.0,150.0,269.047607421875,1.3809523582458496,1.0,0.008500000461935997,2.2666666507720947,0.1599999964237213,2.5,5.926926136016846,150.0,2.0,625.0,10.0,9375.0,140625.0,0.5523809790611267,15.0,0.796875,0.437158465385437,1.7166666984558105,0.3144424259662628,0.01645338162779808,45.7,25
-0.11292422956908031,-0.09650667587900161,-0.15157738793913597,0.07611932533304773,-0.18380913960068374,-0.09759945353629795,-9.880497915013445,-0.018862954708658196,-0.031400107341772295,-0.07552823185539367,-0.08271848344199595,0.0,-0.12608345575169863,-0.013388840317349536,-0.18654824243735918,0.18569946128628173,-0.25597147106469204,0.1157155921304982,-0.14281851699552858,-0.45663496519810215,-0.392076677004438,-0.21945533152891727,-0.5210522510343453,-0.09601214745801914,-0.17393789679490673,0.040293633066591936,-0.33949002128931877,-0.014566727952261299,0.5395776248769306,-0.35106311177499055,25.0,58.0,42.0,375.0,0.4000000059604645,0.8999999761581421,26.700000762939453,188.0,150.0,269.047607421875,1.3809523582458496,1.0,0.008999999612569809,2.4000000953674316,0.1599999964237213,2.5,5.926926136016846,150.0,2.0,625.0,10.0,9375.0,140625.0,0.5523809790611267,15.0,0.796875,0.8776595592498779,0.38333332538604736,0.19780220091342926,0.06410256773233414,39.01,25
-0.1525096976652446,-0.07764019697320376,-0.2066471031181403,-0.04990815885375015,-0.32506133474686816,-0.08497704617678563,-4.065847247713725,0.086144732513943,0.03507557194149985,0.0828681521040502,-0.07928729198292135,0.0,-0.12002696952582034,-0.2535903662992149,-0.004145850252107177,0.09239656160858585,-0.1883010229759417,0.26899989852849726,-0.017193992052371668,-0.42610898313270285,0.02705413751956605,-0.12512407288343397,-0.5227472274324622,0.1389562669157564,0.15038740030939324,0.012684187672888113,0.4840458869201319,0.4277926799672913,0.2771317707932294,-0.47347391973255754,25.0,58.0,42.0,375.0,0.4000000059604645,0.8999999761581421,34.400001525878906,181.0,150.0,269.047607421875,1.3809523582458496,1.0,0.008999999612569809,2.4000000953674316,0.1599999964237213,2.5,5.926926136016846,150.0,2.0,625.0,10.0,9375.0,140625.0,0.5523809790611267,15.0,0.796875,0.2983425557613373,2.116666555404663,0.21978022158145905,0.07326007634401321,48.85,25
-0.08560561478755334,-0.034170332155795555,0.015145066904708121,-0.11382232020381215,-0.11229315364203044,-0.0487541637914736,-1.295779038772038,0.31479842446295236,0.030162425763018957,0.02518365253863714,-0.04473568002544136,0.0,-0.07490452728173637,0.005848244375654384,-0.14022482128675562,0.11399834459747059,-0.0776838990875673,0.07491335035577033,0.049220098778430484,-0.31628794536682553,-0.3268560974136744,-0.10228318647329038,-0.634311143059184,0.08293320759842814,-0.3581487057592113,-0.06660941908062387,0.062033045359383775,-0.06111325144977026,-0.05907914674746023,-0.3243796276005756,25.0,58.0,42.0,375.0,0.4000000059604645,0.8999999761581421,37.61000061035156,180.0,150.0,269.047607421875,1.3809523582458496,1.0,0.008999999612569809,2.4000000953674316,0.1599999964237213,2.5,5.926926136016846,150.0,2.0,625.0,10.0,9375.0,140625.0,0.5523809790611267,15.0,0.796875,0.8611111044883728,0.4166666567325592,0.09689214080572128,0.14259597659111023,42.91,25
-0.23450815110341033,-0.12393695280164889,-0.1631043212174619,-0.08354677009823114,-0.4015625214382896,-0.04928813887869143,-12.104486261268303,-0.01921283872464358,-0.020144778269418216,-0.03836521736782479,-0.15896407060142362,0.0,-0.06366542845273107,-0.34678928682003624,-0.10409195345031293,0.02362238158183163,-0.13248373392768953,0.17918558296794124,-0.0951680198704373,-0.5139787774116678,-0.10902759535620626,-0.1814976305156269,-0.579835940169038,0.06194474870661534,0.20248427614217224,-0.07053815147539144,-0.16277716833548597,-0.1974737241931034,-0.10948631589538892,0.9201799328053768,25.0,58.0,42.0,375.0,0.4000000059604645,0.8999999761581421,24.75,173.0,150.0,269.047607421875,1.3809523582458496,1.0,0.008999999612569809,2.4000000953674316,0.1599999964237213,2.5,5.926926136016846,150.0,2.0,625.0,10.0,9375.0,140625.0,0.5523809790611267,15.0,0.796875,0.8959537744522095,0.30000001192092896,0.09340659528970718,0.31501832604408264,30.1,25
-0.1461976512736416,-0.047305999373038914,-0.1785500322874975,-0.0198116898435864,-0.29815939838603855,-0.05634708574438689,-1.1197781969232519,-0.29328396112191174,0.03694454628031577,0.23262533497862314,-0.04371747393007796,0.0,-0.0764382408306556,-0.33577925014908805,-0.01794125921125046,0.08548522507419792,-0.16447587506062294,0.20990347478266072,-0.035132042107639413,-0.4755306351353006,-0.025768130124893304,-0.14203038765460943,-0.44490026818458545,0.24010014735424484,0.15170541727411166,0.00731364593368164,-0.03615774936629076,-0.1651320914673198,-0.024070085875178577,-0.16519668026417583,25.0,58.0,42.0,375.0,0.4000000059604645,0.8999999761581421,38.2599983215332,200.0,150.0,269.047607421875,1.3809523582458496,1.0,0.008999999612569809,2.4000000953674316,0.1599999964237213,2.5,5.926926136016846,150.0,2.0,625.0,10.0,9375.0,140625.0,0.5523809790611267,15.0,0.796875,0.7799999713897705,0.7333333492279053,0.09340659528970718,0.012820512987673283,47.92,25
-0.10696035085130512,-0.021819315952493697,-0.21493563306702426,0.03280076613741209,0.01495534680545904,-0.10779820389427162,-7.8542289440499715,-0.07274756302800015,0.037737597299819736,0.08202098801692007,-0.07242816422167524,0.0,-0.08823486150513125,-0.1280056129400518,-0.21275272300883288,0.12721044602620676,-0.23892030319016996,0.10068451255391288,-0.07669945040648715,-0.5441384435412376,-0.6750046027347045,-0.24154748341296198,-0.43199410302811575,-0.04619986401135778,-0.12776215252287243,-0.29350285771608997,-0.16761268076333072,-0.1864327031426165,0.48266158832623585,0.3126736945101487,25.0,58.0,42.0,375.0,0.4000000059604645,0.8999999761581421,30.860000610351562,190.0,150.0,269.047607421875,1.3809523582458496,1.0,0.008999999612569809,2.4000000953674316,0.1599999964237213,2.5,5.926926136016846,150.0,2.0,625.0,10.0,9375.0,140625.0,0.5523809790611267,15.0,0.796875,1.0,0.0,0.20695970952510834,0.30586081743240356,39.68,25
-0.14587380709979253,-0.08812348972712032,-0.0031432499138008634,-0.058942273613948416,-0.117820141747788,-0.07901421330567185,-6.767330367473277,-0.355134693748885,-0.006047243781348531,0.030231067685831586,-0.09095736822989291,0.0,-0.12106462175310641,-0.10431709643401643,-0.18909703784923304,0.04830725705330747,-0.09093497609359369,0.08374183312343453,0.005248231591851622,-0.32651661798861686,-0.3775646088368422,-0.04684907065888709,-0.7415679328278212,0.08772396340966339,-0.45976583950703753,0.0025304670014018073,0.01908115548349571,-0.06978972815562332,0.31004439175670045,-0.2877021708927561,25.0,58.0,42.0,375.0,0.4000000059604645,0.8999999761581421,31.360000610351562,200.0,150.0,269.047607421875,1.3809523582458496,1.0,0.008999999612569809,2.4000000953674316,0.1599999964237213,2.5,5.926926136016846,150.0,2.0,625.0,10.0,9375.0,140625.0,0.5523809790611267,15.0,0.796875,0.8349999785423279,0.550000011920929,0.20109689235687256,0.14259597659111023,39.13,25
-0.09489930824975644,-0.04259921201685011,-0.18800771747648973,0.02702683072424319,0.06521829178969116,0.005819293285914346,0.3887450660057307,0.052836477889114414,0.040510679386128345,0.08252377012438195,-0.10212873810274958,0.0,-0.08682696693687536,0.0010238383189370617,-0.215125316610827,0.11794352289672175,-0.20450430682973336,0.12449160913573261,-0.08664542656427966,-0.5539183015331198,-0.6562561326906737,-0.10007131849683275,-0.41468412039222974,0.09356653710747663,-0.07559120695458364,-0.32922832689954806,-0.25075875377410506,-0.13478571372003512,0.3458104920604458,-0.12964545557007037,25.0,58.0,42.0,375.0,0.4000000059604645,0.8999999761581421,40.119998931884766,178.0,150.0,269.047607421875,1.3809523582458496,1.0,0.008999999612569809,2.4000000953674316,0.1599999964237213,2.5,5.926926136016846,150.0,2.0,625.0,10.0,9375.0,140625.0,0.5523809790611267,15.0,0.796875,0.8595505356788635,0.4166666567325592,0.20695970952510834,0.010989011265337467,49.68,25
-0.0846397162440006,0.01334774072177159,-0.04774677420963501,-0.012885174080463023,-0.332553268527981,-0.12294759031080654,-7.784452278085213,0.03296274723975089,-0.016100111097325013,-0.06687067751052092,-0.1537880155096458,0.0,-0.10977840978374732,-0.343679566022531,-0.13679847259625438,0.03574721493863561,-0.19824531627575717,-0.0844762569439442,-0.06838323761568585,-0.4739974728993645,-0.25760319847727864,-0.114259492332694,-0.5687110826509579,0.10754703682780238,-0.062356960683214606,0.14420075469433216,-0.4397634215158495,-0.004547928491124021,-0.35983371422793686,-0.48503131492397356,25.0,58.0,42.0,375.0,0.4000000059604645,0.8999999761581421,29.760000228881836,196.0,150.0,269.047607421875,1.3809523582458496,1.0,0.008999999612569809,2.4000000953674316,0.1599999964237213,2.5,5.926926136016846,150.0,2.0,625.0,10.0,9375.0,140625.0,0.5523809790611267,15.0,0.796875,0.9693877696990967,0.10000000149011612,0.09506398439407349,0.07129798829555511,35.07,25
-0.0995794705372235,-0.0023066740420938717,0.012323023491981978,-0.03660882887808459,0.058993238200292154,-0.11374355911111518,3.7956557498722288,-0.36727628695756914,0.3389715552918502,0.031253522526269,-0.0384128289699897,0.0,-0.10076379151951832,-0.21150528777673325,-0.02183278658270171,0.06652305462249052,-0.07925267569738693,0.24991060037478924,0.04974643518848886,-0.34549575048641945,-0.06283483804908152,-0.0015856034926960082,-0.6241594821626678,0.13019407557278329,-0.45330390420621086,-0.09643456332466388,-0.008625863648680574,-0.11432983852711319,-0.9953364241610148,-0.31193957868511435,25.0,58.0,42.0,375.0,0.38999998569488525,0.8999999761581421,43.529998779296875,205.0,146.25,265.297607421875,1.3809523582458496,1.0,0.008999999612569809,2.4000000953674316,0.15209999680519104,2.5641026496887207,5.926926136016846,146.25,2.0641026496887207,625.0,9.75,9375.0,140625.0,0.5385714173316956,15.0,0.8095238208770752,0.8292682766914368,0.5833333134651184,0.3144424259662628,0.14259597659111023,51.72,25
-0.10168425692987586,0.014960422277057336,0.015734270323582673,-0.07749606987399844,0.0973132952616057,-0.10698753758528949,2.1701269282425164,-0.4565871097979078,0.17435369461059597,0.025988505247540795,-0.040530551448820146,0.0,-0.10062380442914697,-0.20102569749786833,-0.07965800037971577,0.046370585015297186,-0.10411522687197013,0.16850705837167862,0.028023004669707887,-0.3588665860742256,-0.19871643530520267,-0.016194307665301954,-0.68914270660381,0.09864153203233597,-0.5052989221446623,-0.12903087954521797,-0.06929792522234003,-0.3287462533950837,-0.8098626617710961,-1.3057882296016956,25.0,58.0,42.0,375.0,0.38999998569488525,0.8999999761581421,41.099998474121094,220.0,146.25,265.297607421875,1.3809523582458496,1.0,0.008999999612569809,2.4000000953674316,0.15209999680519104,2.5641026496887207,5.926926136016846,146.25,2.0641026496887207,625.0,9.75,9375.0,140625.0,0.5385714173316956,15.0,0.8095238208770752,0.75,0.9166666865348816,0.3144424259662628,0.06032906845211983,49.88,25
-0.06249607452504344,-0.010123065985341682,-0.12698184124968837,0.09817127837646004,-0.0005748929558805117,-0.058041821654670527,1.5114795143683353,-0.014536589537021395,0.0848689113507587,-0.07059359090438687,-0.011313435211154976,0.0,-0.08718626824849157,0.0007077399493611804,0.08863925864530707,0.1912114679495262,-0.18635893068970877,0.5001165774725543,0.11098418294454053,-0.48725731639679026,-0.19847215259555467,-0.23280694806984936,-0.5279052115872249,-0.05828655380423978,-0.10833961671449306,0.017290062353603815,-0.34022642117073826,0.043215737764014876,-1.0664592274339042,-0.6784417472970077,25.0,58.0,42.0,375.0,0.38999998569488525,0.8999999761581421,40.2599983215332,188.0,146.25,265.297607421875,1.3809523582458496,1.0,0.008999999612569809,2.4000000953674316,0.15209999680519104,2.5641026496887207,5.926926136016846,146.25,2.0641026496887207,625.0,9.75,9375.0,140625.0,0.5385714173316956,15.0,0.8095238208770752,0.8936170339584351,0.3333333432674408,0.32967033982276917,0.014652014710009098,43.81,25
-0.0505241145719669,0.02074559072477072,-0.009603721191911486,-0.16710641831542622,0.056284763591724206,-0.047675599977955466,3.889562830954227,0.15083255705978799,0.36820222389699137,-0.14794237370876104,-0.0071108608137593135,0.0,-0.09432587794630198,-0.18331920340057722,-0.008130595471496825,0.11616640740810365,-0.11784792127110816,0.22974655779219216,0.06408536145552893,-0.32811213023154734,0.0577115726783755,-0.03853525067443709,-0.6961772090055387,0.05672562290924035,-0.5321417220654492,-0.07984191535791992,0.04698625734292926,0.11593593922483716,0.43914011838041095,-0.2079342584964094,25.0,58.0,42.0,375.0,0.38999998569488525,0.8999999761581421,43.040000915527344,190.0,146.25,265.297607421875,1.3809523582458496,1.0,0.008999999612569809,2.4000000953674316,0.15209999680519104,2.5641026496887207,5.926926136016846,146.25,2.0641026496887207,625.0,9.75,9375.0,140625.0,0.5385714173316956,15.0,0.8095238208770752,1.01578950881958,-0.05000000074505806,0.20109689235687256,0.14259597659111023,51.81,25
-0.061710604488110915,0.012985673001093443,-0.09320929155916904,0.09924107184744058,0.0822304179833058,-0.023040796078737744,3.632336308025961,-0.07260939022946948,0.1680342898515746,0.021246036999912482,-0.007091009151799385,0.0,-0.06157960773005506,0.09118071032524297,0.15914863903039037,0.13969769908531765,-0.2640758023418844,0.40303350279686667,0.08094377658516931,-0.5418503904602566,-0.22832118617430014,-0.2087298964186692,-0.450511041852986,-0.007542725510990065,-0.11258261845104915,0.06366716982578251,-0.26617223501841275,-0.0029575907063235513,0.5157412083387277,-0.5140559410923106,25.0,58.0,42.0,375.0,0.38999998569488525,0.8999999761581421,43.06999969482422,200.0,146.25,265.297607421875,1.3809523582458496,1.0,0.008999999612569809,2.4000000953674316,0.15209999680519104,2.5641026496887207,5.926926136016846,146.25,2.0641026496887207,625.0,9.75,9375.0,140625.0,0.5385714173316956,15.0,0.8095238208770752,0.8999999761581421,0.3333333432674408,0.19780220091342926,0.06410256773233414,49.46,25
-0.05353904496974375,0.07334815210674199,0.06071362870641621,-0.02051085093504319,0.0620404555582001,-0.0707237487668054,4.228106866250323,0.46258684414491213,0.38807236494974295,0.5156999134485365,-0.007601101113272217,0.0,-0.07470260763446213,-0.20295842880582549,-0.01080343414920187,0.11332294709175132,-0.09025640688615687,0.2957001467248073,0.11462952246897637,-0.3411281119430732,0.18645844555637517,-0.0016834072518902808,-0.6057384412913926,0.21259487462926827,-0.35774115606194495,-0.001054514656839031,0.6604938066715682,0.0760937286592875,0.32301455833010595,1.2091705887259065,25.0,58.0,42.0,375.0,0.38999998569488525,0.8999999761581421,44.41999816894531,172.0,146.25,265.297607421875,1.3809523582458496,1.0,0.008999999612569809,2.4000000953674316,0.15209999680519104,2.5641026496887207,5.926926136016846,146.25,2.0641026496887207,625.0,9.75,9375.0,140625.0,0.5385714173316956,15.0,0.8095238208770752,0.5930232405662537,1.1666666269302368,0.20109689235687256,0.3363802433013916,53.35,25
-0.04408312039081699,0.04051633213240021,-0.099529543575329,0.06779837858336923,-0.1475729020062676,-0.13056211692835107,-6.209067300052999,0.055759227121252315,0.05299570246526654,-0.16516647070418888,-0.1689939255910559,0.0,-0.10539257825370299,-0.11476810516914394,0.14547390484142897,0.09672129985182454,-0.16222808382677184,0.30665456565893845,0.04195037498944925,-0.4458028400501473,-0.2785181611627773,-0.13634638784345085,-0.591271068906531,0.10654051439729657,-0.06870951207765719,0.14057257085737254,0.17095631687117316,0.2561821079401836,-0.7987492486636079,-0.5155328809098569,25.0,58.0,42.0,375.0,0.38999998569488525,0.8999999761581421,32.869998931884766,188.0,146.25,265.297607421875,1.3809523582458496,1.0,0.008999999612569809,2.4000000953674316,0.15209999680519104,2.5641026496887207,5.926926136016846,146.25,2.0641026496887207,625.0,9.75,9375.0,140625.0,0.5385714173316956,15.0,0.8095238208770752,1.0106383562088013,-0.03333333507180214,0.325411319732666,0.06581352651119232,37.94,25
-0.04955206133410803,0.001854024872249518,-0.0046971285979064,-0.1465008573121346,0.03792016228555739,-0.05324570198453357,3.5161901231108,0.20160095860852942,0.24551458471666524,-0.045559729596595225,-0.025355500567726234,0.0,-0.11269183771951498,-0.016452952284146238,-0.058916848841305755,0.13369675634048953,-0.13646460164497282,0.13385278138178772,0.0521738667970504,-0.32507649001968947,0.025215382083028884,-0.13501742968151176,-0.6833654002475915,-0.048858684212163404,-0.5453866540543798,-0.07419398352325575,-0.05320126861827853,0.041094130118015125,0.08735705925582114,-0.14369960109869706,25.0,58.0,42.0,375.0,0.38999998569488525,0.8999999761581421,41.90999984741211,162.0,146.25,265.297607421875,1.3809523582458496,1.0,0.008999999612569809,2.4000000953674316,0.15209999680519104,2.5641026496887207,5.926926136016846,146.25,2.0641026496887207,625.0,9.75,9375.0,140625.0,0.5385714173316956,15.0,0.8095238208770752,0.9753086566925049,0.06666667014360428,0.04936014488339424,0.06032906845211983,50.88,25
-0.04125893215450399,0.027911729859811895,-0.04072992352632945,0.06008283941072669,-0.34775326160044784,-0.07375540788543884,-0.294677297157992,0.21861867463080814,-0.03830603189324285,0.011602612984186425,-0.11182350485027456,0.0,-0.10794936447718292,-0.3233302502731574,-0.10899090848820198,0.0013863559086745646,-0.13667856936153763,-0.01471830528084821,-0.03612938972855766,-0.4392322899013429,-0.18993584166533908,-0.13758612573453752,-0.5375191341610349,0.2702219461981552,0.08878237843149654,0.16777999223634313,-0.2139767210844564,-0.20922115490213336,-0.049754073528710654,-0.4882701826278637,25.0,58.0,42.0,375.0,0.4000000059604645,0.8999999761581421,38.81999969482422,178.0,150.0,269.047607421875,1.3809523582458496,1.0,0.008999999612569809,2.4000000953674316,0.1599999964237213,2.5,5.926926136016846,150.0,2.0,625.0,10.0,9375.0,140625.0,0.5523809790611267,15.0,0.796875,0.8707864880561829,0.38333332538604736,0.045703839510679245,0.07129798829555511,47.63,25
-0.0911291835014537,-0.018086173021077682,-0.1647305119469491,0.08986924321298202,0.06357137002889829,-0.030594231241585258,0.5240945595071012,0.09105378111511324,0.024654595664390294,0.25694733703978845,-0.06189683042474968,0.0,-0.05849969123978195,0.015127064400754344,-0.19681363901377513,0.20707504789623296,-0.1999363986419542,0.07730298785428046,-0.05660223148962092,-0.5490862409684194,-0.70054059605686,-0.14927081860555128,-0.4139013580874115,0.06709960419477953,0.004735227039587685,-0.3023686327828246,0.6385421789519466,0.27747586412649966,0.23671458427871922,-0.18035526850755856,25.0,58.0,42.0,375.0,0.4000000059604645,0.8999999761581421,39.95000076293945,163.0,150.0,269.047607421875,1.3809523582458496,1.0,0.008999999612569809,2.4000000953674316,0.1599999964237213,2.5,5.926926136016846,150.0,2.0,625.0,10.0,9375.0,140625.0,0.5523809790611267,15.0,0.796875,1.0674846172332764,-0.18333333730697632,0.045787546783685684,0.17032967507839203,47.48,25
-0.04800485463271255,-0.029100981330643327,-0.11879732096664106,0.009673037006081525,0.08618687923548381,-0.01354505398973465,4.092358800749362,0.14933836219428884,0.028218544315813613,-0.009141915460328555,-0.08081838537605991,0.0,-0.07662949944394307,-0.15584615265119814,-0.17898869433042858,0.10786255751565473,-0.23230220004421018,0.07044565683395998,-0.04666601594509565,-0.5711445423300777,-0.6192908703325146,-0.15761226500862913,-0.3616676854066921,0.10120929200184459,0.040298137772255785,-0.31407370435750415,-0.3457031913310177,-0.13842723056021067,0.7306037317907005,0.0540270357175293,25.0,58.0,42.0,375.0,0.4000000059604645,0.8999999761581421,44.439998626708984,168.0,150.0,269.047607421875,1.3809523582458496,1.0,0.008999999612569809,2.4000000953674316,0.1599999964237213,2.5,5.926926136016846,150.0,2.0,625.0,10.0,9375.0,140625.0,0.5523809790611267,15.0,0.796875,0.9047619104385376,0.2666666805744171,0.045787546783685684,0.010989011265337467,51.63,25
-0.10158255369549495,-0.03679414015757241,-0.23565722976266576,0.014830764903406242,0.011224081985972764,-0.03373710867198882,-7.104352252093379,0.01610243843818186,0.027859080652746643,0.06865014462159647,-0.1438816002109188,0.0,-0.06693168315402345,-0.16839356948249282,-0.2244121016949544,0.12664266399784527,-0.1892107479677154,0.11588659444305191,-0.08931657047779305,-0.5432239472884495,-0.6637137880015768,-0.25858396596905336,-0.47641942311928653,0.02912007738844042,-0.11425479988449114,-0.3039316605031267,-0.27674524011530083,-0.24046547537227678,0.24375115955264373,0.1402330719712705,25.0,58.0,42.0,375.0,0.4000000059604645,0.8999999761581421,31.389999389648438,178.0,150.0,269.047607421875,1.3809523582458496,1.0,0.008999999612569809,2.4000000953674316,0.1599999964237213,2.5,5.926926136016846,150.0,2.0,625.0,10.0,9375.0,140625.0,0.5523809790611267,15.0,0.796875,0.8764045238494873,0.36666667461395264,0.10256410390138626,0.06593406945466995,38.64333333333334,25
-0.04189408707128674,0.023349915768913942,-0.08592220899962409,0.05181463770040188,-0.3219771656762174,-0.10242342273829125,-6.492950813017985,0.19700133757162322,-0.022872039502067093,0.004688030597435247,-0.1717920677889014,0.0,-0.13962354815654004,-0.3066095941267538,-0.08802078041594111,-0.0057085899119747804,-0.18834575458824,-0.03787689812347547,-0.05925599502395824,-0.469795418509807,-0.25911154509131795,-0.10306662507899042,-0.6136693218533888,0.1532435221547118,0.0018767995673637117,0.14357238094443303,-0.2614152945656856,-0.18663405324851326,-0.14220931509924675,-0.4774552290950117,25.0,58.0,42.0,375.0,0.4000000059604645,0.8999999761581421,32.41666793823242,182.0,150.0,269.047607421875,1.3809523582458496,1.0,0.008999999612569809,2.4000000953674316,0.1599999964237213,2.5,5.926926136016846,150.0,2.0,625.0,10.0,9375.0,140625.0,0.5523809790611267,15.0,0.796875,0.8901098966598511,0.3333333432674408,0.10237660259008408,0.06581352651119232,39.81333333333333,25
-0.09752830172623354,-0.034099578619360804,-0.20289723198224416,0.03179511308174457,0.041831049151239835,-0.028759245074933718,-4.338313804177853,-0.006908469028254816,0.04914526480542806,0.08713967349056653,-0.06652887305569063,0.0,-0.07291908498432487,-0.17377250609677788,-0.27264636654061924,0.14928683613946228,-0.21007677987438247,0.13263996544118778,-0.07864097315653547,-0.5509363734941954,-0.6406687237922095,-0.20752739521386954,-0.42902109200416094,0.06245032045487252,-0.0634997973317683,-0.30870632814163995,-0.2024615913573401,-0.18408524200161525,0.12622288069399829,-0.2986518231899175,25.0,58.0,42.0,375.0,0.4000000059604645,0.8999999761581421,34.54999923706055,188.0,150.0,269.047607421875,1.3809523582458496,1.0,0.008999999612569809,2.4000000953674316,0.1599999964237213,2.5,5.926926136016846,150.0,2.0,625.0,10.0,9375.0,140625.0,0.5523809790611267,15.0,0.796875,0.8723404407501221,0.4000000059604645,0.10256410390138626,0.17032967507839203,39.586666666666666,25
-0.10158255369549495,-0.034679326360782976,-0.22552209105564075,0.016630772785302866,0.032339815821811516,-0.0008563669118724505,-5.33577843079717,-0.10105140457539476,0.03186339033351486,0.07351047519827941,-0.11254812520287819,0.0,-0.07585000699997521,-0.08697437534889026,-0.20780641846342757,0.12557196681320848,-0.21366947474530293,0.12314708335153506,-0.08444424316204911,-0.5402749636021076,-0.6137453078699403,-0.16290799394967312,-0.4813303883758244,-0.00553478241062501,-0.11467657836497558,-0.3039134946965613,-0.3215275067095056,-0.13314180995138464,0.3578967858692905,0.4747999549179155,25.0,58.0,42.0,375.0,0.4000000059604645,0.8999999761581421,32.776668548583984,180.0,150.0,269.047607421875,1.3809523582458496,1.0,0.008999999612569809,2.4000000953674316,0.1599999964237213,2.5,5.926926136016846,150.0,2.0,625.0,10.0,9375.0,140625.0,0.5523809790611267,15.0,0.796875,0.8888888955116272,0.3333333432674408,0.10256410390138626,0.010989011265337467,39.79,25
-0.13887473598431743,-0.11311520113019999,-0.19659004424763715,-0.06206392401459425,-0.30604142593622014,-0.10318633748565656,-3.7889056547177655,-0.20086558892423018,-0.06421318878112107,-0.038726321077389644,-0.11171172727986362,0.0,-0.12013061629229528,-0.2154220997370924,0.0020450233158709544,0.042488225207844926,-0.16596541960624303,0.1020104419580354,-0.08298187431572263,-0.4455431051338226,-0.02836735131762237,-0.1533582215589464,-0.534331509174748,0.16043534913028035,-0.30756293553722286,-0.04518324081919446,-0.14698926101415596,-0.007520087927788264,-0.8693776055045885,-0.30640696758450814,25.0,58.0,42.0,380.0,0.4000000059604645,0.8999999761581421,34.29999923706055,195.0,152.0,272.6349182128906,1.3809523582458496,1.0,0.008999999612569809,2.3684210777282715,0.1599999964237213,2.5,5.940171241760254,152.0,2.0,625.0,10.0,9500.0,144400.0,0.5523809790611267,15.199999809265137,0.796875,0.9230769276618958,0.25,0.311355322599411,0.018315019086003304,38.44,25
-0.0569456921816613,0.01900248348817956,0.010885348138519432,0.087685819388485,-0.3102192474126587,0.052708690011177735,-1.9179566031800463,-0.6665349304852236,-0.09433093391401061,0.1123180507248115,0.046710140813253864,0.0,0.05559622327848716,-0.16550552625317846,-0.13354763869369932,-0.042459297603633546,-0.1901382713122879,-0.028270815859132527,-0.019231629770549444,-0.4810018649375525,-0.14608044193688463,-0.15360829503581674,-0.5668103173973081,-0.1633383243250352,-0.14237011087212043,0.20661722433723567,-0.3195426529916103,-0.25343184205197433,-0.8022719764833577,0.8356451348097587,25.0,60.0,40.0,380.0,0.4000000059604645,0.8500000238418579,37.880001068115234,215.0,152.0,272.6349182128906,1.5,1.0,0.008500000461935997,2.236842155456543,0.1599999964237213,2.5,5.940171241760254,152.0,2.0,625.0,10.0,9500.0,144400.0,0.6000000238418579,15.199999809265137,0.796875,0.7906976938247681,0.75,0.325411319732666,0.32358318567276,42.93,25
-0.1359416568562696,0.08475089375154751,0.1207460345979417,-0.11499211326566156,-0.1298420457437862,-0.06701636378020723,-2.400126084412743,-0.4024549361800236,-0.17431686409545757,0.019372970507647184,-0.02250335769485661,0.0,-0.1001558195981083,0.03467084329966445,-0.31358657789072647,0.03014275407294136,-0.1420656798696334,-0.16051499934531108,-0.06788658444289326,-0.3038693262269019,-0.3678556223597095,-0.003679568827229152,-0.7503889148312889,-0.11196466342211812,-0.5104383970639587,-0.26482290727718144,-0.0661664774964312,-0.21661073790720412,0.205211286053598,-0.4102566880635649,25.0,60.0,40.0,380.0,0.4099999964237213,0.8999999761581421,34.90999984741211,210.0,155.8000030517578,276.4349060058594,1.5,1.0,0.008999999612569809,2.3684210777282715,0.1680999994277954,2.4390244483947754,5.940171241760254,155.8000030517578,1.9390244483947754,625.0,10.25,9500.0,144400.0,0.6150000095367432,15.199999809265137,0.7846153974533081,0.8571428656578064,0.5,0.20109689235687256,0.21206581592559814,44.58,25
-0.2195310593066249,0.03654917049725719,0.08528570733800396,-0.040869574962704304,-0.3919305687300555,0.10267756179969997,-11.50980867354325,-0.7397912066041039,-0.2732352791207072,-0.041702294993522376,-0.1256163500552652,0.0,0.2808301965558851,-0.743514492547323,-0.20966206607589907,-0.04650471563501922,-0.11318557615679738,-0.19965264457609985,-0.12704017818654437,-0.48885055506749225,-0.24854648945698898,-0.199185159737595,-0.6596881537563426,-0.133351693652405,-0.42979217111968426,-0.3920474496274086,-0.5068047575485598,-0.22867101524450387,-0.6171429991603785,-0.5004152869308466,25.0,60.0,40.0,380.0,0.4099999964237213,1.0,25.829999923706055,215.0,155.8000030517578,276.4349060058594,1.5,1.0,0.009999999776482582,2.6315789222717285,0.1680999994277954,2.4390244483947754,5.940171241760254,155.8000030517578,1.9390244483947754,625.0,10.25,9500.0,144400.0,0.6150000095367432,15.199999809265137,0.7846153974533081,0.9534883499145508,0.1666666716337204,0.311355322599411,0.06776557117700577,30.42,25
-0.10360825059075712,0.09466060013634839,0.2709900088758909,0.004733986330321473,-0.26666219758562376,0.03193901315456613,-13.175473435317135,-0.3640603655622378,-0.1413673005605756,-0.07008179263767736,0.019718532746976842,0.0,0.004031529448939705,0.07837414570225303,-0.2442199688196509,0.17707330569988738,-0.2321183867917386,-0.1085441750343314,-0.20442134742845192,-0.4974067565491054,-0.394954647251054,-0.2936721762124964,-0.515495997896228,-0.06411239341693956,-0.17822721993783172,-0.05560980874836682,0.3708672053293345,0.36961731455246305,0.5187573197789784,-0.29251250529468475,25.0,60.0,40.0,380.0,0.4000000059604645,0.949999988079071,22.18000030517578,200.0,152.0,272.6349182128906,1.5,1.0,0.009499999694526196,2.5,0.1599999964237213,2.5,5.940171241760254,152.0,2.0,625.0,10.0,9500.0,144400.0,0.6000000238418579,15.199999809265137,0.796875,1.0,0.0,0.19780220091342926,0.06410256773233414,32.02,25
-0.06668882044091519,0.019965036511653933,0.08299822935539808,0.09987384542732025,-0.032917818944325175,-0.059030967851052135,1.0096629750095731,-0.2929195016734815,-0.04001699809948598,-0.16022054676287,-0.005139062861313991,0.0,-0.11712396685992445,-0.1599503036586108,0.06728718907571193,0.15784869384369551,-0.29332505829290273,0.3023641884585574,0.15054773515180753,-0.5268965017829765,-0.441107502339624,-0.22333518167707522,-0.49650540733290854,-0.011027189446327572,-0.2412801292776173,0.04018833228320465,-0.6163326406122266,-0.11535819263747837,-1.2008884139894123,-0.8408592006975599,25.0,60.0,40.0,380.0,0.38999998569488525,0.8500000238418579,40.27000045776367,200.0,148.1999969482422,268.8349304199219,1.5,1.0,0.008500000461935997,2.236842155456543,0.15209999680519104,2.5641026496887207,5.940171241760254,148.1999969482422,2.0641026496887207,625.0,9.75,9500.0,144400.0,0.5849999785423279,15.199999809265137,0.8095238208770752,0.875,0.4166666567325592,0.32967033982276917,0.06410256773233414,43.22,25
-0.09502485307697323,-0.07076204868998687,0.03132411648272791,-0.1487080299704337,0.12845728505256523,0.04167179195628723,1.7317697740280784,0.2911229740251769,0.25760999234846665,0.14142167639780676,-0.020749125835344207,0.0,-0.00227277943478911,0.10854052659155192,-0.040274218324047706,0.1519013071064299,-0.15635426736107935,0.22780335386287712,0.05249603513000068,-0.35742373416505174,0.4291765842919305,-0.05520535490790627,-0.6927043346069442,-0.08484075165254634,-0.488509693106525,-0.07465154234607237,-0.09822250976443538,0.03530541632636098,0.21567028639532668,-0.24922940465715504,25.0,60.0,40.0,380.0,0.38999998569488525,0.8500000238418579,40.27000045776367,190.0,148.1999969482422,268.8349304199219,1.5,1.0,0.008500000461935997,2.236842155456543,0.15209999680519104,2.5641026496887207,5.940171241760254,148.1999969482422,2.0641026496887207,625.0,9.75,9500.0,144400.0,0.5849999785423279,15.199999809265137,0.8095238208770752,0.9736841917037964,0.0833333358168602,0.10054844617843628,0.21206581592559814,51.26,25
-0.057313083470632256,-0.004072136663823162,0.05826720843986645,0.12500019984555802,-0.04418828158894901,-0.046945777036325693,3.8825309964163486,-0.25523352910942554,-0.12510535659932892,-0.02039308383387579,-0.0020908234014537976,0.0,-0.04904483212143999,-0.0448190141042995,-0.10593768195721358,0.1401226995459015,-0.27715994065241484,-0.16532019040682347,-0.010008420591327321,-0.5608565968840291,-0.3438822051436408,-0.27555020879009084,-0.3703483817250708,-0.04901292512297471,-0.06913883950457664,0.008801382899604577,-0.27766771542655005,-0.10084789445348302,0.029058504250103184,-0.7725509246538457,25.0,60.0,40.0,380.0,0.4000000059604645,0.8999999761581421,45.9900016784668,195.0,152.0,272.6349182128906,1.5,1.0,0.008999999612569809,2.3684210777282715,0.1599999964237213,2.5,5.940171241760254,152.0,2.0,625.0,10.0,9500.0,144400.0,0.6000000238418579,15.199999809265137,0.796875,0.8717948794364929,0.4166666567325592,0.08974359184503555,0.21794871985912323,48.67,25
-0.09594547090660918,-0.01410513403403819,0.15871149042557497,0.03634678088341227,0.028868355073588713,-0.039030420206820994,1.9477283251263657,-0.017298057107416723,-0.1377833564880914,0.20189315750807216,0.0259917944433056,0.0,-0.10925733203157502,-0.10696788636022377,-0.2589749048633348,0.11958267334572817,-0.2609749053460669,-0.020376050603881812,-0.06424238601170772,-0.5552154001033401,-0.7460253655556613,-0.2462564075028281,-0.5002285770764751,-0.03283785472565841,-0.19525157884608355,-0.42367725418894026,-0.10644390517838424,-0.1793963807026207,-0.9126002314358908,-0.33119634050350666,25.0,60.0,40.0,380.0,0.4000000059604645,0.8999999761581421,41.29999923706055,210.0,152.0,272.6349182128906,1.5,1.0,0.008999999612569809,2.3684210777282715,0.1599999964237213,2.5,5.940171241760254,152.0,2.0,625.0,10.0,9500.0,144400.0,0.6000000238418579,15.199999809265137,0.796875,0.9523809552192688,0.1666666716337204,0.31501832604408264,0.21978022158145905,46.67,25
-0.1363035049238737,0.07366238867499947,0.09605609352729289,-0.12135725309015508,-0.14356278609010237,-0.09683753278138721,-3.077110189909583,-0.608398731532148,-0.20298031703611089,-0.0024333243546808517,-0.02250335769485661,0.0,-0.09638844109402668,-0.10663011660065967,-0.31358657789072647,0.03014275407294136,-0.1414269743175773,-0.18409018129994348,-0.02690520206276686,-0.31161162658323216,-0.3946092672227241,-0.10401066603917708,-0.6876862340143746,-0.20805403042557588,-0.5713552266592774,-0.2797032762681428,-0.30850006642543026,-0.34084624582195355,0.15635005047187583,-0.42929031920478394,25.0,60.0,40.0,380.0,0.4099999964237213,0.8999999761581421,35.52000045776367,210.0,155.8000030517578,276.4349060058594,1.5,1.0,0.008999999612569809,2.3684210777282715,0.1680999994277954,2.4390244483947754,5.940171241760254,155.8000030517578,1.9390244483947754,625.0,10.25,9500.0,144400.0,0.6150000095367432,15.199999809265137,0.7846153974533081,0.8333333134651184,0.5833333134651184,0.1736745834350586,0.21206581592559814,38.82,25
-0.13796573397604697,0.030421535283461032,0.1514517034263782,-0.10672436539576363,-0.14625670381505762,0.04247297601151284,-1.9951356327961238,-0.19485861024008605,-0.13105484474657242,-0.0009944338440783555,-0.014141302756638255,0.0,0.0068264060073028624,-0.026343895850600218,-0.3151591629940246,0.008613872238337998,-0.16559774602600494,-0.13947922723423187,-0.028764903237216036,-0.33766510844919784,-0.36137976171636266,-0.10168502562888018,-0.6841672625198667,-0.0738709319384866,-0.4840090459779885,-0.2823770506702372,-0.19970581320396652,-0.3835329125044422,-0.775472456979775,-0.2692229452955389,25.0,60.0,40.0,380.0,0.4099999964237213,0.8500000238418579,36.54999923706055,220.0,155.8000030517578,276.4349060058594,1.5,1.0,0.008500000461935997,2.236842155456543,0.1680999994277954,2.4390244483947754,5.940171241760254,155.8000030517578,1.9390244483947754,625.0,10.25,9500.0,144400.0,0.6150000095367432,15.199999809265137,0.7846153974533081,0.7954545617103577,0.75,0.3144424259662628,0.007312614470720291,41.2,25
-0.16213616004437223,0.047865840169725754,0.15076467390189546,0.06369518014781365,-0.21933035509706694,-0.08742882247479497,-9.020324128732238,-0.017413246939419064,-0.20040976658111276,-0.17683031505606547,0.06328056596442952,0.0,-0.11831892060937674,-0.24113370697318764,-0.31723065227064084,-0.08325699436189868,-0.2437791017865226,-0.489236942883469,-0.09337673994069733,-0.537802719800942,-0.6296870117887452,-0.2232780782525806,-0.5526806509188988,-0.03265749411284265,-0.21115696923706576,-0.3645128037773918,-0.04029704410155074,-0.1497742556950205,0.009465416958188254,-0.3999919316711443,25.0,60.0,40.0,380.0,0.4099999964237213,0.8999999761581421,28.399999618530273,180.0,155.8000030517578,276.4349060058594,1.5,1.0,0.008999999612569809,2.3684210777282715,0.1680999994277954,2.4390244483947754,5.940171241760254,155.8000030517578,1.9390244483947754,625.0,10.25,9500.0,144400.0,0.6150000095367432,15.199999809265137,0.7846153974533081,1.0,0.0,0.1684981733560562,0.21978022158145905,48.67,25
-0.07544823992433623,-0.06811450856510999,-0.075315015611567,0.06949873804149286,-0.29521942447996635,0.019497949909572466,-4.381290840402861,0.13865407476854735,-0.12336522813546437,0.0659976701522887,-0.03954259140207357,0.0,-0.10587243063895718,-0.1685260667593842,-0.25880714586039094,0.046065976313900255,-0.22509481736808853,-0.2609974324665618,-0.12261535946970187,-0.4943407504013768,-0.2560548349579238,-0.22674306281111883,-0.47134311614077495,-0.11646040647692879,-0.23131715043425777,-0.15635181998856984,-0.20647374702391957,-0.06497513179528425,-0.8376268499408197,-0.10047681429861599,25.0,58.0,42.0,380.0,0.4099999964237213,0.8500000238418579,35.52000045776367,190.0,155.8000030517578,276.4349060058594,1.3809523582458496,1.0,0.008500000461935997,2.236842155456543,0.1680999994277954,2.4390244483947754,5.940171241760254,155.8000030517578,1.9390244483947754,625.0,10.25,9500.0,144400.0,0.5661904811859131,15.199999809265137,0.7846153974533081,0.9473684430122375,0.1666666716337204,0.32967033982276917,0.05677655711770058,46.67,25
-0.13452184707206857,-0.055090931018339034,-0.021808906477160325,-0.16084623296937528,-0.1511897454882041,-0.08472763740256053,-2.060863068871435,-0.32931617070997754,-0.18353515667161194,-0.010061698802219486,-0.07894535092227048,0.0,-0.11524385412284609,-0.05729045167597152,-0.30162148098764197,-0.0018595226318066113,-0.1351535135824519,-0.17570737767846384,-0.032658543376985295,-0.3537916353757402,-0.29072364737664114,-0.08473882157822951,-0.7157656007147751,0.06978543171806563,-0.5045173245089778,-0.3090939241861297,-0.3409733258947047,-0.43935552057583405,-0.4820013512297623,0.18065888771057653,25.0,58.0,42.0,380.0,0.4099999964237213,0.8999999761581421,36.54999923706055,230.0,155.8000030517578,276.4349060058594,1.3809523582458496,1.0,0.008999999612569809,2.3684210777282715,0.1680999994277954,2.4390244483947754,5.940171241760254,155.8000030517578,1.9390244483947754,625.0,10.25,9500.0,144400.0,0.5661904811859131,15.199999809265137,0.7846153974533081,0.782608687877655,0.8333333134651184,0.3144424259662628,0.062157221138477325,38.82,25
-0.0943324152592286,0.10159461884507616,0.22039905953636404,-0.0960002706061721,-0.14123121726884738,0.057019972219861235,-5.006441778734839,0.3935175554925878,-0.10072310240955389,0.08344933296747062,0.027485502366518248,0.0,0.04105466174971289,-0.1144964754085474,-0.35617780496734125,0.022173819626404124,-0.14389659265554924,-0.1552157988927174,-0.061023546629900886,-0.3234044002279045,-0.3431377802017075,-0.09833326942979755,-0.7317479403823152,-0.13625656497271443,-0.4090597694498337,-0.30971783202099396,-0.8177462959013834,-0.7909923935862496,-0.915154695072462,-0.17217721778313017,25.0,60.0,40.0,380.0,0.4099999964237213,0.800000011920929,28.399999618530273,180.0,155.8000030517578,276.4349060058594,1.5,1.0,0.00800000037997961,2.1052632331848145,0.1680999994277954,2.4390244483947754,5.940171241760254,155.8000030517578,1.9390244483947754,625.0,10.25,9500.0,144400.0,0.6150000095367432,15.199999809265137,0.7846153974533081,0.6111111044883728,1.1666666269302368,0.3144424259662628,0.062157221138477325,41.2,25
-0.12760621717390896,0.0780005530913882,0.09803248188793494,-0.08535434355766065,-0.1557581755253128,-0.014591203048371922,-3.25439576721758,-0.0061674630097055365,-0.11230299578964263,0.03367141128461649,-0.01936693532395347,0.0,-0.022944969833398724,0.020056177797655193,-0.3148697062576558,0.06813358092453138,-0.14687015129940645,-0.14520240771390097,-0.04914312160834106,-0.3030277321570999,-0.3696644192930989,-0.05267998035249594,-0.7431703409096748,-0.11244006255060107,-0.5210172366317533,-0.270777048762946,0.10093468931843888,-0.08109377525742903,0.07369905701870104,-0.39893943647815844,25.0,60.0,40.0,380.0,0.4099999964237213,0.8500000238418579,34.5,205.0,155.8000030517578,276.4349060058594,1.5,1.0,0.008500000461935997,2.236842155456543,0.1680999994277954,2.4390244483947754,5.940171241760254,155.8000030517578,1.9390244483947754,625.0,10.25,9500.0,144400.0,0.6150000095367432,15.199999809265137,0.7846153974533081,0.8780487775802612,0.4166666567325592,0.09689214080572128,0.21206581592559814,41.15,25
-0.1578582576518817,0.0691073924513824,0.06973932059135547,-0.04624181909953789,-0.31407646981594106,-0.04397037220365197,-3.608482415840991,-0.45768543093924613,-0.29840465887582257,0.00771737291852639,-0.03303078526538123,0.0,-0.01826982379075208,-0.0862473291906344,-0.1663421457080824,-0.04861503016615151,-0.16043453843763644,-0.37144086239921903,-0.0754439181275363,-0.45696977046765624,-0.18738235140477008,-0.17964276797867057,-0.6243326058890941,-0.37756512123826447,-0.41496411472509,-0.33080146631644197,-0.40225970190920013,-0.40580787522056266,-0.11345166364946338,0.45065125510390086,25.0,60.0,40.0,380.0,0.4099999964237213,0.8500000238418579,34.5,225.0,155.8000030517578,276.4349060058594,1.5,1.0,0.008500000461935997,2.236842155456543,0.1680999994277954,2.4390244483947754,5.940171241760254,155.8000030517578,1.9390244483947754,625.0,10.25,9500.0,144400.0,0.6150000095367432,15.199999809265137,0.7846153974533081,0.800000011920929,0.75,0.09340659528970718,0.31501832604408264,41.15,25
-0.06491388397054311,0.03678135852350267,0.10647265431216725,0.08538359768358089,-0.26326492034505666,0.07402475671757586,-3.959851846878168,0.047168632898047874,-0.07618768533620252,0.09616816889969625,0.007368605521468132,0.0,-0.037541815520846594,-0.09787709719785222,-0.2666585311432286,0.00047604163371153796,-0.23078841438364048,-0.32949145777339084,-0.13004286095289463,-0.45978753377124815,-0.2896718455178154,-0.2399361502128149,-0.4032272467822756,-0.18167499387885272,-0.17732603080817194,-0.1246578669494873,0.1662128019975086,0.07307350412739319,0.7392856297763665,-0.5890627515026111,25.0,60.0,40.0,380.0,0.4099999964237213,0.8500000238418579,33.79999923706055,205.0,155.8000030517578,276.4349060058594,1.5,1.0,0.008500000461935997,2.236842155456543,0.1680999994277954,2.4390244483947754,5.940171241760254,155.8000030517578,1.9390244483947754,625.0,10.25,9500.0,144400.0,0.6150000095367432,15.199999809265137,0.7846153974533081,0.8536585569381714,0.5,0.02380952425301075,0.21794871985912323,43.25,25
-0.10518940838960512,-0.028433424079370096,-0.21245350877036084,0.04883555144245767,-0.20912083181901206,-0.049014183601226884,-4.196742482079172,0.8594829772215014,-0.17650534613400637,-0.14070278760228289,-0.0410999488263077,0.0,-0.07282938818965339,-0.14961445494781592,-0.27193254450207593,-0.01662157569511939,-0.23030919898970975,-0.4477031792435441,-0.10069818670406613,-0.5561222817984973,-0.5656967244001205,-0.16493268176592607,-0.467303113641453,0.05931886277572233,-0.07778506760051347,-0.3299677618550867,0.18031542596284478,0.3096239197128272,0.056226246572023526,0.47221111583192077,25.0,58.0,42.0,380.0,0.4099999964237213,0.8999999761581421,33.79999923706055,223.0,155.8000030517578,276.4349060058594,1.3809523582458496,1.0,0.008999999612569809,2.3684210777282715,0.1680999994277954,2.4390244483947754,5.940171241760254,155.8000030517578,1.9390244483947754,625.0,10.25,9500.0,144400.0,0.5661904811859131,15.199999809265137,0.7846153974533081,1.0071748495101929,-0.02666666731238365,0.02380952425301075,0.30586081743240356,43.25,25
-0.08333073319282401,0.037257505863324526,0.036522704557880974,-0.015010644775742618,-0.30172113322873584,0.1068176476393296,-8.077595420712953,-1.3011593423451597,-0.17081587711516102,0.05454705649412466,0.04924554632904332,0.0,-0.008038234377569332,-0.15896544425543935,-0.22807376253349682,-0.22187691099296464,-0.1970083961613537,-0.26690813321852885,-0.08661881249228605,-0.4778166680807523,-0.2671671816842128,-0.15021617148005675,-0.6328895083560316,-0.2006147764153554,-0.19931296016957506,-0.18769137542477154,-0.3706949658296692,-0.392749496238989,-0.06618228952682344,0.30063228521195084,25.0,60.0,40.0,380.0,0.4099999964237213,0.8500000238418579,30.600000381469727,230.0,155.8000030517578,276.4349060058594,1.5,1.0,0.008500000461935997,2.236842155456543,0.1680999994277954,2.4390244483947754,5.940171241760254,155.8000030517578,1.9390244483947754,625.0,10.25,9500.0,144400.0,0.6150000095367432,15.199999809265137,0.7846153974533081,0.760869562625885,0.9166666865348816,0.02559415064752102,0.32358318567276,34.9,25
-0.06491388397054311,0.047425580700269004,0.1628254500373896,0.11832047192222583,-0.265531276419886,-0.06286013096301028,-3.526025655386621,-0.4702613607810083,-0.11055633048407897,0.09584178633113855,-0.005258034338876349,0.0,-0.035459924205234986,-0.04951457240015171,-0.26465380202563216,0.05163666505880797,-0.2330644464542092,-0.24750353994515184,-0.09513885676746672,-0.46366377091847927,-0.2826335285372817,-0.20507084005567333,-0.4492158814923255,-0.006475082088591007,-0.15485921341837805,-0.09756707699624902,0.0684354310010776,0.005197865712447437,0.8848541390882597,0.20846330240894587,25.0,60.0,40.0,380.0,0.4099999964237213,0.8999999761581421,36.0,210.0,155.8000030517578,276.4349060058594,1.5,1.0,0.008999999612569809,2.3684210777282715,0.1680999994277954,2.4390244483947754,5.940171241760254,155.8000030517578,1.9390244483947754,625.0,10.25,9500.0,144400.0,0.6150000095367432,15.199999809265137,0.7846153974533081,0.8571428656578064,0.5,0.02380952425301075,0.04212454333901405,42.8,25
-0.1027870162769973,0.010885545821549972,0.1670658536907618,0.07575451414474682,-0.19497352098566323,-0.0036501543067629853,-3.236723468202602,-0.024579173453978136,-0.09642465263194544,-0.22227880709828063,0.03305870344293218,0.0,-0.08317535840689054,-0.08633888823978661,-0.3363384659889813,0.026130628749786035,-0.2437570740059303,-0.3740300142399493,-0.08357968493870209,-0.5479321399043907,-0.5722112876066426,-0.12074887335379657,-0.5220711552875197,0.021497296630104655,-0.012190975910146071,-0.38951287755598746,0.1769710033863884,0.14102154690499322,0.5360900833424965,0.10587688668742161,25.0,60.0,40.0,380.0,0.4099999964237213,0.8999999761581421,36.0,190.0,155.8000030517578,276.4349060058594,1.5,1.0,0.008999999612569809,2.3684210777282715,0.1680999994277954,2.4390244483947754,5.940171241760254,155.8000030517578,1.9390244483947754,625.0,10.25,9500.0,144400.0,0.6150000095367432,15.199999809265137,0.7846153974533081,0.5263158082962036,1.5,0.045787546783685684,0.04029304161667824,42.8,25
-0.050215337729880266,0.02579316238564391,0.030864798760638707,0.0696955952724943,-0.3558984126077104,-0.04954928008339948,-0.22493097597745246,0.49649979713026776,-0.06932417610253314,0.07317493796654953,0.032980866261993126,0.0,-0.07396365684198207,-0.1713587220586372,-0.16483336819227937,-0.21361837612959056,-0.18597512522123577,-0.18906510640204813,-0.05384323318150025,-0.45616046967786944,-0.1638025862549209,-0.17705813804103965,-0.6463551863487206,-0.16206216272542398,-0.04735291021077688,-0.15724734484436564,-0.05437569129946884,-0.11637006319289503,0.26954236251653635,0.11382221285611706,25.0,60.0,40.0,380.0,0.4099999964237213,0.8999999761581421,39.5,190.0,155.8000030517578,276.4349060058594,1.5,1.0,0.008999999612569809,2.3684210777282715,0.1680999994277954,2.4390244483947754,5.940171241760254,155.8000030517578,1.9390244483947754,625.0,10.25,9500.0,144400.0,0.6150000095367432,15.199999809265137,0.7846153974533081,0.9210526347160339,0.25,0.045703839510679245,0.04387568682432175,46.5,25
-0.007129487404942923,0.02548844329054673,0.03865895610759219,0.08445616148704226,-0.3269326106572859,0.045634698509306786,-0.300922408584846,0.48918509528223775,0.010556352664900102,0.12797682992275278,0.040185102494843944,0.0,0.0245759310114325,-0.01755013835883231,-0.1420320376535043,-0.21498553541200113,-0.17927679260168825,-0.2504819061630245,-0.02069173724628396,-0.4308034678275319,-0.15104812537526777,-0.18689370859870982,-0.657794279353512,-0.11098291643932323,-0.05381511509389961,-0.16615703468871315,-0.014970298268161061,0.7390221537880203,0.0727241060913386,-0.5161454011328045,25.0,60.0,40.0,380.0,0.4099999964237213,0.8500000238418579,39.29999923706055,170.0,155.8000030517578,276.4349060058594,1.5,1.0,0.008500000461935997,2.236842155456543,0.1680999994277954,2.4390244483947754,5.940171241760254,155.8000030517578,1.9390244483947754,625.0,10.25,9500.0,144400.0,0.6150000095367432,15.199999809265137,0.7846153974533081,0.5882353186607361,1.1666666269302368,0.045703839510679245,0.23765996098518372,44.9,25
-0.04133603353880786,0.07035465232874741,0.07418290601726053,0.09199354417257223,-0.34461993181120215,-0.06419212718329975,-1.9755986480555154,0.09361916464941229,-0.11631004305392939,0.04675466951108716,0.027296740741349034,0.0,-0.07930256443513414,-0.10595736883669796,-0.17319217295894546,-0.2151107627140586,-0.17633230235161268,-0.29671122466809857,-0.031635239000636695,-0.46602710128741226,-0.1907018697724934,-0.2094456924083131,-0.6617386891564098,0.13857749077775294,-0.07956147942789855,-0.17543505257094635,0.5516431166747197,0.29096342663669506,-0.18717700413875954,-0.41456506047384495,25.0,60.0,40.0,380.0,0.4099999964237213,0.8999999761581421,37.20000076293945,160.0,155.8000030517578,276.4349060058594,1.5,1.0,0.008999999612569809,2.3684210777282715,0.1680999994277954,2.4390244483947754,5.940171241760254,155.8000030517578,1.9390244483947754,625.0,10.25,9500.0,144400.0,0.6150000095367432,15.199999809265137,0.7846153974533081,1.09375,-0.25,0.045703839510679245,0.23765996098518372,44.3,25
-0.0659727109875291,0.01640573944120342,0.012744717353588723,0.12394123146772577,-0.3290732445430385,-0.07903442193910785,-7.600796596874552,-1.2975892267787343,-0.1933484061532197,0.031730455770671455,0.01880772759063488,0.0,-0.09834812325873561,-0.04364481375725815,-0.22805544345824177,-0.0004565607397641182,-0.22719502477409043,-0.3520320124233884,-0.13924908837880712,-0.45576523876627506,-0.28100322415928325,-0.2142593704134003,-0.41010385851421627,-0.12090110681108707,-0.19188497661495627,-0.13971004541148047,-0.4184658317629528,-0.18868535570436518,-0.5098589347959048,0.5690612686808314,25.0,60.0,40.0,380.0,0.4099999964237213,0.8999999761581421,30.899999618530273,230.0,155.8000030517578,276.4349060058594,1.5,1.0,0.008999999612569809,2.3684210777282715,0.1680999994277954,2.4390244483947754,5.940171241760254,155.8000030517578,1.9390244483947754,625.0,10.25,9500.0,144400.0,0.6150000095367432,15.199999809265137,0.7846153974533081,0.9347826242446899,0.25,0.05128205195069313,0.3223443329334259,35.8,25
-0.1578582576518817,0.04617788067446171,0.04240888775239893,-0.007574910240840271,-0.3060425001653872,-0.03004822307490322,-2.653552416641061,-0.44137957452427073,-0.21502596294583315,0.04272294522930877,-0.043900126095504505,0.0,-0.0036574388348277545,-0.08747150851284628,-0.17243992457852084,-0.05644591436578172,-0.15824619399623127,-0.2795043872770568,-0.04444652455998769,-0.46389260018664485,-0.16191630357605946,-0.23203689206976708,-0.5733470059337316,-0.1784898864627649,-0.2797816350686662,-0.3047235560030067,-0.2058024276362109,-0.29355502503217645,0.07965769775856911,0.4662513619602521,25.0,60.0,40.0,380.0,0.4099999964237213,0.8500000238418579,36.099998474121094,215.0,155.8000030517578,276.4349060058594,1.5,1.0,0.008500000461935997,2.236842155456543,0.1680999994277954,2.4390244483947754,5.940171241760254,155.8000030517578,1.9390244483947754,625.0,10.25,9500.0,144400.0,0.6150000095367432,15.199999809265137,0.7846153974533081,0.8139534592628479,0.6666666865348816,0.049450550228357315,0.31501832604408264,43.35,25
-0.16159668472487831,0.11884229566600338,0.23414119108169973,-0.01444621789103365,-0.23969319782062568,-0.09774442876342183,-8.475658831502688,0.0863775807581187,-0.102380161596,-0.2685241937425648,0.1569366477924278,0.0,-0.10984088125246004,-0.2804585367085278,-0.28670767010356685,-0.10696349958790057,-0.27662956557594953,-0.39357896309214296,-0.14870512994713111,-0.5377051110324969,-0.8007488160610915,-0.1859727607361352,-0.5003596034250045,0.044966860162469945,-0.2220977434531955,-0.4628265970484903,0.24623404654337397,-0.015396079009625991,-0.9236444605967216,-0.4829619137753217,25.0,60.0,40.0,380.0,0.4099999964237213,0.8999999761581421,28.0,85.0,155.8000030517578,276.4349060058594,1.5,1.0,0.008999999612569809,2.3684210777282715,0.1680999994277954,2.4390244483947754,5.940171241760254,155.8000030517578,1.9390244483947754,625.0,10.25,9500.0,144400.0,0.6150000095367432,15.199999809265137,0.7846153974533081,2.058823585510254,-1.5,0.31501832604408264,0.04029304161667824,40.5,25
-0.1677432965297871,0.10205951256753214,0.19314913983328585,0.032751614834672205,-0.20411846436701178,-0.03958199608726252,-6.955478879877655,-0.4895839942160862,-0.05552410861993957,-0.18176074025006228,0.10683147043618636,0.0,-0.10257675985443088,-0.19960159846418518,-0.25239233012375745,-0.07133960387884102,-0.27491394090090904,-0.37647767928391435,-0.07353458658210747,-0.5563534663400552,-0.5515528401930612,-0.11953546072403443,-0.5175347975901503,-0.10245087732686334,-0.15025643912908118,-0.38051889129599237,0.39910149964635677,1.0309963347155624,-0.6342628863009836,0.1423613330236397,25.0,60.0,40.0,380.0,0.4099999964237213,0.8999999761581421,29.100000381469727,225.0,155.8000030517578,276.4349060058594,1.5,1.0,0.008999999612569809,2.3684210777282715,0.1680999994277954,2.4390244483947754,5.940171241760254,155.8000030517578,1.9390244483947754,625.0,10.25,9500.0,144400.0,0.6150000095367432,15.199999809265137,0.7846153974533081,0.4888888895511627,1.9166666269302368,0.31501832604408264,0.005494505632668734,34.5,25
-0.05591219452448358,0.033816031917219505,0.03940009221848977,0.0346697858990446,-0.36376602235358546,-0.07570184320269961,-6.900390485483834,-0.09318310594028803,-0.10988688696436578,0.12256735188194419,0.08352886975891083,0.0,-0.09036977814407797,-0.10217740287569296,-0.2221153331784082,-0.17532668457130857,-0.20876049017255527,-0.24915105377277225,-0.06784606718357855,-0.459452424728231,-0.19940339411772467,-0.115102554827098,-0.6103418501587677,-0.03240296941857043,-0.1640264737559625,-0.17698427684769696,0.044328492530570314,-0.013442496418613913,0.41847650671846826,0.7021193350781569,25.0,60.0,40.0,380.0,0.4099999964237213,0.8999999761581421,29.299999237060547,195.0,155.8000030517578,276.4349060058594,1.5,1.0,0.008999999612569809,2.3684210777282715,0.1680999994277954,2.4390244483947754,5.940171241760254,155.8000030517578,1.9390244483947754,625.0,10.25,9500.0,144400.0,0.6150000095367432,15.199999809265137,0.7846153974533081,0.9230769276618958,0.25,0.1681901216506958,0.32358318567276,31.7,25
-0.11769007344325616,0.08515514946095867,0.2583444754916029,-0.004483053922088504,-0.3313735048066086,-0.04208673404210642,-4.48749371246124,0.22817177996681892,-0.2510771170023263,0.03372534548390975,0.015442237286916334,0.0,-0.074319865554283,-0.14760609166525357,-0.146432813965354,-0.023226414926130916,-0.10985674165654326,-0.20301882579889172,-0.04717659203894455,-0.42397856825011787,-0.2259489451223447,-0.11733116326827989,-0.5635194674139723,-0.011594098851600182,-0.24343520466429505,-0.2545934904833373,0.30633593805054443,0.2833860693603066,0.3469107421087133,-0.5124822981839635,25.0,60.0,40.0,380.0,0.4099999964237213,0.8999999761581421,34.70000076293945,180.0,155.8000030517578,276.4349060058594,1.5,1.0,0.008999999612569809,2.3684210777282715,0.1680999994277954,2.4390244483947754,5.940171241760254,155.8000030517578,1.9390244483947754,625.0,10.25,9500.0,144400.0,0.6150000095367432,15.199999809265137,0.7846153974533081,0.9722222089767456,0.0833333358168602,0.16300366818904877,0.21794871985912323,40.6,25
-0.05166796665499584,0.033411413040443656,0.060586131946855026,0.1401024408083494,-0.2665985826303044,0.0008440580626725662,-4.600901066565153,0.045487149179515025,-0.10469164576031076,0.014631941527694857,-0.025333466744786284,0.0,0.04658373512298578,0.036051922295243344,-0.2644575072946522,0.05206164642957295,-0.22727823591582247,-0.359029090531829,-0.10982624924792336,-0.469155108959991,-0.331241823853572,-0.21438210075879327,-0.43059651969361756,-0.1812758038166583,-0.21482453826123563,-0.14360946723843582,-0.23275803220827174,-0.06273031399871815,0.32515230245621374,0.7046483439261365,25.0,60.0,40.0,380.0,0.4099999964237213,0.949999988079071,35.400001525878906,200.0,155.8000030517578,276.4349060058594,1.5,1.0,0.009499999694526196,2.5,0.1680999994277954,2.4390244483947754,5.940171241760254,155.8000030517578,1.9390244483947754,625.0,10.25,9500.0,144400.0,0.6150000095367432,15.199999809265137,0.7846153974533081,0.75,0.8333333134651184,0.1684981733560562,0.3223443329334259,35.6,25
-0.06411732530056795,0.14362387833805443,0.24019165240052814,0.1132963814206303,-0.28686970633878733,-0.07776511173697538,-7.098796345729102,-0.13752372460768858,-0.1266901510335445,-0.03591275720081837,0.11161175988954382,0.0,-0.06859984560575014,-0.22227806134293904,-0.20011612543719948,0.017420041334304984,-0.22677090190781313,-0.3000957737593047,-0.12229573106120525,-0.4738368467639071,-0.31010595371327015,-0.19341399857343888,-0.414380876684464,-0.008840852047758693,-0.2411793030814044,-0.15940547522082132,0.6493494208227752,0.3930652653378352,-0.6553429163370595,-0.503449924986448,25.0,60.0,40.0,380.0,0.4099999964237213,0.8500000238418579,30.5,60.0,155.8000030517578,276.4349060058594,1.5,1.0,0.008500000461935997,2.236842155456543,0.1680999994277954,2.4390244483947754,5.940171241760254,155.8000030517578,1.9390244483947754,625.0,10.25,9500.0,144400.0,0.6150000095367432,15.199999809265137,0.7846153974533081,3.3333332538604736,-2.3333332538604736,0.32967033982276917,0.21794871985912323,40.5,25
-0.06071861146972949,-0.009714785285568224,-0.08043713312093231,-0.004237503422184322,-0.342331005018346,-0.16953757799657584,-8.337319304555129,-0.8687593886390624,-0.12850569699505912,0.046503868367867185,-0.12259694465980096,0.0,-0.22322934071483136,-0.3275182426694723,-0.2870574526255358,-0.1658097989093627,-0.21094849121863132,-0.31779030269889735,-0.11089598710949755,-0.46754850512778773,-0.31961106164794373,-0.14092099709445227,-0.6823545211025859,-0.06664730949936352,-0.38449764786169605,-0.18962200359288683,-0.4959301300099589,-0.4422463673036561,-1.2550114266701282,-0.7238241174335831,25.0,58.0,42.0,380.0,0.4099999964237213,0.8999999761581421,31.299999237060547,210.0,155.8000030517578,276.4349060058594,1.3809523582458496,1.0,0.008999999612569809,2.3684210777282715,0.1680999994277954,2.4390244483947754,5.940171241760254,155.8000030517578,1.9390244483947754,625.0,10.25,9500.0,144400.0,0.5661904811859131,15.199999809265137,0.7846153974533081,0.8571428656578064,0.5,0.325411319732666,0.23765996098518372,32.3,25
-0.13201909601663925,-0.09078177998870346,0.017237859374369523,-0.15899166599941836,-0.1177904500633264,-0.07036151714984434,-3.577061068591478,-0.24897890685806098,-0.16968022630448962,0.008158589999983736,-0.08290224675438414,0.0,-0.1062019052437662,-0.06286207499360431,-0.30188320944726726,0.048317425332013574,-0.11653583162890824,-0.1941683827714786,-0.03833625323060986,-0.31950911295992257,-0.33860609667564245,-0.07021594466340769,-0.7623493303474912,0.03352615639891717,-0.5266411308398135,-0.29909087842128573,-0.08939836345921087,0.03726761638536728,0.4833049554272715,-0.3904638291135355,25.0,58.0,42.0,380.0,0.4099999964237213,0.8999999761581421,34.599998474121094,210.0,155.8000030517578,276.4349060058594,1.3809523582458496,1.0,0.008999999612569809,2.3684210777282715,0.1680999994277954,2.4390244483947754,5.940171241760254,155.8000030517578,1.9390244483947754,625.0,10.25,9500.0,144400.0,0.5661904811859131,15.199999809265137,0.7846153974533081,0.8333333134651184,0.5833333134651184,0.10054844617843628,0.21206581592559814,37.7,25
0.011787638886404743,-0.05679434394315949,-0.07214135888116219,-0.4407899693963763,-0.29374884977738713,0.07250043395850243,-8.171140791748101,-0.25532343381026734,-0.09080500777582592,0.066979567090671,-0.03251878564237552,0.0,-0.05929729651077027,-0.1453583301930486,-0.3094541069565392,-0.33769995581907425,-0.49398515675209115,-0.3172769595905261,-0.14825108737864087,-0.37825037598064104,-0.14250410528002017,-0.12006809848371969,-0.4521338284508538,-0.06301722250680544,0.14426145378843236,-0.08688210050009271,-0.1256076388940498,-0.18370480796242555,-0.08101772411658804,-0.6344330439764339,25.0,58.0,42.0,355.0,0.4399999976158142,0.8500000238418579,28.0,200.0,156.1999969482422,268.8984069824219,1.3809523582458496,1.0,0.008500000461935997,2.3943662643432617,0.19359999895095825,2.2727272510528564,5.87211799621582,156.1999969482422,1.7727272510528564,625.0,11.0,8875.0,126025.0,0.607619047164917,14.199999809265137,0.75,0.75,0.8333333134651184,0.08974359184503555,0.21794871985912323,40.5,25
-0.06975349684936916,-0.06445743432094383,-0.0872865939667743,0.08858278081996117,-0.2999596912802637,-0.06667673029741436,-10.480076093736084,-0.895177532951811,-0.2218886079967872,0.034903160068361506,-0.053488549393408344,0.0,-0.09317714054580073,-0.06510866403369464,-0.2046632074208417,-0.010492720351734403,-0.26185264055883367,-0.37157140559098745,-0.1641590095225727,-0.46805142747054335,-0.3230266503539291,-0.2626883328829924,-0.4312606997416495,-0.17912802695883537,-0.3159683337667746,-0.1444627173390558,-0.4711245908262779,-0.22869289126299155,-0.010335289166541792,-0.6653949792819838,25.0,58.0,42.0,380.0,0.4099999964237213,0.8999999761581421,29.100000381469727,210.0,155.8000030517578,276.4349060058594,1.3809523582458496,1.0,0.008999999612569809,2.3684210777282715,0.1680999994277954,2.4390244483947754,5.940171241760254,155.8000030517578,1.9390244483947754,625.0,10.25,9500.0,144400.0,0.5661904811859131,15.199999809265137,0.7846153974533081,0.9523809552192688,0.1666666716337204,0.10256410390138626,0.21794871985912323,34.5,25
-0.15267887993456933,-0.07220633890520234,-0.2363518882428857,-0.17191747002980154,-0.20075781139565949,-0.06613245560858047,-8.329445364993559,0.49950172323253944,0.021052446300616763,-0.014782217884892717,-0.09109938377913898,0.0,-0.08956238178095884,-0.12592539619034826,-0.2529046513846147,-0.08145289018116472,-0.19045528820144303,0.07902211011620282,-0.09543795850722965,-0.5576992059275381,-0.6145356688096199,-0.1219907985589785,-0.48116067382536704,-0.045084228844939365,0.04845130711892724,-0.36038364777610044,0.3808280098340939,-0.1996760572194783,-0.8909778944182871,-0.4094370674249728,25.0,58.0,42.0,365.0,0.4099999964237213,0.8999999761581421,29.299999237060547,205.0,149.64999389648438,265.52301025390625,1.3809523582458496,1.0,0.008999999612569809,2.4657533168792725,0.1680999994277954,2.4390244483947754,5.899897575378418,149.64999389648438,1.9390244483947754,625.0,10.25,9125.0,133225.0,0.5661904811859131,14.600000381469727,0.7846153974533081,0.8536585569381714,0.5,0.31501832604408264,0.21978022158145905,31.7,25
-0.07192820762728042,0.07604401464364709,0.20737423591190396,0.14677399746292824,-0.32792792541335264,-0.0581006060901449,-4.526457026013626,0.18564203014504466,-0.11151842685827996,-0.05340937807093634,0.015211074134572952,0.0,-0.05317797642872408,-0.03158010242718186,-0.18137898188875093,0.07979109556559799,-0.2342808182349525,-0.2979440833839951,-0.13568031426069277,-0.4494121576525497,-0.29042078399625204,-0.19954153804109845,-0.4079519241196346,-0.056004264941018456,-0.16040379578315417,-0.15003453147601312,0.2985730158270771,0.28563437840862,0.4292139182999769,-0.5688736612942793,25.0,60.0,40.0,380.0,0.4099999964237213,0.8999999761581421,34.70000076293945,180.0,155.8000030517578,276.4349060058594,1.5,1.0,0.008999999612569809,2.3684210777282715,0.1680999994277954,2.4390244483947754,5.940171241760254,155.8000030517578,1.9390244483947754,625.0,10.25,9500.0,144400.0,0.6150000095367432,15.199999809265137,0.7846153974533081,1.0,0.0,0.1684981733560562,0.21794871985912323,40.6,25
-0.10594614307586646,0.031697417454388845,0.199095748429942,0.07949893759160469,-0.21097945163350962,-0.054914933277141746,-2.6104161967809048,-0.09819294540855614,-0.13699240002351848,-0.014616522087879452,0.01931025724191583,0.0,-0.12783487089757892,-0.20845253595030455,-0.30934900200929827,-0.03707755814585926,-0.22493587560302128,-0.4408563847497127,-0.07679413111659687,-0.5611166025327703,-0.5393267379316649,-0.2136339607136167,-0.5201218351437445,0.009133076327410868,-0.21420894901045323,-0.3743115096158923,0.3892043394357084,-0.035770895050731506,-0.5802260733175423,-0.3935654983608533,25.0,60.0,40.0,380.0,0.4099999964237213,0.8999999761581421,35.400001525878906,215.0,155.8000030517578,276.4349060058594,1.5,1.0,0.008999999612569809,2.3684210777282715,0.1680999994277954,2.4390244483947754,5.940171241760254,155.8000030517578,1.9390244483947754,625.0,10.25,9500.0,144400.0,0.6150000095367432,15.199999809265137,0.7846153974533081,0.930232584476471,0.25,0.31501832604408264,0.21978022158145905,35.6,25
-0.16190552750808207,0.08259359051396524,0.008503097271608142,-0.015251063604360623,-0.3165136854262305,-0.06641923802373709,-7.332148196855587,0.407306271675144,-0.24678114009821447,-0.02620857018773056,-0.049366525965631736,0.0,-0.09998471073011833,-0.28566423113124806,-0.21844934533801644,-0.04371645966292469,-0.16364199157432635,-0.27997461893414993,-0.0910140211807726,-0.4749153747834352,-0.22119254612105474,-0.19860943453784,-0.6397555192304165,-0.27673025607028023,-0.3328198116752556,-0.3253739910125523,0.2244857736149423,0.07143787840369656,-0.06683769173814327,0.7254347536932478,25.0,60.0,40.0,380.0,0.4099999964237213,0.8999999761581421,30.5,225.0,155.8000030517578,276.4349060058594,1.5,1.0,0.008999999612569809,2.3684210777282715,0.1680999994277954,2.4390244483947754,5.940171241760254,155.8000030517578,1.9390244483947754,625.0,10.25,9500.0,144400.0,0.6150000095367432,15.199999809265137,0.7846153974533081,0.8888888955116272,0.4166666567325592,0.311355322599411,0.31501832604408264,40.5,25
-0.14132024593530382,0.04252961599819179,0.12654319397334507,-0.06245259918351194,-0.270125773760419,-0.05606589414244781,-0.4443815444053515,-0.4418505707471789,-0.018674232817408383,0.11684617357738737,-0.005929337807439723,0.0,-0.09336634371782317,-0.24517997524734195,-0.026000080165448348,0.10699187475870425,-0.14475042130745802,0.087422288022283,-0.022260106497868932,-0.47913436908763124,-0.07023194117816087,-0.22520238848711258,-0.5571405150187296,0.09899320322606221,-0.26711532216075495,0.010280291515425078,-0.3074778134132715,-0.32096678033352083,-0.18200230609432796,-0.5003610882004869,25.0,60.0,40.0,380.0,0.4000000059604645,0.8999999761581421,39.29999923706055,220.0,152.0,272.6349182128906,1.5,1.0,0.008999999612569809,2.3684210777282715,0.1599999964237213,2.5,5.940171241760254,152.0,2.0,625.0,10.0,9500.0,144400.0,0.6000000238418579,15.199999809265137,0.796875,0.8181818127632141,0.6666666865348816,0.10256410390138626,0.21794871985912323,44.9,25
-0.05010975803138659,-0.0020031525147857616,0.043185767846471136,0.11038207918743807,0.0022206143949564444,-0.11472418084050648,-2.866712338326873,-0.7199647195285044,0.0029689550459550806,0.04443409890483952,-0.027669787644540367,0.0,-0.1139976303858561,-0.1283198363965919,0.15591308890283917,0.18537176354638604,-0.19679335338398488,0.40000326435985184,0.10385318070675843,-0.46177297325672,-0.3385857310838482,-0.2380403741686623,-0.45493665656363486,0.16833966083718654,-0.08943804645059077,0.1832822632556952,-0.4274968927850539,-0.1904473885272314,-0.06114668446978293,0.7090093832631981,25.0,60.0,40.0,380.0,0.38999998569488525,0.8999999761581421,37.20000076293945,215.0,148.1999969482422,268.8349304199219,1.5,1.0,0.008999999612569809,2.3684210777282715,0.15209999680519104,2.5641026496887207,5.940171241760254,148.1999969482422,2.0641026496887207,625.0,9.75,9500.0,144400.0,0.5849999785423279,15.199999809265137,0.8095238208770752,0.8139534592628479,0.6666666865348816,0.08974359184503555,0.3223443329334259,44.3,25
-0.058286212191109875,-0.004037071958713482,0.08129480198342903,0.12181681415088683,-0.0969367431070614,-0.07982867238017645,-2.54169775634995,-0.6374393732588889,-0.03601145175947988,0.08015832554617643,-0.009619925940279092,0.0,-0.08981549234949131,-0.1403745073506703,-0.0954770144257578,0.16868227332072444,-0.24793459078655966,-0.08518158437877843,-0.029348853882404036,-0.46757467178019274,-0.23705948981648683,-0.2543451021001155,-0.44345468328235155,0.07911077980020936,-0.1288509020490655,0.1540129913799058,-0.23120078800771585,-0.09878393587015023,0.11238184205146244,-0.6426249585425887,25.0,60.0,40.0,380.0,0.4000000059604645,0.8999999761581421,37.20000076293945,210.0,152.0,272.6349182128906,1.5,1.0,0.008999999612569809,2.3684210777282715,0.1599999964237213,2.5,5.940171241760254,152.0,2.0,625.0,10.0,9500.0,144400.0,0.6000000238418579,15.199999809265137,0.796875,0.738095223903656,0.9166666865348816,0.10256410390138626,0.21794871985912323,44.3,25
-0.09510224095090158,-0.01758216823140777,-0.12526318788654234,0.07871001023029568,0.049669107169941315,-0.044205081686233695,-2.620029181992369,0.17602939597866618,0.10674090288930915,0.34297079055470264,-0.05209884451046428,0.0,-0.06481521538412502,0.028899255210361435,-0.14581368165937178,0.23083184821398628,-0.1822073272806407,0.4195019249568603,-0.06622403011591557,-0.5610116499956976,-0.4484302745161533,-0.12745811730936032,-0.46192502879446706,0.11520670234307973,0.02912055331310403,0.29665284918002605,0.20863611074721652,-0.1585358084833023,0.17444059072501353,0.5490244686987675,25.0,58.0,42.0,380.0,0.38999998569488525,0.8999999761581421,37.400001525878906,200.0,148.1999969482422,268.8349304199219,1.3809523582458496,1.0,0.008999999612569809,2.3684210777282715,0.15209999680519104,2.5641026496887207,5.940171241760254,148.1999969482422,2.0641026496887207,625.0,9.75,9500.0,144400.0,0.5385714173316956,15.199999809265137,0.8095238208770752,0.925000011920929,0.25,0.10256410390138626,0.30586081743240356,45.6,25
-0.06967203229415721,-0.019643312542814106,-0.13798812509393416,0.03966262019187848,0.0030142788218281633,-0.02360224785423149,-2.98750689089533,-0.6514140253617907,0.10993557460094087,0.16334175774842938,0.0007145934249578631,0.0,-0.05412800211484194,0.014290232546779483,-0.11147093277072812,0.2313057544724291,-0.17101605148476712,0.40936233418305495,-0.08987399221784619,-0.5608605097271914,-0.5488921396451966,-0.08625533673779834,-0.48082913720378867,0.15101664502087048,-0.1087236617693098,0.3094833003219283,-0.30197371203791434,-0.18516148684066405,0.4646265616572941,0.4864193394076792,25.0,58.0,42.0,380.0,0.38999998569488525,0.8999999761581421,36.5,225.0,148.1999969482422,268.8349304199219,1.3809523582458496,1.0,0.008999999612569809,2.3684210777282715,0.15209999680519104,2.5641026496887207,5.940171241760254,148.1999969482422,2.0641026496887207,625.0,9.75,9500.0,144400.0,0.5385714173316956,15.199999809265137,0.8095238208770752,0.800000011920929,0.75,0.045787546783685684,0.30586081743240356,42.7,25
-0.17108940431788755,-0.07952378672419542,0.010435828598120363,-0.15403923054259713,-0.04385496762873447,0.051258146011455084,-4.061023250499126,-0.31163591426714055,-0.11535928089867098,-0.026376236484144285,-0.08587966769008876,0.0,0.14381125420107635,-0.22881245228357633,-0.14242172898691244,0.06310778603185839,-0.1111655828330963,0.02084845318365806,0.037362992718479565,-0.31958219177103475,-0.3771501297975536,-0.08835255675001356,-0.7412847153243759,0.08017740706524135,-0.5154427068568492,-0.011523634357991615,-0.1318972012569817,-0.07761667428845477,0.25903057742552776,0.4775584170326875,25.0,58.0,42.0,380.0,0.4000000059604645,0.949999988079071,33.900001525878906,220.0,152.0,272.6349182128906,1.3809523582458496,1.0,0.009499999694526196,2.5,0.1599999964237213,2.5,5.940171241760254,152.0,2.0,625.0,10.0,9500.0,144400.0,0.5523809790611267,15.199999809265137,0.796875,0.8181818127632141,0.6666666865348816,0.10054844617843628,0.3363802433013916,42.8,25
-0.14310524439350944,-0.06547966851719687,-0.1942785142722174,-0.06419049787843228,-0.2746757001999492,-0.05181441501335789,-0.26901772331330415,-0.44538963248256136,-0.04051248406451839,0.14637770139367792,-0.05565361798617049,0.0,-0.05707811072008021,-0.2581294242993912,-0.00038363414030748584,0.09044140920975396,-0.15936341717190874,0.05695884665402104,-0.02537405405297258,-0.4791493353352667,-0.034912962956739395,-0.20901816094100878,-0.4928177282278364,0.2960284145666812,-0.2723253218481652,0.0036741488286671778,-0.35250118182519635,-0.2285012754730395,-0.2605549395787413,-0.5660464452515479,25.0,58.0,42.0,380.0,0.4000000059604645,0.8999999761581421,39.599998474121094,220.0,152.0,272.6349182128906,1.3809523582458496,1.0,0.008999999612569809,2.3684210777282715,0.1599999964237213,2.5,5.940171241760254,152.0,2.0,625.0,10.0,9500.0,144400.0,0.5523809790611267,15.199999809265137,0.796875,0.8409090638160706,0.5833333134651184,0.09340659528970718,0.21794871985912323,44.0,25
-0.07544823992433623,-0.06321191490043893,-0.05907591056103021,0.0741768610979834,-0.30504076741336317,-0.08938106068352171,-4.162675025404067,0.018479100253376273,-0.15899067970698916,0.056449785075614614,-0.03453508604294865,0.0,-0.08468678252211173,-0.08723726652269209,-0.26490663221060917,0.04479391175191679,-0.2614864576554726,-0.25173598560768545,-0.10318932085645639,-0.5009953236741552,-0.27019639861410694,-0.2263616540464962,-0.45386149950775817,-0.07279112152327176,-0.2414946993431033,-0.15654455475230492,-0.31544386310268613,-0.11505723689468522,-0.8917910081979422,-0.19358871939513986,25.0,58.0,42.0,380.0,0.4099999964237213,0.8999999761581421,34.70000076293945,200.0,155.8000030517578,276.4349060058594,1.3809523582458496,1.0,0.008999999612569809,2.3684210777282715,0.1680999994277954,2.4390244483947754,5.940171241760254,155.8000030517578,1.9390244483947754,625.0,10.25,9500.0,144400.0,0.5661904811859131,15.199999809265137,0.7846153974533081,0.949999988079071,0.1666666716337204,0.32967033982276917,0.04212454333901405,36.9,25
-0.08954893491041457,0.0255478212734125,0.1342741166668252,-0.0898684999666784,-0.13749474369699946,-0.11790503114624618,-3.3176466669375033,0.3220416906023588,-0.1559948466559725,0.01823262922493525,-0.05271479234603214,0.0,-0.12173387586558981,-0.051993969369445364,-0.3085822713127446,0.00197706903402978,-0.15135261235974196,-0.22920007339587714,-0.06659795555503231,-0.3112323720175858,-0.3699725019174961,-0.05295273407675208,-0.7382461001961765,-0.20600851220385955,-0.5268729352083008,-0.2865285071465164,0.131691250298136,0.028693181685287054,-0.5891881024198504,-0.45746499656559386,25.0,60.0,40.0,380.0,0.4099999964237213,0.8999999761581421,35.29999923706055,190.0,155.8000030517578,276.4349060058594,1.5,1.0,0.008999999612569809,2.3684210777282715,0.1680999994277954,2.4390244483947754,5.940171241760254,155.8000030517578,1.9390244483947754,625.0,10.25,9500.0,144400.0,0.6150000095367432,15.199999809265137,0.7846153974533081,0.9473684430122375,0.1666666716337204,0.3144424259662628,0.21206581592559814,39.2,25
-0.02093916936549078,-0.08606860378613818,0.05131847150517877,-0.18403464110377588,0.46931538241432263,-0.0064347306705919635,-1.0618333858896902,0.3892619818939588,0.3076837204000281,0.08126938014301396,-0.05775761040997427,0.0,0.20180368511956404,-0.5285331211671175,0.321273841343819,0.16572131631428355,-0.24687268314765992,0.2048738401756174,0.18828232300067346,-0.46711777022562334,-0.3128349618553161,0.06678860353364005,-0.4431170658484887,-0.015114669735899245,0.07950996219640051,0.1334010500620503,-0.12111871884556581,0.41288449745663025,-0.16537742305700123,-0.17219133319485921,25.0,60.0,40.0,360.0,0.3100000023841858,1.0,39.20000076293945,190.0,111.5999984741211,225.88571166992188,1.5,1.0,0.009999999776482582,2.777777671813965,0.09610000252723694,3.225806474685669,5.886104106903076,111.5999984741211,2.725806474685669,625.0,7.75,9000.0,129600.0,0.4650000035762787,14.399999618530273,0.9272727370262146,0.6842105388641357,1.0,0.09506398439407349,0.04387568682432175,43.7,25
-0.15225195493559057,0.05341308753506528,0.06546233316377925,-0.01672457322445224,-0.28348076788774873,-0.04262719502355414,-0.39330350046085893,0.29387313195612097,-0.11075076293952588,0.18763244675525184,0.019352628604919722,0.0,-0.04793513600672407,-0.19153494877707625,0.008587459438253332,0.08385633639331942,-0.12483714711703112,0.01101098487197094,-0.01842517787065435,-0.4708305853525015,-0.015671293996011804,-0.22305117362596966,-0.5404614096245363,0.12957596228188917,-0.10125428510423407,-0.01666386715849143,-0.22601170926600916,-0.06529632909491005,-0.2584715364660691,0.6823549066136635,25.0,60.0,40.0,380.0,0.4000000059604645,0.8999999761581421,39.20000076293945,190.0,152.0,272.6349182128906,1.5,1.0,0.008999999612569809,2.3684210777282715,0.1599999964237213,2.5,5.940171241760254,152.0,2.0,625.0,10.0,9500.0,144400.0,0.6000000238418579,15.199999809265137,0.796875,0.9473684430122375,0.1666666716337204,0.09340659528970718,0.31501832604408264,46.0,25
-0.05569799596449791,0.02619343791845983,0.028861599495752985,0.055296443591120445,-0.30535815192681753,-0.05746426744901331,-0.2462598237594803,-1.234924328387793,-0.06932152506614542,0.02689136519148563,0.06857148126801126,0.0,-0.11287401349226892,-0.2021877552161404,-0.10784969478711419,-0.01433819375457287,-0.18157717030097098,0.014303115468568925,-0.012055777603220954,-0.4756118820179369,-0.1304891110057354,-0.16245914507617687,-0.579527850005246,-0.07665370932821808,0.05153354055567071,0.22425924082791396,-0.10578379671862068,-0.11702608065741509,0.6087617778785097,0.7848787865727248,25.0,60.0,40.0,380.0,0.4000000059604645,0.8999999761581421,38.70000076293945,230.0,152.0,272.6349182128906,1.5,1.0,0.008999999612569809,2.3684210777282715,0.1599999964237213,2.5,5.940171241760254,152.0,2.0,625.0,10.0,9500.0,144400.0,0.6000000238418579,15.199999809265137,0.796875,0.782608687877655,0.8333333134651184,0.014625228941440582,0.32358318567276,42.7,25
-0.06886507376197283,0.008663873433716211,0.013767367975060726,0.12691694674246462,-0.12844066896191508,-0.04455622347401811,-2.2613179702254995,-0.49287273261020437,-0.09652956374269121,0.015553569179889447,-0.011079720020237448,0.0,-0.08008474850498828,-0.034184127505555176,-0.07086974306355101,0.19610240102756035,-0.2178618226715728,-0.18453326576769336,-0.03279467789935829,-0.46897104542267365,-0.3719708300379349,-0.2524777443778619,-0.4636696291117688,0.0016288540519415347,-0.18704405313449482,0.022086885488169523,-0.2648157479614463,-0.19984853860588842,0.25302500035934594,0.7716955132109602,25.0,60.0,40.0,380.0,0.4000000059604645,0.8999999761581421,38.099998474121094,210.0,152.0,272.6349182128906,1.5,1.0,0.008999999612569809,2.3684210777282715,0.1599999964237213,2.5,5.940171241760254,152.0,2.0,625.0,10.0,9500.0,144400.0,0.6000000238418579,15.199999809265137,0.796875,0.8809523582458496,0.4166666567325592,0.1684981733560562,0.3223443329334259,46.7,25
-0.06107960606051222,0.02808084845170658,0.0483874537866632,0.08916915571630672,-0.3563854693329399,-0.07846476516645091,-6.131581673986167,-0.3797705958671093,-0.1219035101768622,0.047109532200970285,0.055319509412818615,0.0,-0.14258612013502348,-0.19137227672105425,-0.20378068981177425,-0.23664845332771348,-0.1949672027364939,-0.27378535225164924,-0.11084232947409019,-0.46704436638372077,-0.2439088361665812,-0.14655613434989487,-0.6988299092009931,-0.15522639541309127,-0.308139997082764,-0.20490881151284845,-0.0721553128540174,-0.08273456819477593,0.260315821846024,0.8836969781440027,25.0,60.0,40.0,380.0,0.4099999964237213,0.8999999761581421,31.600000381469727,215.0,155.8000030517578,276.4349060058594,1.5,1.0,0.008999999612569809,2.3684210777282715,0.1680999994277954,2.4390244483947754,5.940171241760254,155.8000030517578,1.9390244483947754,625.0,10.25,9500.0,144400.0,0.6150000095367432,15.199999809265137,0.7846153974533081,0.8604651093482971,0.5,0.1681901216506958,0.32358318567276,39.7,25
-0.11051331339646969,0.003231596567446213,0.1394628196192182,0.06680117252947058,-0.2630742783633137,-0.009512011352192297,-1.3831800143009088,-0.2577073995415301,-0.1534211330303502,-0.17496835406320904,-0.02295781132926721,0.0,-0.09473155854232271,-0.06674939505113726,-0.3481758568471595,-0.007731686131021069,-0.21880332898079533,-0.42583101951407837,-0.10072282369079573,-0.5671274184708198,-0.5736010105456615,-0.1788942812145597,-0.48704082722034664,0.05017003626669147,-0.13428412501698647,-0.4093316407538864,-0.44502882086156803,-0.261396641127414,0.2850597192425524,0.44127398917409005,25.0,60.0,40.0,380.0,0.4099999964237213,0.8999999761581421,38.099998474121094,220.0,155.8000030517578,276.4349060058594,1.5,1.0,0.008999999612569809,2.3684210777282715,0.1680999994277954,2.4390244483947754,5.940171241760254,155.8000030517578,1.9390244483947754,625.0,10.25,9500.0,144400.0,0.6150000095367432,15.199999809265137,0.7846153974533081,0.8181818127632141,0.6666666865348816,0.20695970952510834,0.30586081743240356,43.4,25
-0.07762756640915458,0.04346951659571878,0.10064819333354783,0.11536382558569273,-0.25820057084878434,-0.09596610099530194,-3.9862332681372217,-0.2377610797852108,-0.1541790732186264,0.03652712544274386,-0.0003275818876734023,0.0,-0.09117365012433876,-0.05275215459622358,-0.28011122338317884,0.04102791691910623,-0.24297625916723237,-0.3446353406029889,-0.11654118487705141,-0.46366377091847927,-0.3241736953622563,-0.18851392970184577,-0.43459148209870074,-0.01939577949549213,-0.28899891266877564,-0.1615043621768607,-0.49427406575861,-0.2841952335028463,0.48617570462105053,-0.7889361598289647,25.0,60.0,40.0,380.0,0.4099999964237213,0.8999999761581421,34.900001525878906,205.0,155.8000030517578,276.4349060058594,1.5,1.0,0.008999999612569809,2.3684210777282715,0.1680999994277954,2.4390244483947754,5.940171241760254,155.8000030517578,1.9390244483947754,625.0,10.25,9500.0,144400.0,0.6150000095367432,15.199999809265137,0.7846153974533081,0.9268292784690857,0.25,0.19780220091342926,0.21794871985912323,45.6,25
-0.06428494748924989,-0.04672159039876226,-0.02970830669476259,0.09502908045700983,-0.29435358136274975,-0.038972474568180565,-5.622337031555256,-0.2722767484914039,-0.12365504415658009,0.07574829926607864,-0.053357829539274135,0.0,-0.07664205730344338,-0.02842579104912896,-0.25038518118809727,-0.012019265921132975,-0.2505509506686434,-0.3463923001174357,-0.11791844834411509,-0.46897712682531517,-0.2984202108381287,-0.20408325888339232,-0.4416509065712973,-0.1252270111052329,-0.268026910149592,-0.11289520056502861,0.006282347620614788,-0.09027094114792888,0.5363113570379002,1.0048252783073153,25.0,58.0,42.0,380.0,0.4099999964237213,0.8999999761581421,32.900001525878906,225.0,155.8000030517578,276.4349060058594,1.3809523582458496,1.0,0.008999999612569809,2.3684210777282715,0.1680999994277954,2.4390244483947754,5.940171241760254,155.8000030517578,1.9390244483947754,625.0,10.25,9500.0,144400.0,0.5661904811859131,15.199999809265137,0.7846153974533081,0.8666666746139526,0.5,0.19780220091342926,0.3223443329334259,38.3,25
-0.0383032647979587,0.011850716304854925,0.0042837922912372685,0.1158845489482793,-0.1854994950605407,-0.025326606059338428,3.308000152985014,-0.45274216641468595,-0.17250027653455044,-0.0174200654216225,-0.02503135924393729,0.0,-0.07538357563171115,0.09235199403375911,-0.2429982421176765,0.006242900225022909,-0.23231219019631397,-0.23007131709484774,-0.045464343350084424,-0.5177241332452486,-0.1647878784932143,-0.17188451338637828,-0.4321714557141241,0.06157436069672816,-0.1427240126001089,-0.0903622721828112,-0.37700127959196084,-0.230209046110232,0.4812020673323876,1.2236083168867689,25.0,58.0,42.0,380.0,0.4099999964237213,0.8999999761581421,42.29999923706055,220.0,155.8000030517578,276.4349060058594,1.3809523582458496,1.0,0.008999999612569809,2.3684210777282715,0.1680999994277954,2.4390244483947754,5.940171241760254,155.8000030517578,1.9390244483947754,625.0,10.25,9500.0,144400.0,0.5661904811859131,15.199999809265137,0.7846153974533081,0.8409090638160706,0.5833333134651184,0.19780220091342926,0.3223443329334259,47.0,25
-0.12218660564310879,-0.06517234319110193,-0.11985111471998891,-0.06697410158690274,-0.288814986086485,-0.05259291278038459,-1.75895747934388,-0.5455716956090731,-0.10040742394338861,0.1354147297610146,-0.06313353622951505,0.0,-0.032516240793785615,-0.16783635933444696,-0.06326858394263125,0.10367270594079335,-0.18395730621136255,0.08215757750443761,-0.03413583250775354,-0.4437594399057216,-0.05923589817777956,-0.2317398452969821,-0.5060650125421371,0.3408646708071294,-0.29934582661253684,0.005853792072512651,-0.19914282024118632,-0.1401031518799395,-0.42697747148202203,1.0348102257744745,25.0,58.0,42.0,380.0,0.4000000059604645,0.8500000238418579,37.880001068115234,215.0,152.0,272.6349182128906,1.3809523582458496,1.0,0.008500000461935997,2.236842155456543,0.1599999964237213,2.5,5.940171241760254,152.0,2.0,625.0,10.0,9500.0,144400.0,0.5523809790611267,15.199999809265137,0.796875,0.7906976938247681,0.75,0.311355322599411,0.31501832604408264,42.93,25
-0.13165724794903516,-0.11905300151298538,-0.010361409372140825,-0.16071681679156458,-0.13125888337239408,-0.07706646690318833,-2.552718814639512,-0.5316693866341488,-0.20329743314132553,0.016005510866816362,-0.08290224675438414,0.0,-0.1017376971791125,0.026245079052905834,-0.30350250407966733,0.018514268902121638,-0.122871930140771,-0.17415631003978624,-0.058307803782096095,-0.31999585315344425,-0.3221436164465331,-0.005906899226004995,-0.7716372896907135,0.07808768829830307,-0.4783706723803243,-0.26706304893529204,-0.14177562254132,-0.19583858161566414,0.202515005712662,-0.4100752123915924,25.0,58.0,42.0,380.0,0.4099999964237213,0.8999999761581421,34.90999984741211,210.0,155.8000030517578,276.4349060058594,1.3809523582458496,1.0,0.008999999612569809,2.3684210777282715,0.1680999994277954,2.4390244483947754,5.940171241760254,155.8000030517578,1.9390244483947754,625.0,10.25,9500.0,144400.0,0.5661904811859131,15.199999809265137,0.7846153974533081,0.8571428656578064,0.5,0.20109689235687256,0.21206581592559814,44.58,25
-0.12915449689360584,-0.0646126988263011,-0.02079518196507605,-0.14902868799166297,-0.1243851808338297,-0.05753790957037206,-2.2863086295539095,-0.29308850812481696,-0.11820124674614356,0.00885495245200847,-0.08401201140962658,0.0,-0.09192841230942636,-0.03833738307444945,-0.3006176840694019,0.062436444994712646,-0.1274284032119187,-0.15680179943813302,-0.01391362302419839,-0.3381891967536101,-0.30038709018698617,-0.09718282646073759,-0.6998631067449942,0.059608701074794455,-0.4543876939638902,-0.22039484156185252,-0.02500329184110774,-0.08173760658093368,0.7743661986458544,-0.4378167884353684,25.0,58.0,42.0,380.0,0.4099999964237213,0.8999999761581421,36.0,210.0,155.8000030517578,276.4349060058594,1.3809523582458496,1.0,0.008999999612569809,2.3684210777282715,0.1680999994277954,2.4390244483947754,5.940171241760254,155.8000030517578,1.9390244483947754,625.0,10.25,9500.0,144400.0,0.5661904811859131,15.199999809265137,0.7846153974533081,0.8571428656578064,0.5,0.02376599609851837,0.04387568682432175,42.8,25
-0.08844769200236725,-0.031944262030527845,-0.1477987721637315,0.03325284569834125,-0.17877145273035763,-0.022369273032315562,-0.050073969357734976,0.11183336242833662,-0.13596518716275846,-0.16165322825600018,-0.05963082654575367,0.0,-0.08935322442317935,-0.12129475158630852,-0.2598987089066126,0.05613984226178787,-0.2323741037669352,-0.33608965200516133,-0.12453895857060641,-0.5532057707042194,-0.5413014182560218,-0.0919507709177073,-0.45062721970283853,0.14079558974919812,0.046674296954973445,-0.3531883950960151,-0.16353526434595764,-0.0369755297209864,0.5913971823606677,0.18389496590509485,25.0,58.0,42.0,380.0,0.4099999964237213,0.8999999761581421,39.5,190.0,155.8000030517578,276.4349060058594,1.3809523582458496,1.0,0.008999999612569809,2.3684210777282715,0.1680999994277954,2.4390244483947754,5.940171241760254,155.8000030517578,1.9390244483947754,625.0,10.25,9500.0,144400.0,0.5661904811859131,15.199999809265137,0.7846153974533081,0.9210526347160339,0.25,0.045787546783685684,0.04029304161667824,46.5,25
-0.07884016481380855,-0.025013607657350327,-0.06018918161885013,0.05703753525183366,-0.3232946993342372,0.05629346500837408,-3.5839271379974393,-0.41642498930349664,-0.0558527068536116,0.13470406334950616,-0.08225715341283843,0.0,0.013200242877943904,-0.023780495978302174,-0.15453772550674666,-0.13631490494905837,-0.16834874676964237,-0.2340245814954913,-0.059162519415141404,-0.4729406394582059,-0.1961662692315216,-0.16293314931044858,-0.7020329564734541,0.2685839367739521,-0.08394489530695975,-0.15239194303059134,-0.14647466039575988,0.005533901988856651,0.2905919350830234,0.6718086036021488,25.0,58.0,42.0,380.0,0.4099999964237213,0.8500000238418579,36.099998474121094,215.0,155.8000030517578,276.4349060058594,1.3809523582458496,1.0,0.008500000461935997,2.236842155456543,0.1680999994277954,2.4390244483947754,5.940171241760254,155.8000030517578,1.9390244483947754,625.0,10.25,9500.0,144400.0,0.5661904811859131,15.199999809265137,0.7846153974533081,0.8139534592628479,0.6666666865348816,0.045703839510679245,0.32358318567276,43.35,25
-0.0621180266765193,-0.02167586864462164,-0.0993398139681361,0.06150045840588191,-0.3537575305350876,-0.07784060218523399,-4.775817764132403,0.130758215216466,-0.09515437534259134,0.0829863989750036,-0.12739296048622614,0.0,-0.06789169984111239,-0.16766715696886628,-0.20123782273191446,-0.11541700694081379,-0.1716276372258014,-0.26772208177471235,-0.06600648846227604,-0.456018861777536,-0.19572213083308845,-0.15600339882516562,-0.7008527287858409,0.1568278554397421,-0.09904616859203194,-0.15981091715343465,0.22765203374651138,0.2805331565184057,0.515331071963764,-0.4131398679219072,25.0,58.0,42.0,380.0,0.4099999964237213,0.8999999761581421,34.70000076293945,180.0,155.8000030517578,276.4349060058594,1.3809523582458496,1.0,0.008999999612569809,2.3684210777282715,0.1680999994277954,2.4390244483947754,5.940171241760254,155.8000030517578,1.9390244483947754,625.0,10.25,9500.0,144400.0,0.5661904811859131,15.199999809265137,0.7846153974533081,1.0,0.0,0.1681901216506958,0.23765996098518372,40.6,25
-0.13326931928898939,-0.1190260923651236,-0.04933498223234095,-0.11688434810255044,-0.1770157803207555,-0.07077400579081963,-6.8706285013072055,0.09645884928313585,-0.18859133062857186,-0.03031122989174766,-0.13044526616868324,0.0,-0.11682334012119933,-0.04944955623027539,-0.35603928284338854,-0.017694568740905383,-0.10039363703337137,-0.23169245898092114,-0.024282387524196064,-0.34568472579853016,-0.3475640131158504,-0.03541791729281506,-0.7474593207681522,-0.006779308702843819,-0.4973606861793008,-0.3251043280078495,0.2705824052133385,0.10931607893007482,-0.2947215512737862,0.7610554803775146,25.0,58.0,42.0,380.0,0.4099999964237213,0.8999999761581421,30.5,225.0,155.8000030517578,276.4349060058594,1.3809523582458496,1.0,0.008999999612569809,2.3684210777282715,0.1680999994277954,2.4390244483947754,5.940171241760254,155.8000030517578,1.9390244483947754,625.0,10.25,9500.0,144400.0,0.5661904811859131,15.199999809265137,0.7846153974533081,0.8888888955116272,0.4166666567325592,0.3144424259662628,0.3363802433013916,40.5,25
-0.14310524439350944,-0.06547966851719687,-0.1947225317999009,-0.06419049787843228,-0.27011890075354195,-0.06096759945168197,-0.22773612288964418,-0.39683926309685563,-0.042457877340158275,0.14408457214100576,-0.0477478103616607,0.0,-0.09405369093667466,-0.25816756964301085,-0.02584768519936276,0.11157223810268208,-0.15936341717190874,0.07765259092072649,-0.02532935934046943,-0.4614370743924202,-0.012647462901573593,-0.20874638510159982,-0.48856999535668005,0.3605935375644256,-0.2742530022133328,0.018571186905691494,-0.18713549075861544,-0.19744178140479585,-0.1930880614438451,-0.5870723861022947,25.0,58.0,42.0,380.0,0.4000000059604645,0.8999999761581421,39.29999923706055,220.0,152.0,272.6349182128906,1.3809523582458496,1.0,0.008999999612569809,2.3684210777282715,0.1599999964237213,2.5,5.940171241760254,152.0,2.0,625.0,10.0,9500.0,144400.0,0.5523809790611267,15.199999809265137,0.796875,0.8181818127632141,0.6666666865348816,0.10256410390138626,0.21794871985912323,44.9,25
-0.07094774853834555,-0.02075678090448803,-0.16178039836025077,0.03966262019187848,0.03770033323777662,-0.020778783369617818,-2.958971056474265,-0.043676357824023015,0.11019501288700914,0.2219801580585016,0.0007145934249578631,0.0,-0.06026154061707899,0.03823389128002823,-0.13617375407554974,0.23871129870161048,-0.1722191356934,0.42993616616651875,-0.06153082350377857,-0.5608605097271914,-0.548187398279678,-0.0856158033878136,-0.481945837818371,0.19334681178171967,-0.010478551225180668,0.3327211381079227,-0.3107050218981011,-0.15048333751300225,0.18138360142357274,0.5497534715355811,25.0,58.0,42.0,380.0,0.38999998569488525,0.8999999761581421,37.20000076293945,215.0,148.1999969482422,268.8349304199219,1.3809523582458496,1.0,0.008999999612569809,2.3684210777282715,0.15209999680519104,2.5641026496887207,5.940171241760254,148.1999969482422,2.0641026496887207,625.0,9.75,9500.0,144400.0,0.5385714173316956,15.199999809265137,0.8095238208770752,0.8139534592628479,0.6666666865348816,0.10256410390138626,0.30586081743240356,44.3,25
-0.12344264961463469,0.059434179995228854,-0.0836171805393829,0.0025315271094405855,-0.3972316135291323,0.19948424457722064,-11.3740360474392,-0.5345588809439087,-0.1689373452409697,0.0987512267680331,-0.13281781783812185,0.0,0.07579415803779545,-0.3680975457956369,-0.2608919412639502,-0.14287083451606458,-0.24846984230073157,-0.25102321565472563,-0.1789259585997026,-0.43139372839836615,-0.2647607359829734,-0.08420491858357611,-0.6710894498729684,0.06974001807867534,-0.3628335463358735,-0.1820236199063618,-0.5576111010750385,-0.17943462334354948,-0.6513855876274169,-0.48651489787472807,25.0,58.0,42.0,380.0,0.4099999964237213,1.0,25.829999923706055,215.0,155.8000030517578,276.4349060058594,1.3809523582458496,1.0,0.009999999776482582,2.6315789222717285,0.1680999994277954,2.4390244483947754,5.940171241760254,155.8000030517578,1.9390244483947754,625.0,10.25,9500.0,144400.0,0.5661904811859131,15.199999809265137,0.7846153974533081,0.9534883499145508,0.1666666716337204,0.325411319732666,0.06581352651119232,30.42,25
-0.1289479734339933,0.056175397192678875,-0.05891612767187317,0.022255833784068715,-0.3475556383740537,-0.10010695981577829,-13.221644712722917,-0.2234313306257403,-0.043329486739433556,-0.13195481697229902,-0.13181206868621653,0.0,-0.12305385641220332,-0.3379647043191951,-0.19537972023175154,0.010329009391995329,-0.27131413502172574,-0.12416061554128965,-0.17873504391455852,-0.40898674912521427,-0.29716126242590485,-0.11980839841033557,-0.7001114421188889,0.05717749044660916,-0.31454681145845803,0.15933750367858726,0.14761008277265786,0.32940047306284326,0.46827209169547995,-0.2937278746124477,25.0,58.0,42.0,380.0,0.4000000059604645,0.949999988079071,22.18000030517578,200.0,152.0,272.6349182128906,1.3809523582458496,1.0,0.009499999694526196,2.5,0.1599999964237213,2.5,5.940171241760254,152.0,2.0,625.0,10.0,9500.0,144400.0,0.5523809790611267,15.199999809265137,0.796875,1.0,0.0,0.20658135414123535,0.06581352651119232,32.02,25
-0.1051565994657894,-0.0027018992111646446,-0.014362250883906944,-0.14686220903719605,0.10124939510978277,0.035066774814371066,1.8834946452213681,-0.4710011134846875,0.07872567239211765,0.02686768262228971,-0.014460409252762327,0.0,0.02156137800048544,-0.12489811373577304,-0.03205443269477832,0.055240510205170304,-0.14908859535402944,0.12271291048708584,0.03639218738810011,-0.34549575048641945,-0.3371460787383668,-0.07582254903590008,-0.7200621909583057,0.08394418590779104,-0.5482086665518923,-0.15874257633926736,-0.2782756877727157,-0.052204469066188086,-1.0296706470253585,-1.2684038125087294,25.0,58.0,42.0,380.0,0.38999998569488525,0.8500000238418579,40.27000045776367,200.0,148.1999969482422,268.8349304199219,1.3809523582458496,1.0,0.008500000461935997,2.236842155456543,0.15209999680519104,2.5641026496887207,5.940171241760254,148.1999969482422,2.0641026496887207,625.0,9.75,9500.0,144400.0,0.5385714173316956,15.199999809265137,0.8095238208770752,0.875,0.4166666567325592,0.3144424259662628,0.06032906845211983,43.22,25
-0.11015544330572745,-0.07981017223225573,-0.13091771796088914,-0.045609729298665386,-4.816249025149476e-05,-0.020144424441624436,1.4727082316459328,0.22851550993957573,0.14791466281880924,0.14255071353370502,-0.04232289126771741,0.0,-0.08072582595226878,-0.15569309160777267,-0.01696878472846211,0.07584467517811701,-0.18728960740328332,0.20159296534145119,-0.023474646329343186,-0.5460315023867853,0.17314057214747272,-0.206666816266065,-0.42903991772497807,0.06481421783313952,-0.16615834752721614,0.05300053466218048,-0.40640546009249406,-0.08463538274306395,0.0007668259090951432,-0.5852625197086864,25.0,58.0,42.0,380.0,0.38999998569488525,0.8500000238418579,40.27000045776367,190.0,148.1999969482422,268.8349304199219,1.3809523582458496,1.0,0.008500000461935997,2.236842155456543,0.15209999680519104,2.5641026496887207,5.940171241760254,148.1999969482422,2.0641026496887207,625.0,9.75,9500.0,144400.0,0.5385714173316956,15.199999809265137,0.8095238208770752,0.9210526347160339,0.25,0.10256410390138626,0.21794871985912323,51.26,25
-0.0517749793810153,-0.003503003266068263,-0.07515743455592568,0.04057516463553639,0.05209705943755492,-0.020464392150826904,4.106021549858256,0.010897785885895848,-0.08589383469621512,0.22014318697396476,-0.08039636316171056,0.0,-0.07344923577711414,0.1631432820223429,-0.23562943974438638,0.12165588721890978,-0.2258808562828045,-0.02579694846958406,-0.035388136462770885,-0.5803670869372157,-0.6674243175022914,-0.17760531383201977,-0.4968270503648299,0.1070293104730152,0.07598906476221483,-0.3010877285211882,-0.315496627037273,-0.1918515584905788,0.17443186297543026,-0.4578810136815562,25.0,58.0,42.0,380.0,0.4000000059604645,0.8999999761581421,45.9900016784668,195.0,152.0,272.6349182128906,1.3809523582458496,1.0,0.008999999612569809,2.3684210777282715,0.1599999964237213,2.5,5.940171241760254,152.0,2.0,625.0,10.0,9500.0,144400.0,0.5523809790611267,15.199999809265137,0.796875,0.8717948794364929,0.4166666567325592,0.10256410390138626,0.21978022158145905,48.67,25
-0.06719613312843144,-0.013278373766256778,-0.18511085001020297,0.029327304711943843,0.0023355143760252425,-0.0407397945684997,2.5775410698649974,-0.025653285651239095,-0.14535709532160296,0.21734291095173597,-0.06778381817865024,0.0,-0.09443891613396527,-0.128944243883587,-0.22487438258376474,0.11905262376854248,-0.19757723854462225,-0.026388248196030743,-0.06585405302642997,-0.5487509776869671,-0.7542527724328292,-0.18663871925791206,-0.47468500057690477,0.013764426694251472,-0.1842216522698822,-0.3837005010056171,-0.09655766122322153,-0.22152846513828106,-0.9890205544861959,-0.3591997811184645,25.0,58.0,42.0,380.0,0.4000000059604645,0.8999999761581421,41.349998474121094,210.0,152.0,272.6349182128906,1.3809523582458496,1.0,0.008999999612569809,2.3684210777282715,0.1599999964237213,2.5,5.940171241760254,152.0,2.0,625.0,10.0,9500.0,144400.0,0.5523809790611267,15.199999809265137,0.796875,0.9523809552192688,0.1666666716337204,0.31501832604408264,0.21978022158145905,46.67,25
-0.09048435402593853,-0.02674377417388124,-0.2015097098231019,0.03940854745039032,-0.20188181005506045,-0.028413619190525624,-3.4207773567934856,-0.1436861950778947,-0.1313634595620694,-0.11848128998898576,-0.03293522624789015,0.0,-0.0997230015289248,-0.10801907138986348,-0.3504486567912464,-0.015448497599352025,-0.2524340489591796,-0.47893556275532634,-0.10093501218722067,-0.5693326800196649,-0.5785345403873744,-0.14377934314143928,-0.508525091900569,0.05720922832426691,-0.26278938245807987,-0.3819125971908761,-0.9532807743770892,-0.3585195360444014,0.10826818570175581,-0.505490718357268,25.0,58.0,42.0,380.0,0.4099999964237213,0.8999999761581421,35.52000045776367,210.0,155.8000030517578,276.4349060058594,1.3809523582458496,1.0,0.008999999612569809,2.3684210777282715,0.1680999994277954,2.4390244483947754,5.940171241760254,155.8000030517578,1.9390244483947754,625.0,10.25,9500.0,144400.0,0.5661904811859131,15.199999809265137,0.7846153974533081,0.8333333134651184,0.5833333134651184,0.1684981733560562,0.21978022158145905,38.82,25
-0.09048435402593853,-0.0541955399863689,-0.2175165447553689,-0.021593696474881935,-0.2179311084991919,0.010208629851311473,-1.9959565296996877,-0.31804863095379743,-0.1228089560733815,-0.07263885608284912,-0.08071044563183798,0.0,0.008945119455094191,-0.20683206411624377,-0.29393199316583873,-0.06747028240109947,-0.23136532645982874,-0.3877791250021376,-0.07419434860933234,-0.5713125039676289,-0.4940532304129422,-0.07459557730751153,-0.518015754328181,0.047826548039103425,-0.21025261574183712,-0.38383711756797495,-0.3994135650013101,-0.25235726284904697,-0.9108864960713634,0.006481454226968475,25.0,58.0,42.0,380.0,0.4099999964237213,0.8500000238418579,36.54999923706055,220.0,155.8000030517578,276.4349060058594,1.3809523582458496,1.0,0.008500000461935997,2.236842155456543,0.1680999994277954,2.4390244483947754,5.940171241760254,155.8000030517578,1.9390244483947754,625.0,10.25,9500.0,144400.0,0.5661904811859131,15.199999809265137,0.7846153974533081,0.7954545617103577,0.75,0.31501832604408264,0.005494505632668734,41.2,25
-0.1559856903214711,-0.042090011609727494,-0.27626117577138753,0.020525705307473344,-0.21742543513366372,-0.08677679174638522,-8.965916862552337,-0.09776669784740619,-0.18628152798129055,-0.15777940366985857,-0.09575012158728487,0.0,-0.1103595352679335,-0.25904839766398824,-0.304624304440067,-0.03470900300869034,-0.22540866179574595,-0.4909741829948028,-0.09500879038457394,-0.543810464853179,-0.6285032827309762,-0.16645731664143254,-0.5210343931421091,0.00367817046272768,-0.2178562832305651,-0.35020829476654447,-0.029859529978207795,-0.12618646476684012,0.14055388745343622,-0.4419931617344163,25.0,58.0,42.0,380.0,0.4099999964237213,0.8999999761581421,28.399999618530273,180.0,155.8000030517578,276.4349060058594,1.3809523582458496,1.0,0.008999999612569809,2.3684210777282715,0.1680999994277954,2.4390244483947754,5.940171241760254,155.8000030517578,1.9390244483947754,625.0,10.25,9500.0,144400.0,0.5661904811859131,15.199999809265137,0.7846153974533081,1.0,0.0,0.1684981733560562,0.21978022158145905,41.2,25
-0.014490099170950056,-0.0002517203981539925,-0.10014144631421083,0.08832310480429456,-0.2904410260333389,0.015437628907174282,4.696990542951575,0.2567489939943087,0.01442595859697817,0.14185113756817694,-0.06261282256219713,0.0,0.008919341617363952,0.023506129380432027,-0.1475985964412197,-0.13404500964015545,-0.17639013726913666,-0.16734019754966387,0.017501975243227625,-0.41703213595233757,-0.139363745837902,-0.14066292253535392,-0.6870798917474249,0.12692145428648866,0.004810792385223471,-0.13924956307179537,0.4636363598975615,0.5487944713843672,-1.0196245505899217,-0.2711512611331399,25.0,58.0,42.0,380.0,0.4099999964237213,0.8500000238418579,45.9900016784668,190.0,155.8000030517578,276.4349060058594,1.3809523582458496,1.0,0.008500000461935997,2.236842155456543,0.1680999994277954,2.4390244483947754,5.940171241760254,155.8000030517578,1.9390244483947754,625.0,10.25,9500.0,144400.0,0.5661904811859131,15.199999809265137,0.7846153974533081,0.621052622795105,1.2000000476837158,0.325411319732666,0.054844606667757034,48.67,25
-0.06278117890461356,-0.03808286277602379,-0.1707894879357836,0.02048155595855955,-0.1758484027796327,-0.004880631019829441,2.188849977363115,-1.4370473350929889,-0.1649955739226743,-0.19647693756065723,-0.08647868123996098,0.0,-0.08173877348005006,-0.1258479887763652,-0.24496827126053222,-0.035528294193996036,-0.22717466460149252,-0.40545085180828583,-0.08977107245570044,-0.5565653066090214,-0.6191272321916168,-0.10423541507400033,-0.4607212776667846,0.02208583600288571,-0.10847994610367494,-0.3858201186128545,-0.4070117031354782,-0.47144935728168996,-0.9106522113374936,-0.05900756322817328,25.0,58.0,42.0,380.0,0.4099999964237213,0.8999999761581421,41.349998474121094,230.0,155.8000030517578,276.4349060058594,1.3809523582458496,1.0,0.008999999612569809,2.3684210777282715,0.1680999994277954,2.4390244483947754,5.940171241760254,155.8000030517578,1.9390244483947754,625.0,10.25,9500.0,144400.0,0.5661904811859131,15.199999809265137,0.7846153974533081,0.782608687877655,0.8333333134651184,0.31501832604408264,0.06227106228470802,46.67,25
-0.005162811025815384,-0.01000911439936085,-0.08020413327575586,0.045680081238592664,-0.33588989455106283,0.13171279174731026,-3.0199152788104824,0.7009092873189632,-0.020850456245637215,0.14410857222472184,-0.06737738310225647,0.0,0.2179813280052361,0.06086630809881243,-0.13880912113249497,-0.13278276448476323,-0.17195525168974377,-0.13987644613877673,-0.03332354321306724,-0.4251141123384099,-0.17829717497464903,-0.13106589074725528,-0.7089068814862074,0.23305213840674324,-0.08361766744502072,-0.17509866114564243,0.474457127022048,0.37452313687139493,-0.5021148531978717,0.25002804405306356,25.0,58.0,42.0,380.0,0.4099999964237213,0.800000011920929,35.52000045776367,180.0,155.8000030517578,276.4349060058594,1.3809523582458496,1.0,0.00800000037997961,2.1052632331848145,0.1680999994277954,2.4390244483947754,5.940171241760254,155.8000030517578,1.9390244483947754,625.0,10.25,9500.0,144400.0,0.5661904811859131,15.199999809265137,0.7846153974533081,0.6111111044883728,1.1666666269302368,0.325411319732666,0.054844606667757034,38.82,25
-0.08379986191027507,-0.02496987566331899,-0.07401013906315491,0.015174083008315712,-0.3579407578790087,0.05350095183924464,-4.3598191848299,0.1967168784309656,-0.037560098890715356,0.11372264142882582,-0.12224395351333671,0.0,-0.01091852636113357,-0.04273129133270019,-0.18088338788337543,-0.16405335942306465,-0.17981522841519676,-0.24612556132260716,-0.0788186274764088,-0.47853928765104903,-0.19640203194696582,-0.14564572066215156,-0.7025252637938239,0.20333943397403528,-0.23956833416826498,-0.16129910025675745,-0.09497923784958051,-0.09658874734414875,0.03503158040295593,-0.4645134892919394,25.0,58.0,42.0,380.0,0.4099999964237213,0.8500000238418579,34.5,205.0,155.8000030517578,276.4349060058594,1.3809523582458496,1.0,0.008500000461935997,2.236842155456543,0.1680999994277954,2.4390244483947754,5.940171241760254,155.8000030517578,1.9390244483947754,625.0,10.25,9500.0,144400.0,0.5661904811859131,15.199999809265137,0.7846153974533081,0.8780487775802612,0.4166666567325592,0.09506398439407349,0.23765996098518372,41.15,25
-0.1433128781295222,-0.10208904285299705,-0.1345163071710679,-0.08792089885651647,-0.30769569422010695,-0.04791612860133441,-3.629147785353312,-0.4011739069905397,-0.30391101490894307,0.039238255868355304,-0.07505502164184377,0.0,0.004144007296766677,-0.08201645793229127,-0.16908536825137463,-0.055746753044842806,-0.17577843832641793,-0.3583935198168695,-0.07245988309575592,-0.4694227423226719,-0.14661002816409788,-0.15547404635556505,-0.5548991302206066,-0.03844325485319867,-0.42762885361357317,-0.29276253586607065,-0.39081942655199303,-0.33459278932426356,-0.10744152541130866,0.6689846459994477,25.0,58.0,42.0,380.0,0.4099999964237213,0.8500000238418579,34.5,225.0,155.8000030517578,276.4349060058594,1.3809523582458496,1.0,0.008500000461935997,2.236842155456543,0.1680999994277954,2.4390244483947754,5.940171241760254,155.8000030517578,1.9390244483947754,625.0,10.25,9500.0,144400.0,0.5661904811859131,15.199999809265137,0.7846153974533081,0.800000011920929,0.75,0.09340659528970718,0.31501832604408264,41.15,25
-0.12620918849769744,-0.10584355409804962,0.004464597541162804,-0.1416498014998532,-0.13874161252110476,0.006696514405139636,-3.6242208481327496,0.10438045980923445,-0.12480989755824143,0.028176507891503,-0.11313276997809472,0.0,-0.02216034236849963,0.0461289835316194,-0.3040452057018203,0.027721275127012057,-0.12254018247159285,-0.16120239794416225,-0.043092755639285114,-0.3296053023274778,-0.3515081635385765,-0.06873246763046237,-0.7576095239618885,0.03755538432932061,-0.46698063328918565,-0.2801266542392768,0.14963099718059686,0.05981432736592966,0.8238041250081836,-0.36880064190819795,25.0,58.0,42.0,380.0,0.4099999964237213,0.8500000238418579,33.79999923706055,205.0,155.8000030517578,276.4349060058594,1.3809523582458496,1.0,0.008500000461935997,2.236842155456543,0.1680999994277954,2.4390244483947754,5.940171241760254,155.8000030517578,1.9390244483947754,625.0,10.25,9500.0,144400.0,0.5661904811859131,15.199999809265137,0.7846153974533081,0.8536585569381714,0.5,0.02376599609851837,0.21206581592559814,43.25,25
-0.11788493939343565,-0.019330946886537758,-0.16919707671965187,0.01954198561551365,-0.22637429913563736,0.07690623449055063,-7.332859385255859,-0.858283753602729,-0.1889090050398307,-0.24792635096635252,-0.037189244132631624,0.0,-0.02511079843334724,-0.20910851295176555,-0.23873071560963505,-0.11277640587217304,-0.20744556226678307,-0.5049433597273417,-0.12274522404831414,-0.5658540329093126,-0.5685766475276239,-0.1522029297371306,-0.5139622113501864,0.06241509280324547,-0.1914007436397358,-0.364150182565627,-0.441342071497737,-0.3765885454837472,0.09013151625895693,0.20242847251780047,25.0,58.0,42.0,380.0,0.4099999964237213,0.8500000238418579,30.600000381469727,230.0,155.8000030517578,276.4349060058594,1.3809523582458496,1.0,0.008500000461935997,2.236842155456543,0.1680999994277954,2.4390244483947754,5.940171241760254,155.8000030517578,1.9390244483947754,625.0,10.25,9500.0,144400.0,0.5661904811859131,15.199999809265137,0.7846153974533081,0.760869562625885,0.9166666865348816,0.02380952425301075,0.30586081743240356,34.9,25
-0.16462934368342477,-0.08981289672906896,-0.18935699490322727,-0.03371693938979662,-0.31159390446126456,-0.04878388995350785,-2.7350362096055756,0.19685296496501684,-0.2075732049429788,0.0323225935641492,-0.0815873637300801,0.0,-0.05320444064761907,-0.17064028288961708,-0.17137180559046802,-0.08523507191910713,-0.17559085415100437,-0.15603684297105336,-0.06938811139060817,-0.46104146868009643,-0.14858497328261092,-0.16951696192032162,-0.49359118312504474,0.04177040770717152,-0.23559647047624138,-0.24206168780797846,0.0007873663112745371,0.064912618821697,0.23834125364753003,-0.060167231483564926,25.0,58.0,42.0,380.0,0.4099999964237213,0.8999999761581421,36.0,190.0,155.8000030517578,276.4349060058594,1.3809523582458496,1.0,0.008999999612569809,2.3684210777282715,0.1680999994277954,2.4390244483947754,5.940171241760254,155.8000030517578,1.9390244483947754,625.0,10.25,9500.0,144400.0,0.5661904811859131,15.199999809265137,0.7846153974533081,0.5263158082962036,1.5,0.049450550228357315,0.049450550228357315,42.8,25
-0.06983043007564292,-0.06305687988016541,-0.10658206442895699,0.047999200160081405,-0.31938577905745485,0.03286183764835856,-4.887531631973256,0.16288916688916427,-0.054157050944618985,-0.04540505144036046,-0.0755709476638067,0.0,-0.049901669936548515,-0.10971327432460784,-0.14814775815071107,0.03015216688822001,-0.17435702216721788,-0.2674224094185508,-0.1423023347597736,-0.462929070126311,-0.2695603393566761,-0.2514006195022304,-0.39390814086655507,-0.19060529391476172,-0.10670610330244043,-0.14762876004380235,0.05679758329911051,0.3228877135781989,0.08615304258472706,-0.421221031981747,25.0,58.0,42.0,380.0,0.4099999964237213,0.8500000238418579,34.29999923706055,170.0,155.8000030517578,276.4349060058594,1.3809523582458496,1.0,0.008500000461935997,2.236842155456543,0.1680999994277954,2.4390244483947754,5.940171241760254,155.8000030517578,1.9390244483947754,625.0,10.25,9500.0,144400.0,0.5661904811859131,15.199999809265137,0.7846153974533081,1.2647058963775635,-0.75,0.05128205195069313,0.21794871985912323,38.44,25
-0.08844769200236725,-0.06286713859579757,-0.1820286525646439,0.07631240728518827,-0.2039329947160062,-0.03959038602151157,-0.8492264346285747,0.04456691549137655,-0.17482927108947902,-0.166837367207687,-0.08088837589867909,0.0,-0.09652987059640136,-0.10707597469934482,-0.2915439188561902,0.053202579885645224,-0.2571807672894983,-0.4290242107607758,-0.10831715064003598,-0.5575465914563119,-0.6330841728930405,-0.12577759444575418,-0.4528133163301177,0.09229176082013174,0.03094650592793051,-0.3498076080163845,0.32677925436478134,0.1964146506310831,0.04678240780204733,-0.41870692384753627,25.0,58.0,42.0,380.0,0.4099999964237213,0.8999999761581421,37.880001068115234,160.0,155.8000030517578,276.4349060058594,1.3809523582458496,1.0,0.008999999612569809,2.3684210777282715,0.1680999994277954,2.4390244483947754,5.940171241760254,155.8000030517578,1.9390244483947754,625.0,10.25,9500.0,144400.0,0.5661904811859131,15.199999809265137,0.7846153974533081,1.09375,-0.25,0.045787546783685684,0.21978022158145905,42.93,25
-0.13367666551889681,-0.07216690855055558,0.012091448994202555,-0.13108118351559925,-0.14858811066804,-0.04706519182231241,-6.970148839369067,-0.6424016668795328,-0.160692127906544,-0.114317602769731,-0.10583732850050562,0.0,-0.0894232522938252,-0.07465405630047572,-0.35828624661856917,0.008368357842134484,-0.10363392906145026,-0.21218100798286432,-0.033030837394423224,-0.33264722564409027,-0.360295713068898,-0.0698153630673593,-0.7586036905070445,0.0038647314088188106,-0.4904953751732428,-0.3067390327885443,-0.08709801684220389,-0.11046658145779875,-0.3494333575968815,0.18443478939056207,25.0,58.0,42.0,380.0,0.4099999964237213,0.8999999761581421,30.899999618530273,230.0,155.8000030517578,276.4349060058594,1.3809523582458496,1.0,0.008999999612569809,2.3684210777282715,0.1680999994277954,2.4390244483947754,5.940171241760254,155.8000030517578,1.9390244483947754,625.0,10.25,9500.0,144400.0,0.5661904811859131,15.199999809265137,0.7846153974533081,0.9347826242446899,0.25,0.04936014488339424,0.3363802433013916,35.8,25
-0.07683413736574654,-0.046276287343866095,-0.051164304611403935,0.09604139646143924,-0.2660201454973377,0.06186786194674034,-3.6288262007729077,0.3044743943118954,-0.1142657682901775,-0.03197111667675483,-0.02292439389847339,0.0,-0.044389020954585745,-0.10986887767286163,-0.16218574894969637,0.06578880344478527,-0.17961765246340386,-0.24173214066863125,-0.10925666540625165,-0.4863611005248537,-0.21998248908343893,-0.24079624664434965,-0.41740161591888425,-0.04098919265310183,-0.15172080257092832,-0.1442008511008381,0.350384030435716,0.3079132312284673,0.45543844074238543,0.5151965034717836,25.0,58.0,42.0,380.0,0.4099999964237213,0.8500000238418579,36.099998474121094,215.0,155.8000030517578,276.4349060058594,1.3809523582458496,1.0,0.008500000461935997,2.236842155456543,0.1680999994277954,2.4390244483947754,5.940171241760254,155.8000030517578,1.9390244483947754,625.0,10.25,9500.0,144400.0,0.5661904811859131,15.199999809265137,0.7846153974533081,1.0,0.0,0.05128205195069313,0.3223443329334259,43.35,25
-0.09764341091569352,-0.0939552331163396,-0.02344431755484366,-0.15742938494286646,-0.11788190486030672,-0.07495773968257378,-3.667921781408518,0.34767006980077203,-0.1620258223400162,-0.1531314826050005,-0.08490690236803321,0.0,-0.1273948923772931,-0.03371050212461187,-0.3102222765988909,-0.0005424113565079784,-0.12458518502922662,-0.23251757703778925,-0.06168179794345731,-0.30805595424006255,-0.4008298670618806,-0.04701931608159837,-0.774609446780083,-0.008296528314652604,-0.5286323716267046,-0.27699927235791044,-0.25135311933265636,0.6029307298921307,-0.8797915451693978,-0.7997678959787915,25.0,58.0,42.0,380.0,0.4099999964237213,0.8999999761581421,34.29999923706055,85.0,155.8000030517578,276.4349060058594,1.3809523582458496,1.0,0.008999999612569809,2.3684210777282715,0.1680999994277954,2.4390244483947754,5.940171241760254,155.8000030517578,1.9390244483947754,625.0,10.25,9500.0,144400.0,0.5661904811859131,15.199999809265137,0.7846153974533081,2.058823585510254,-1.5,0.3144424259662628,0.04387568682432175,38.44,25
-0.09048435402593853,-0.06602410152664656,-0.17590676486147705,0.005499831213971774,-0.24777695050098977,0.0015505037057719105,-0.5894706358790242,-0.47099201612794395,-0.11186909836625028,-0.19402690549981805,-0.07967387749036235,0.0,-0.11371012694153623,-0.13172349572447406,-0.27297407645786465,-0.02592526913081415,-0.23411850198263695,-0.37096742214795925,-0.036483828462715334,-0.5774318321824427,-0.543727849142377,-0.07846323949065402,-0.45469850263578937,0.08030505186286946,-0.06469025685356994,-0.35975362856103765,0.25688852000072787,0.7943126681272277,-0.8708819099657057,-0.07825748399815595,25.0,58.0,42.0,380.0,0.4099999964237213,0.8999999761581421,37.880001068115234,225.0,155.8000030517578,276.4349060058594,1.3809523582458496,1.0,0.008999999612569809,2.3684210777282715,0.1680999994277954,2.4390244483947754,5.940171241760254,155.8000030517578,1.9390244483947754,625.0,10.25,9500.0,144400.0,0.5661904811859131,15.199999809265137,0.7846153974533081,0.4888888895511627,1.9166666269302368,0.31501832604408264,0.005494505632668734,42.93,25
-0.07532452618974793,-0.03897368800833845,-0.023385708969833018,0.11118160463351762,-0.22945963159600813,-0.05579591141099877,-2.870295916874159,0.013576878795115854,-0.14964697920078718,0.06113098488211421,-0.025331312019720394,0.0,-0.05117201736004883,0.060314331177137595,-0.20520869053635002,0.05017672828704054,-0.18570599667212342,-0.30482016182988875,-0.0898111870537189,-0.4782720326200003,-0.26902422247680685,-0.201523578285865,-0.4320527654067556,0.020406501767605844,-0.09454720651311158,-0.11840315742623043,-0.37976251157676094,-0.20035391470604286,0.2625203125372861,0.816470421114966,25.0,58.0,42.0,380.0,0.4099999964237213,0.8999999761581421,34.90999984741211,195.0,155.8000030517578,276.4349060058594,1.3809523582458496,1.0,0.008999999612569809,2.3684210777282715,0.1680999994277954,2.4390244483947754,5.940171241760254,155.8000030517578,1.9390244483947754,625.0,10.25,9500.0,144400.0,0.5661904811859131,15.199999809265137,0.7846153974533081,0.9230769276618958,0.25,0.1684981733560562,0.3223443329334259,44.58,25
-0.11039734215528614,-0.12515871523140787,-0.25520589188198556,-0.015252862655173694,-0.31127637331688823,-0.08282058933803367,-12.224979027860007,0.30565175340209483,-0.15513736293692337,-0.017072773212746854,-0.11645675869111184,0.0,-0.11473033015650161,-0.042491808042328064,-0.30641969074565334,0.006790969011222627,-0.23835348444731486,-0.32530056797148293,-0.25656072120398005,-0.4848620705558286,-0.3436248910783786,-0.25401502312117485,-0.45595123846784735,-0.218912789077233,-0.16835942184170086,-0.24163815060612484,0.18672813405086228,0.20754262990338126,0.3338722156230113,-0.5681628596554914,25.0,58.0,42.0,380.0,0.4099999964237213,0.8999999761581421,25.829999923706055,180.0,155.8000030517578,276.4349060058594,1.3809523582458496,1.0,0.008999999612569809,2.3684210777282715,0.1680999994277954,2.4390244483947754,5.940171241760254,155.8000030517578,1.9390244483947754,625.0,10.25,9500.0,144400.0,0.5661904811859131,15.199999809265137,0.7846153974533081,0.9722222089767456,0.0833333358168602,0.1684981733560562,0.21794871985912323,30.42,25
-0.10692093492992905,0.06052960232939474,-0.036818323481545595,-0.008268841285688503,-0.39636524511091825,-0.2670210527719467,-12.82764067836844,-0.31582879990165685,-0.16550452025996412,-0.05914506143526085,-0.10548437695121582,0.0,-0.25478293209733544,-0.4166468104968568,-0.21900695064234332,-0.16399133848368774,-0.26238240256066353,-0.32285375661122545,-0.16613953692155392,-0.42433832973401503,-0.43498272005071914,-0.12108717451245857,-0.7520604723182509,0.15325065744545094,-0.41008575067327796,-0.23326596185717474,-0.3660042614239777,-0.18876599148080006,0.0006425161796614113,0.542640357572323,25.0,58.0,42.0,380.0,0.4099999964237213,0.949999988079071,22.18000030517578,200.0,155.8000030517578,276.4349060058594,1.3809523582458496,1.0,0.009499999694526196,2.5,0.1680999994277954,2.4390244483947754,5.940171241760254,155.8000030517578,1.9390244483947754,625.0,10.25,9500.0,144400.0,0.5661904811859131,15.199999809265137,0.7846153974533081,0.75,0.8333333134651184,0.1681901216506958,0.32358318567276,32.02,25
-0.2132071629853118,0.11043570692549784,0.29581144995592656,-0.04036116333095967,-0.38990311403728195,-0.02658093117322875,-12.53269748919278,-0.04316395310813223,-0.23166502590832455,-0.07834546411424284,-0.009949608626165656,0.0,-0.16540065620610944,-0.34224120807782815,-0.24888205386490928,-0.06160321552181109,-0.1283243243751951,-0.26132093541200513,-0.11800789601228936,-0.4525271279974295,-0.3096304945591417,-0.17253043630494183,-0.6243860784676087,0.18834428152097424,-0.24483778451589752,-0.3727028151262693,1.1303822934135377,0.7693569425042289,-0.3304278288264463,-0.3632145455990874,25.0,60.0,40.0,380.0,0.4099999964237213,0.8500000238418579,22.18000030517578,60.0,155.8000030517578,276.4349060058594,1.5,1.0,0.008500000461935997,2.236842155456543,0.1680999994277954,2.4390244483947754,5.940171241760254,155.8000030517578,1.9390244483947754,625.0,10.25,9500.0,144400.0,0.6150000095367432,15.199999809265137,0.7846153974533081,3.3333332538604736,-2.3333332538604736,0.311355322599411,0.21794871985912323,32.02,25
-0.14031544495718482,0.0728391617299408,0.1702347007140463,-0.10316890066031248,-0.14505484862993984,-0.10727748133203296,-6.994250335618596,-0.770815810112797,-0.19272976754257962,-0.021011109368000748,0.007862934179594364,0.0,-0.13284861606577178,-0.11682591121524588,-0.36733698768091544,-0.006066083570085668,-0.1278843112307886,-0.21572715778804913,-0.08744545575579575,-0.3295581988719878,-0.39422846990326316,-0.08592746968368799,-0.7344243270940783,-0.0786345413249499,-0.6006836522715346,-0.33021961820377366,-0.12863512224944917,-0.42077514970674545,-1.1341828109039642,-0.4893682295931039,25.0,60.0,40.0,380.0,0.4099999964237213,0.8999999761581421,31.299999237060547,210.0,155.8000030517578,276.4349060058594,1.5,1.0,0.008999999612569809,2.3684210777282715,0.1680999994277954,2.4390244483947754,5.940171241760254,155.8000030517578,1.9390244483947754,625.0,10.25,9500.0,144400.0,0.6150000095367432,15.199999809265137,0.7846153974533081,0.8571428656578064,0.5,0.3144424259662628,0.21206581592559814,31.3,25
-0.1406772930247889,0.031133767575120912,0.09342610565324079,-0.10920893799842224,-0.1410511336651831,-0.06329927882629978,-6.7136103950931005,-0.38622455053761695,-0.15444668277941526,-0.038035485151588624,0.006538098978552621,0.0,-0.09572192137583756,-0.0835838103597752,-0.36571769304851537,0.019996843012954204,-0.12436833428029609,-0.18871487317370794,-0.058658554726962416,-0.3165206987175479,-0.3928940817420518,-0.07741111949380716,-0.7305811865660156,-0.11549440789532107,-0.5736308518896626,-0.29941534998094493,-0.07208265184271764,-0.005161004357063427,0.5178404063933895,-0.4283437690029983,25.0,60.0,40.0,380.0,0.4099999964237213,0.8999999761581421,30.899999618530273,210.0,155.8000030517578,276.4349060058594,1.5,1.0,0.008999999612569809,2.3684210777282715,0.1680999994277954,2.4390244483947754,5.940171241760254,155.8000030517578,1.9390244483947754,625.0,10.25,9500.0,144400.0,0.6150000095367432,15.199999809265137,0.7846153974533081,0.8333333134651184,0.5833333134651184,0.10054844617843628,0.21206581592559814,34.6,25
-0.1045552647383492,0.052228439451246694,0.18739839330940697,0.022330524528417547,-0.48446968302651194,-0.10039842765892854,-2.924877899398976,-0.33328156782652885,-0.4102487793969188,-0.033377026754307426,0.006451390405742529,0.0,-0.04837070147440444,0.01179592329712129,-0.3226755563447611,-0.09128950739836185,-0.21462853227954484,-0.40548078477447,-0.12831009378565492,-0.5579266073604313,-0.42570030528917746,-0.17494891420609923,-0.5824072807145046,-0.30620148313640566,-0.15880753755857707,-0.3679280324378555,-0.43705886413945044,-0.5586449670076724,0.07153569707734804,-0.40595108475436775,25.0,60.0,40.0,380.0,0.4399999976158142,0.8500000238418579,36.099998474121094,200.0,167.1999969482422,287.8349304199219,1.5,1.0,0.008500000461935997,2.236842155456543,0.19359999895095825,2.2727272510528564,5.940171241760254,167.1999969482422,1.7727272510528564,625.0,11.0,9500.0,144400.0,0.6600000262260437,15.199999809265137,0.75,0.75,0.8333333134651184,0.10256410390138626,0.21978022158145905,38.0,25
-0.13934971793037246,0.08820592636832372,0.18380519677333934,-0.061299210977453396,-0.3374515164466799,-0.023688087896725864,-3.748439617091466,-0.3595541580451665,-0.230979975504865,-0.015526744737269072,-0.0033400974624848575,0.0,-0.0401024847731402,-0.18771823035133933,-0.15568296090820888,-0.043710735904392305,-0.1576204112098361,-0.23200689580024295,-0.072752171976169,-0.45868377748651123,-0.2112595131215015,-0.1710263080499928,-0.600854475320319,-0.19997182565263416,-0.35117511444700944,-0.28862477023298083,-0.60857219813584,-0.0806278559698068,-0.0008831285678956055,-0.5981796885829369,25.0,60.0,40.0,380.0,0.4099999964237213,0.8999999761581421,34.29999923706055,210.0,155.8000030517578,276.4349060058594,1.5,1.0,0.008999999612569809,2.3684210777282715,0.1680999994277954,2.4390244483947754,5.940171241760254,155.8000030517578,1.9390244483947754,625.0,10.25,9500.0,144400.0,0.6150000095367432,15.199999809265137,0.7846153974533081,0.9523809552192688,0.1666666716337204,0.09340659528970718,0.21794871985912323,39.1,25
-0.14008818887189498,0.08688668672073187,0.15572625651661498,-0.043477607292628034,-0.30362340113292763,-0.09828463217642242,-3.9327542385944483,-0.2862486907765674,-0.049776472199066286,-0.03742775016262803,0.0023228697394723774,0.0,-0.11092235971311566,-0.19202000224519786,0.007425272317299999,0.03790786186386708,-0.149540319836778,0.0685529297347965,-0.0807111706760266,-0.4437727362215685,-0.05795357360776448,-0.16981422494445914,-0.5791615629281766,0.00832196977121933,-0.3041757802864969,-0.053474136209460885,-0.18310272124918484,-0.002504112940833749,-0.8680438409875509,-0.2401091329678895,25.0,60.0,40.0,380.0,0.4000000059604645,0.8999999761581421,34.29999923706055,195.0,152.0,272.6349182128906,1.5,1.0,0.008999999612569809,2.3684210777282715,0.1599999964237213,2.5,5.940171241760254,152.0,2.0,625.0,10.0,9500.0,144400.0,0.6000000238418579,15.199999809265137,0.796875,0.9230769276618958,0.25,0.311355322599411,0.018315019086003304,38.44,25
-0.06174230017776097,-0.008216865131460197,-0.07646071547083923,0.09949645950455241,-0.2088714005847932,-0.05351196874361835,4.442483122120622,0.07229993797706404,-0.2037374813765226,0.007581658489740328,-0.022134501213127055,0.0,-0.09661182342695972,-0.04490029775278959,-0.24280216162766682,0.010695461828453337,-0.2822832258523806,-0.27623248444538606,-0.08234755515313241,-0.5015552535901444,-0.14312374564793298,-0.2481219611188546,-0.4155707017932083,-0.12272743698296085,-0.26553821807617084,-0.13488062049078178,-0.1020093971015999,0.043808578004597795,-1.0553211755242813,-0.24929270219719615,25.0,58.0,42.0,380.0,0.4099999964237213,0.8500000238418579,45.9900016784668,190.0,155.8000030517578,276.4349060058594,1.3809523582458496,1.0,0.008500000461935997,2.236842155456543,0.1680999994277954,2.4390244483947754,5.940171241760254,155.8000030517578,1.9390244483947754,625.0,10.25,9500.0,144400.0,0.5661904811859131,15.199999809265137,0.7846153974533081,0.9473684430122375,0.1666666716337204,0.32967033982276917,0.05677655711770058,48.67,25
-0.13289622304364002,-0.07505265898533828,-0.24698780068913126,-0.061878827309303476,-0.3337993397861349,-0.04758062748667892,-2.6293443430640897,0.11339612261075169,-0.22780523891714075,0.0654300121905893,-0.12919434186845294,0.0,-0.028085302691088325,-0.13681971041314195,-0.15926589073345954,-0.040623515155617955,-0.16526961067509793,-0.13475079262604397,0.004810784138472746,-0.4643947904153025,-0.13580564945040335,-0.17375115930707227,-0.45102813328666097,0.15337429717114845,-0.19893760248054287,-0.23066686197210662,-0.14175994146117077,0.13599498236701774,-0.4081276618092806,-0.5018772905956526,25.0,58.0,42.0,380.0,0.4099999964237213,0.8500000238418579,36.099998474121094,170.0,155.8000030517578,276.4349060058594,1.3809523582458496,1.0,0.008500000461935997,2.236842155456543,0.1680999994277954,2.4390244483947754,5.940171241760254,155.8000030517578,1.9390244483947754,625.0,10.25,9500.0,144400.0,0.5661904811859131,15.199999809265137,0.7846153974533081,1.029411792755127,-0.0833333358168602,0.049450550228357315,0.21794871985912323,43.35,25
-0.08718953781219188,-0.09830452243307505,-0.006167691702233843,-0.15211074388823045,-0.13366802075371956,-0.04315056152826794,-3.705207237556337,0.24119481513977017,-0.10453540424924179,-0.07175892684633378,-0.07093581350633406,0.0,-0.07576940780917091,-0.043505241585834825,-0.30548548644646356,0.0552570499018484,-0.11307454375794138,-0.18180984198272904,-0.038597502077816155,-0.31157644354082653,-0.36264881548811967,-0.07012164454325137,-0.7393682603193844,-0.05790389115007864,-0.4775014091067393,-0.25856321548266514,-0.102365784415996,0.28053336315493305,-0.10130558138119869,-0.40227090343717903,25.0,58.0,42.0,380.0,0.4099999964237213,0.8999999761581421,34.29999923706055,160.0,155.8000030517578,276.4349060058594,1.3809523582458496,1.0,0.008999999612569809,2.3684210777282715,0.1680999994277954,2.4390244483947754,5.940171241760254,155.8000030517578,1.9390244483947754,625.0,10.25,9500.0,144400.0,0.5661904811859131,15.199999809265137,0.7846153974533081,1.09375,-0.25,0.04936014488339424,0.21206581592559814,38.44,25
-0.05709461822546642,-0.01582211425268287,-0.07281968451709164,0.04582320550375949,-0.37396452572978334,-0.062055364157891965,-2.860807946792081,-0.07001733434465411,-0.0665995628383508,0.15368658448315287,-0.08532843682648523,0.0,-0.11591657191376017,-0.16332554099837815,-0.20056392843039317,-0.13561569724715805,-0.18035919142824644,-0.20433343930085207,-0.08665358883231919,-0.4545763961056846,-0.2567486545620029,-0.13556841883103607,-0.6898851761498476,0.20770832098783867,-0.10450526190244494,-0.13121732340912934,-0.31209354437306797,-0.04605185309419329,0.34839928571945883,0.7721765110400469,25.0,58.0,42.0,380.0,0.4099999964237213,0.8999999761581421,34.90999984741211,195.0,155.8000030517578,276.4349060058594,1.3809523582458496,1.0,0.008999999612569809,2.3684210777282715,0.1680999994277954,2.4390244483947754,5.940171241760254,155.8000030517578,1.9390244483947754,625.0,10.25,9500.0,144400.0,0.5661904811859131,15.199999809265137,0.7846153974533081,0.8974359035491943,0.3333333432674408,0.1681901216506958,0.32358318567276,44.58,25
-0.1099774365484935,-0.025100429711529235,-0.1507032854572542,-0.0019455110933819526,-0.4209955384971011,-0.13048025677009828,-11.251903547712446,0.22514120241968752,-0.10869426813323148,0.012112413204617626,-0.1674805163230576,0.0,-0.13151806500656085,-0.17645955443757835,-0.2160252932050636,-0.15194974843251613,-0.24022252516109405,-0.26074604321305545,-0.08989456902049889,-0.3954908334549391,-0.32660136630326003,-0.11344479996634749,-0.7163544138192387,0.09231295924887785,-0.20987006887671775,-0.21082077659363316,0.06031112435142808,-0.016482874722143458,0.38161562360777884,-0.46060962826071583,25.0,58.0,42.0,380.0,0.4099999964237213,0.8999999761581421,25.829999923706055,180.0,155.8000030517578,276.4349060058594,1.3809523582458496,1.0,0.008999999612569809,2.3684210777282715,0.1680999994277954,2.4390244483947754,5.940171241760254,155.8000030517578,1.9390244483947754,625.0,10.25,9500.0,144400.0,0.5661904811859131,15.199999809265137,0.7846153974533081,0.8333333134651184,0.5,0.1681901216506958,0.23765996098518372,30.42,25
-0.12436348885437587,0.06689085259232477,-0.05795458157935863,0.024748169041545882,-0.41116565078190204,-0.22638514532589274,-13.396714325767492,-0.1725836550897593,-0.150256835270405,-0.05189643331329303,-0.13359700839403557,0.0,-0.17622970440109376,-0.424502255144691,-0.2711463291861307,-0.14101588934316966,-0.26047531809276375,-0.3457295973618628,-0.16909964929463392,-0.4106310376700995,-0.27007708538282355,-0.10223615858307955,-0.7462255220406517,0.11286280840013821,-0.32527152330201986,-0.20390787165321447,0.17553937571857336,0.3225370990802844,0.27844183577981807,0.4719360357823532,25.0,58.0,42.0,380.0,0.4099999964237213,0.949999988079071,22.18000030517578,200.0,155.8000030517578,276.4349060058594,1.3809523582458496,1.0,0.009499999694526196,2.5,0.1680999994277954,2.4390244483947754,5.940171241760254,155.8000030517578,1.9390244483947754,625.0,10.25,9500.0,144400.0,0.5661904811859131,15.199999809265137,0.7846153974533081,1.0,0.0,0.1681901216506958,0.32358318567276,32.02,25
-0.10916969289042301,-0.032874833954318394,-0.18088075753012534,0.03516347110424414,-0.4014282016690905,0.10404561689548808,-11.36705423158455,0.035725910734275196,-0.10912303128465842,-0.03313640462227465,-0.18916564177713255,0.0,0.0020361914703948933,-0.32273043986932365,-0.2656833509124233,-0.16794237625297612,-0.25297743547480567,-0.3337845437021711,-0.12438335014526887,-0.4052320385730699,-0.2495635509172834,-0.14214951532646822,-0.6984435221410816,-0.09097369846250065,-0.22238657323632846,-0.1674062471343985,0.5670121800649092,-0.1654413630355014,-0.4302167720915654,-0.4509094794942581,25.0,58.0,42.0,380.0,0.4099999964237213,0.8500000238418579,25.829999923706055,60.0,155.8000030517578,276.4349060058594,1.3809523582458496,1.0,0.008500000461935997,2.236842155456543,0.1680999994277954,2.4390244483947754,5.940171241760254,155.8000030517578,1.9390244483947754,625.0,10.25,9500.0,144400.0,0.5661904811859131,15.199999809265137,0.7846153974533081,3.0,-2.0,0.325411319732666,0.23765996098518372,30.42,25
-0.17189234805755715,-0.10964026336082038,-0.1861230268258618,-0.06087193801959485,-0.31551291502490714,-0.08833758475667385,-7.894694302763928,-0.7977303341413748,-0.2845040972476681,-0.06272738618266992,-0.09986404351951819,0.0,-0.15581965586732655,-0.4223353211756522,-0.2228855930307765,-0.08993435022580572,-0.1765248893437629,-0.2014593020518974,-0.09629981214237787,-0.48277290542485946,-0.19827015551044694,-0.171336345150206,-0.5387432850451342,0.03795356038865876,-0.43157697701984193,-0.2636923670286467,-0.4530078733576789,-0.24594194977778835,-1.0857004449758727,-0.6048689368625512,25.0,58.0,42.0,380.0,0.4099999964237213,0.8999999761581421,31.299999237060547,210.0,155.8000030517578,276.4349060058594,1.3809523582458496,1.0,0.008999999612569809,2.3684210777282715,0.1680999994277954,2.4390244483947754,5.940171241760254,155.8000030517578,1.9390244483947754,625.0,10.25,9500.0,144400.0,0.5661904811859131,15.199999809265137,0.7846153974533081,0.8571428656578064,0.5,0.311355322599411,0.21794871985912323,31.3,25
-0.09634296535101429,-0.06656915712561295,-0.10197734475617733,-0.020128373210064183,-0.3879430998937285,-0.10985128313558988,-12.707819470563402,-0.8113761951304553,-0.14069758380335445,-0.022092076776917272,-0.05385568327106535,0.0,-0.13477615277080768,-0.24866154417134456,-0.37807508553280994,-0.03396809787284647,-0.32711418137735015,-0.4410540976123867,-0.2453162511266572,-0.49693531247606126,-0.393906003029082,-0.27826129939845085,-0.468928194212019,-0.23586955804077558,-0.30281583349060837,-0.1948083559898143,-0.6085148429205616,-0.23752844925657518,0.028879236909997167,-0.761188299379406,25.0,58.0,42.0,380.0,0.4099999964237213,0.8999999761581421,25.829999923706055,210.0,155.8000030517578,276.4349060058594,1.3809523582458496,1.0,0.008999999612569809,2.3684210777282715,0.1680999994277954,2.4390244483947754,5.940171241760254,155.8000030517578,1.9390244483947754,625.0,10.25,9500.0,144400.0,0.5661904811859131,15.199999809265137,0.7846153974533081,0.8333333134651184,0.5833333134651184,0.08974359184503555,0.21794871985912323,34.6,25
-0.21422873306102516,0.010307202212264012,0.035221556093548205,-0.08307303390442132,-0.34853151755822953,-0.17941407476566318,-12.030731071805484,-0.4124318800870571,-0.3246403021468371,-0.20224190922050098,-0.062459049314760685,0.0,-0.20746692111915888,-0.18649963061825617,-0.3729483665204307,-0.07018576184675275,-0.1357701599419154,-0.47432742307116127,-0.0975422940079994,-0.3042424094239704,-0.2237384755140275,-0.10975814001781618,-0.953587852689656,-0.3015880061840124,-0.7587543501038837,-0.3535102557369627,-0.23333364458550263,-0.025954709792615396,0.3352720398379462,-0.37117613983038117,25.0,58.0,42.0,380.0,0.4399999976158142,0.8500000238418579,22.18000030517578,200.0,167.1999969482422,287.8349304199219,1.3809523582458496,1.0,0.008500000461935997,2.236842155456543,0.19359999895095825,2.2727272510528564,5.940171241760254,167.1999969482422,1.7727272510528564,625.0,11.0,9500.0,144400.0,0.607619047164917,15.199999809265137,0.75,0.75,0.8333333134651184,0.10054844617843628,0.21206581592559814,28.0,25
-0.1579440422938283,-0.04271920727490158,-0.26286857802214636,0.016885679157899028,-0.23118222927426046,-0.15009276972270683,-13.139521214224194,0.11132523330163932,-0.10747797986843015,-0.054548358609055624,-0.18138354802179696,0.0,-0.09348964125477777,-0.1247901208350241,-0.3135144979682682,-0.028120176275982907,-0.2399614364556542,-0.36384089077857173,-0.11263130650566748,-0.56440055554048,-0.6871673425446,-0.18325264306096484,-0.524916850660251,0.01885583186533923,-0.2412153054793568,-0.3462241002802308,-0.3906027506939552,-0.12269176655033023,0.20853645883596084,-0.5181207219822308,25.0,58.0,42.0,380.0,0.4099999964237213,0.8999999761581421,20.270000457763672,210.0,155.8000030517578,276.4349060058594,1.3809523582458496,1.0,0.008999999612569809,2.3684210777282715,0.1680999994277954,2.4390244483947754,5.940171241760254,155.8000030517578,1.9390244483947754,625.0,10.25,9500.0,144400.0,0.5661904811859131,15.199999809265137,0.7846153974533081,0.9523809552192688,0.1666666716337204,0.10256410390138626,0.21978022158145905,29.1,25
-0.09259479091085292,0.05690459915121921,0.09868745226345903,-0.027023412576699202,-0.0003643688805286551,-0.022693572152899927,1.264140686979613,0.20921956214285417,0.13709348230117946,0.1506776347253392,-0.0180688416784284,0.0,-0.07597816000451,-0.14896900075473002,-0.016229733486092225,0.07153900784145402,-0.1712257431448278,0.19966873035035937,-0.020405393486742696,-0.5480284382951796,0.13488281522725737,-0.23150739491637462,-0.498358086766014,0.11551995558725119,-0.15468252968451235,0.04261029910680077,-0.3977020879202031,-0.058879023141351704,0.021760237204921696,-0.5203433281856875,25.0,60.0,40.0,380.0,0.38999998569488525,0.8500000238418579,40.27000045776367,190.0,148.1999969482422,268.8349304199219,1.5,1.0,0.008500000461935997,2.236842155456543,0.15209999680519104,2.5641026496887207,5.940171241760254,148.1999969482422,2.0641026496887207,625.0,9.75,9500.0,144400.0,0.5849999785423279,15.199999809265137,0.8095238208770752,0.9210526347160339,0.25,0.10256410390138626,0.21794871985912323,51.26,25
-0.11660173839253703,0.0623560751991131,0.08379879151073784,-0.0787456290153475,-0.2238823884765497,-0.05442308792635047,3.0259546897913125,-0.5700765843857036,-0.11447103730484312,0.05492724578294683,0.008301118027956736,0.0,-0.1327329391571377,-0.1788338870178301,-0.08523483597508799,0.07707663698767186,-0.2082794610856453,0.03268033681452179,-0.03994490056933534,-0.5652302487480269,-0.05104412573488767,-0.26514950539482074,-0.5940788832464526,-0.06820413417340652,-0.30966069112835665,-0.05967816590824003,-0.45794781179420313,-0.1160341771795906,-0.7534679123854471,-0.5828744102582893,25.0,60.0,40.0,380.0,0.4000000059604645,0.8999999761581421,41.349998474121094,210.0,152.0,272.6349182128906,1.5,1.0,0.008999999612569809,2.3684210777282715,0.1599999964237213,2.5,5.940171241760254,152.0,2.0,625.0,10.0,9500.0,144400.0,0.6000000238418579,15.199999809265137,0.796875,0.9523809552192688,0.1666666716337204,0.311355322599411,0.21794871985912323,46.67,25
-0.16213616004437223,0.047865840169725754,0.15076467390189546,0.06369518014781365,-0.21933035509706694,-0.08742882247479497,-9.020324128732238,-0.017413246939419064,-0.20040976658111276,-0.17683031505606547,0.06328056596442952,0.0,-0.11831892060937674,-0.24113370697318764,-0.31723065227064084,-0.08325699436189868,-0.2437791017865226,-0.489236942883469,-0.09337673994069733,-0.537802719800942,-0.6296870117887452,-0.2232780782525806,-0.5526806509188988,-0.03265749411284265,-0.21115696923706576,-0.3645128037773918,-0.04029704410155074,-0.1497742556950205,0.009465416958188254,-0.3999919316711443,25.0,60.0,40.0,380.0,0.4099999964237213,0.8999999761581421,28.399999618530273,180.0,155.8000030517578,276.4349060058594,1.5,1.0,0.008999999612569809,2.3684210777282715,0.1680999994277954,2.4390244483947754,5.940171241760254,155.8000030517578,1.9390244483947754,625.0,10.25,9500.0,144400.0,0.6150000095367432,15.199999809265137,0.7846153974533081,1.0,0.0,0.1684981733560562,0.21978022158145905,41.2,25
-0.04122708820667611,0.019917347167496168,0.0568023598023208,0.09230452679815986,-0.3418786157122288,0.09433463263119049,-4.596497447527074,0.30787732995876327,-0.08709784558285236,0.13492657931785978,0.029275121701339855,0.0,0.02068320929884271,0.0161299753761813,-0.22373900394392424,-0.20828922713219966,-0.18636810548929833,-0.148927123721673,-0.06365777133949688,-0.4553471428112937,-0.13384773163409402,-0.13756781746604818,-0.7007321287752587,-0.20890508963992477,-0.1854622837466214,-0.16572201280053048,-0.025768245838690636,-0.04131394488171392,-0.8300243843279788,-0.11053359706177479,25.0,60.0,40.0,380.0,0.4099999964237213,0.8500000238418579,34.5,190.0,155.8000030517578,276.4349060058594,1.5,1.0,0.008500000461935997,2.236842155456543,0.1680999994277954,2.4390244483947754,5.940171241760254,155.8000030517578,1.9390244483947754,625.0,10.25,9500.0,144400.0,0.6150000095367432,15.199999809265137,0.7846153974533081,0.9210526347160339,0.25,0.325411319732666,0.054844606667757034,41.15,25
-0.07562377936173939,0.019139364498278758,0.022773908915505476,0.04680409057393065,-0.34433508682678177,-0.08536015011644717,-4.123725111412266,0.03776459206969168,-0.15086126789153406,0.042568956157868834,0.029866346535007516,0.0,-0.12413319614645411,-0.21600085846945075,-0.21577619981713242,-0.20217965246369274,-0.19105447513673635,-0.24862137401821158,-0.11097815055430951,-0.47415875994872664,-0.17685761153763344,-0.1663062015081142,-0.7242392708335624,-0.425021677170935,-0.3065979010967386,-0.16088864585478313,0.1473401677992763,0.17214128439531995,-0.6550078028430918,-0.23691320196753515,25.0,60.0,40.0,380.0,0.4099999964237213,0.8999999761581421,33.79999923706055,230.0,155.8000030517578,276.4349060058594,1.5,1.0,0.008999999612569809,2.3684210777282715,0.1680999994277954,2.4390244483947754,5.940171241760254,155.8000030517578,1.9390244483947754,625.0,10.25,9500.0,144400.0,0.6150000095367432,15.199999809265137,0.7846153974533081,0.9760000109672546,0.09200000017881393,0.325411319732666,0.054844606667757034,43.25,25
-0.09446039226121486,0.0018734644090943981,0.167036163746652,-0.11516309196566893,-0.1394490823307544,0.062210441256657284,-3.99314083742121,0.16835948745170606,-0.12996891882165856,-0.04291135379192446,-0.003889657269140824,0.0,-0.0027723611371558666,-0.09789268866650092,-0.30738066446096907,0.033339066489583576,-0.15644522662283394,-0.17483760288858025,-0.06385707071276474,-0.3209969345126864,-0.3379372911239761,-0.08281751707131553,-0.739119797620686,-0.23269926209171396,-0.49184339696476775,-0.29640047907987926,-0.43533583627679495,-0.6111508689585453,-0.9818846963002255,-0.3093356999646304,25.0,60.0,40.0,380.0,0.4099999964237213,0.800000011920929,33.79999923706055,180.0,155.8000030517578,276.4349060058594,1.5,1.0,0.00800000037997961,2.1052632331848145,0.1680999994277954,2.4390244483947754,5.940171241760254,155.8000030517578,1.9390244483947754,625.0,10.25,9500.0,144400.0,0.6150000095367432,15.199999809265137,0.7846153974533081,0.6111111044883728,1.1666666269302368,0.3144424259662628,0.062157221138477325,43.25,25
-0.1341056380890118,0.029109814220702458,0.08779977441768462,-0.09625710423997927,-0.16217695142313798,-0.0442604390194397,-3.4591528631462904,0.4178288490986355,-0.14062379548042894,-0.031182027370429896,-0.015237922939346877,0.0,-0.09838322804313011,-0.009192592977574026,-0.3111146314765207,0.031880318492852694,-0.1284503965902765,-0.18335863093395427,-0.025701851667764026,-0.31383362927721575,-0.3613682141836468,-0.0451927900590945,-0.7280369543065005,-0.20198764687212936,-0.5922511486909855,-0.2951993503401574,0.08561890867469793,0.03711292984569169,0.05738655830668877,0.37711482383763906,25.0,60.0,40.0,380.0,0.4099999964237213,0.8999999761581421,33.79999923706055,223.0,155.8000030517578,276.4349060058594,1.5,1.0,0.008999999612569809,2.3684210777282715,0.1680999994277954,2.4390244483947754,5.940171241760254,155.8000030517578,1.9390244483947754,625.0,10.25,9500.0,144400.0,0.6150000095367432,15.199999809265137,0.7846153974533081,0.9713901281356812,0.10633333027362823,0.02376599609851837,0.3363802433013916,43.25,25
-0.061240465182258584,0.11377678327555728,0.20055961721166968,0.12496898177594998,-0.290265576872119,0.017638357023435025,-7.195478813163253,0.3763083512639309,-0.08431609148539426,-0.03385463474128266,0.1097048747408582,0.0,0.019375698639153754,-0.13723746778933407,-0.15903537536202167,0.040329140033180166,-0.19050491254811858,-0.2906425383047456,-0.1287383089108786,-0.4497171820672709,-0.256920731288903,-0.19368684148785426,-0.36937627424841535,0.0005423161062604784,-0.08191179768473239,-0.1399608278532135,0.4887122259412076,0.34829678178872986,0.2573851249021545,-0.3266360696847374,25.0,60.0,40.0,380.0,0.4099999964237213,0.8500000238418579,30.899999618530273,170.0,155.8000030517578,276.4349060058594,1.5,1.0,0.008500000461935997,2.236842155456543,0.1680999994277954,2.4390244483947754,5.940171241760254,155.8000030517578,1.9390244483947754,625.0,10.25,9500.0,144400.0,0.6150000095367432,15.199999809265137,0.7846153974533081,1.029411792755127,-0.0833333358168602,0.05128205195069313,0.21794871985912323,35.8,25
-0.11769007344325616,0.06246253946807642,0.2852775611922707,-0.02231884371094574,-0.3322567201473225,-0.033532546248328333,-2.584406026913332,0.2094712237585811,-0.23276338183960613,-0.014295069695950314,0.01889523024136566,0.0,-0.05486221312039155,-0.17946496084771685,-0.15547693480322822,-0.046410198384669685,-0.12815223540258747,-0.1929567971604815,-0.013889671798293821,-0.43051234985474746,-0.26127359811606377,-0.17288785825983988,-0.5425815863554851,0.15171759926736764,-0.19320056197480917,-0.22645377828471128,0.3746727522290438,0.2932353662719751,-0.41470540716765847,-0.4118657372154157,25.0,60.0,40.0,380.0,0.4099999964237213,0.8999999761581421,36.099998474121094,160.0,155.8000030517578,276.4349060058594,1.5,1.0,0.008999999612569809,2.3684210777282715,0.1680999994277954,2.4390244483947754,5.940171241760254,155.8000030517578,1.9390244483947754,625.0,10.25,9500.0,144400.0,0.6150000095367432,15.199999809265137,0.7846153974533081,1.09375,-0.25,0.049450550228357315,0.21794871985912323,43.35,25
-0.14707685089599265,0.06990787242901174,0.29960794804843405,-0.0293415664681742,-0.3248093945224605,-0.07675591719833996,-1.7826589214455346,-0.02066223223359306,-0.18726100638583404,-0.11057791261236828,0.02129466841305245,0.0,-0.1439403339896474,-0.2491780633833137,-0.18482355150492707,0.046047646975087037,-0.18545295078332322,-0.17883476664553416,-0.04236488280763956,-0.406195199895174,-0.30199923337192053,-0.15367252357150984,-0.5678039228044531,0.2918063008257856,-0.21117244845521377,-0.263689105476028,0.7037971396134932,0.05961094887195618,-0.6905841318903005,-0.4205117591056742,25.0,60.0,40.0,380.0,0.4099999964237213,0.8999999761581421,37.880001068115234,85.0,155.8000030517578,276.4349060058594,1.5,1.0,0.008999999612569809,2.3684210777282715,0.1680999994277954,2.4390244483947754,5.940171241760254,155.8000030517578,1.9390244483947754,625.0,10.25,9500.0,144400.0,0.6150000095367432,15.199999809265137,0.7846153974533081,2.058823585510254,-1.5,0.311355322599411,0.049450550228357315,42.93,25
-0.14633205107688288,-0.07283786954274643,0.05464842380328132,-0.14226363390665972,-0.14516651318721202,-0.09669636925693079,3.2430188217263867,-0.30379681927353264,-0.12362666526598387,-0.05948324577561401,0.019071588495904294,0.0,-0.10271922123785322,-0.0438024957370643,-0.3038280381203095,-0.010907972612896054,-0.1829046637688978,-0.1298357125624893,-0.03577164224262893,-0.39226844120662197,-0.32665794334811066,-0.08563042688976673,-0.7083811946328761,-0.1469927433941352,-0.6380460066632598,-0.25865578373024434,-0.15976385118006614,-0.07705909917935806,-0.7686844331978113,-0.506878817047565,25.0,60.0,40.0,380.0,0.4099999964237213,0.8999999761581421,41.349998474121094,225.0,155.8000030517578,276.4349060058594,1.5,1.0,0.008999999612569809,2.3684210777282715,0.1680999994277954,2.4390244483947754,5.940171241760254,155.8000030517578,1.9390244483947754,625.0,10.25,9500.0,144400.0,0.6150000095367432,15.199999809265137,0.7846153974533081,0.4888888895511627,1.9166666269302368,0.3144424259662628,0.007312614470720291,46.67,25
-0.11134896319314622,-0.00866844990848735,0.07337626428642793,0.11287217548083274,-0.1672599185823498,-0.04318528767526308,-2.5955828876198903,-0.1954722252985742,-0.09364135294594626,-0.05204829918169145,-0.03548701631600665,0.0,-0.104624234648696,0.015417836417010944,-0.34744731759872244,0.010509248021458278,-0.22640306132281388,-0.4122163813003418,-0.07051218577074353,-0.5628578890845232,-0.5461797045193201,-0.21320650712783376,-0.5266840171948852,-0.1285762395219279,-0.11111044102641841,-0.37237717719574337,0.02886641197080294,-0.05685710822911359,0.04424910240632202,0.29142600708171595,25.0,60.0,40.0,380.0,0.4099999964237213,0.8999999761581421,34.90999984741211,195.0,155.8000030517578,276.4349060058594,1.5,1.0,0.008999999612569809,2.3684210777282715,0.1680999994277954,2.4390244483947754,5.940171241760254,155.8000030517578,1.9390244483947754,625.0,10.25,9500.0,144400.0,0.6150000095367432,15.199999809265137,0.7846153974533081,0.9230769276618958,0.25,0.1684981733560562,0.30586081743240356,44.58,25
-0.09900977067956185,0.06246253946807642,0.17591111659465272,-0.018390919256848316,-0.28344857008804697,-0.048534930172970926,1.4627798055296242,0.3378013987685653,-0.17934242838035094,-0.021770955166076557,0.011917502383106304,0.0,-0.10360857252552245,-0.1610074229402835,-0.1745779014992627,-0.031146226693011633,-0.17836643420916995,-0.1913244577519534,-0.017784153824041554,-0.5349258505894904,-0.2364943576443819,-0.20877613650765853,-0.5836867949109621,-0.013120809927406584,-0.1797808247856153,-0.26739020810438946,0.518451452703419,0.31647324069645694,0.3514763828208417,-0.43975469521065796,25.0,60.0,40.0,380.0,0.4099999964237213,0.8999999761581421,40.27000045776367,180.0,155.8000030517578,276.4349060058594,1.5,1.0,0.008999999612569809,2.3684210777282715,0.1680999994277954,2.4390244483947754,5.940171241760254,155.8000030517578,1.9390244483947754,625.0,10.25,9500.0,144400.0,0.6150000095367432,15.199999809265137,0.7846153974533081,0.9722222089767456,0.0833333358168602,0.16300366818904877,0.21794871985912323,43.22,25
-0.0356565999795803,-0.006037401110708463,-0.001406476195199376,0.15540824317845492,-0.2012672182481725,0.11232368595677684,4.9677846148414755,0.18439605532499115,-0.055101094701614485,-0.01811965607701997,-0.01790538269928721,0.0,0.10126521571682065,0.16056105978618163,-0.21249860437969134,0.04678226840962644,-0.2360574247945141,-0.18285435926414684,-0.016064680460264054,-0.5608731552546383,-0.2675638189882448,-0.20339886345995706,-0.3527820759941111,-0.28130520891358074,-0.2039455295467749,-0.10314986061185219,-0.08077160499866684,-0.02963406098141831,0.49550502520220885,1.01641224043677,25.0,60.0,40.0,380.0,0.4099999964237213,0.949999988079071,45.9900016784668,200.0,155.8000030517578,276.4349060058594,1.5,1.0,0.009499999694526196,2.5,0.1680999994277954,2.4390244483947754,5.940171241760254,155.8000030517578,1.9390244483947754,625.0,10.25,9500.0,144400.0,0.6150000095367432,15.199999809265137,0.7846153974533081,0.75,0.8333333134651184,0.1684981733560562,0.3223443329334259,48.67,25
-0.12068012151252695,-0.03920396609744123,0.05775874966767521,-0.19830409237972135,-0.1438784642000049,0.023361079889783715,5.126037820834182,0.3525673447465787,-0.057632431711225195,-0.19483421923723565,0.024266843255966453,0.0,-0.028261306234062786,-0.010343721792027543,-0.3103700781020694,-0.01019734547092232,-0.15597237900360833,-0.17911328168696095,-0.04470212394057839,-0.3361936192062411,-0.43983593657811626,-0.08453751504074512,-0.6703646589051115,-0.196380241815524,-0.6837787436294651,-0.23053652114231832,0.057984948890346194,0.9258222061274529,-0.6470476501857816,-0.3988287000765547,25.0,60.0,40.0,380.0,0.4099999964237213,0.8500000238418579,45.9900016784668,60.0,155.8000030517578,276.4349060058594,1.5,1.0,0.008500000461935997,2.236842155456543,0.1680999994277954,2.4390244483947754,5.940171241760254,155.8000030517578,1.9390244483947754,625.0,10.25,9500.0,144400.0,0.6150000095367432,15.199999809265137,0.7846153974533081,3.3333332538604736,-2.3333332538604736,0.3144424259662628,0.21206581592559814,48.67,25
-0.0916699684141073,-0.009364194385720857,0.07164783945769315,-0.0037640032976600634,-0.34135546703449576,-0.09182516781213262,-11.518107977663828,-1.0237814850711577,-0.16737746030462852,-0.016041260717577076,0.0009566768039184629,0.0,-0.12027933746669871,-0.2735946625396045,-0.41369332381386414,-0.007001376566016883,-0.3206623653049371,-0.4430871790941293,-0.222576224661527,-0.45995767462299886,-0.4171258539241034,-0.30125851099271683,-0.4475115222907387,-0.15532672662606944,-0.29258667005607747,-0.13950391160733716,-0.6492901892581765,-0.2715860201905786,-0.10981529156704257,-0.7735792857793687,25.0,60.0,40.0,380.0,0.4099999964237213,0.8999999761581421,25.989999771118164,210.0,155.8000030517578,276.4349060058594,1.5,1.0,0.008999999612569809,2.3684210777282715,0.1680999994277954,2.4390244483947754,5.940171241760254,155.8000030517578,1.9390244483947754,625.0,10.25,9500.0,144400.0,0.6150000095367432,15.199999809265137,0.7846153974533081,0.8333333134651184,0.5833333134651184,0.08974359184503555,0.21794871985912323,34.6,25
-0.16393587076842414,0.10548740818092124,0.1387463208211618,0.02627925410683775,-0.48946700364135903,-0.05699220613583645,-11.08092842969759,-0.34498389949564934,-0.6602995060193985,-0.42421128134029,0.11470853783639916,0.0,-0.13903400918466274,-0.2962864450116392,-0.35829156758502845,-0.215504332904085,-0.28346651983853827,-0.4901908381284325,-0.17565271921274522,-0.5534592131922835,-0.33860953767618635,-0.23090337515094622,-0.7644851048175079,-0.3376207918244064,-0.36071275646695067,-0.4294588739443005,-0.26902048039268345,-0.3175389408613762,0.23574771186526,-0.35134390815056143,25.0,60.0,40.0,380.0,0.4399999976158142,0.8500000238418579,24.5,200.0,167.1999969482422,287.8349304199219,1.5,1.0,0.008500000461935997,2.236842155456543,0.19359999895095825,2.2727272510528564,5.940171241760254,167.1999969482422,1.7727272510528564,625.0,11.0,9500.0,144400.0,0.6600000262260437,15.199999809265137,0.75,0.75,0.8333333134651184,0.10256410390138626,0.21978022158145905,28.0,25
-0.16213616004437223,0.04779231171956996,0.1381549841305663,0.044845223778092067,-0.21908461461962978,-0.10869851812622874,-10.20245934928647,-0.0765292909472676,-0.161387061209783,-0.10664457523710981,0.0768234946004218,0.0,-0.10199298497705421,-0.17982781534632367,-0.3264485810258682,-0.09242581401457993,-0.27224465824148525,-0.4227372703913649,-0.11068972355136678,-0.5455499301973308,-0.6841891880923376,-0.24026841601608062,-0.5639315598032351,-0.10140991824715528,-0.269158631152039,-0.4054044008665767,-0.43249753674708497,-0.18333279889761359,0.0414949963106625,-0.3891464729107219,25.0,60.0,40.0,380.0,0.4099999964237213,0.8999999761581421,26.0,210.0,155.8000030517578,276.4349060058594,1.5,1.0,0.008999999612569809,2.3684210777282715,0.1680999994277954,2.4390244483947754,5.940171241760254,155.8000030517578,1.9390244483947754,625.0,10.25,9500.0,144400.0,0.6150000095367432,15.199999809265137,0.7846153974533081,0.9523809552192688,0.1666666716337204,0.10256410390138626,0.21978022158145905,29.1,25
-0.05016498312147061,-0.00904614497988317,0.12296779453425982,-0.18446190729179482,0.4240879119566508,-0.05300983554091325,-4.215316919061924,0.23783346655447457,0.005116620608717431,0.04154531202728647,-0.06433089187464998,0.0,-0.11696060853092141,-0.08288895812770727,0.408683230157118,0.09089755995894601,-0.12175892902215361,0.06718999909868517,-0.017179398201759264,-0.32713524288017326,-0.4374131020396958,0.041239662519781534,-0.6026572080683819,-0.20615162390698483,-0.45280991576819146,0.11514050592887809,-0.13468133380798097,0.058101536859779,-0.15443402598430497,-0.5830497738222797,25.0,60.0,40.0,380.0,0.36000001430511475,0.8999999761581421,34.70000076293945,170.0,136.8000030517578,257.4349060058594,1.5,1.0,0.008999999612569809,2.3684210777282715,0.12960000336170197,2.777777671813965,5.940171241760254,136.8000030517578,2.277777671813965,625.0,9.0,9500.0,144400.0,0.5400000214576721,15.199999809265137,0.8500000238418579,1.1176470518112183,-0.3333333432674408,0.09689214080572128,0.06032906845211983,48.8,25
-0.07743886684159974,-0.028426223834637682,0.1319799819935599,-0.17669102626903233,0.42636375317894104,-0.04890902232317342,-4.723064712228072,0.4053163029390699,0.13078562269850938,0.07974138346146283,-0.015262671728447494,0.0,-0.12095684133355243,-0.054502439401446806,0.13951155301932355,0.1394311023823614,-0.12569877161011467,0.06425124154534581,0.02091215433727977,-0.31996960322463336,-0.3625537794096452,0.21749086428244976,-0.601334664542111,0.23677881817749558,-0.3895231300179987,0.14140121941068054,0.024645262879581145,-0.08025221466642596,0.06663187932814234,-0.3268257066668673,25.0,60.0,40.0,380.0,0.3799999952316284,0.8999999761581421,33.5,170.0,144.39999389648438,265.034912109375,1.5,1.0,0.008999999612569809,2.3684210777282715,0.1444000005722046,2.6315789222717285,5.940171241760254,144.39999389648438,2.1315789222717285,625.0,9.5,9500.0,144400.0,0.5699999928474426,15.199999809265137,0.8225806355476379,0.9411764740943909,0.1666666716337204,0.10054844617843628,0.0036563072353601456,44.0,25
-0.06746432784934929,0.11561028812057056,0.1938345664714329,0.1611213630015862,0.2903544548577407,-0.0821565433419275,-6.127280812078621,0.21354415578351615,0.08963249306743637,-0.24660846501359682,0.039049346994479574,0.0,-0.052674153232804194,0.0026404546592182876,0.292637885901934,0.21998980105309363,-0.1598004727918161,0.41106833854838054,0.22761859438597154,-0.40976994266150457,-0.4013299033842643,0.05260264399812142,-0.32951073058940644,-0.21114378753181448,-0.04659497079049009,0.17341031743613552,0.3277364715040786,0.29810095127095815,-0.1305205885876656,-0.48966008977313,25.0,60.0,40.0,380.0,0.3799999952316284,0.8999999761581421,33.0,160.0,144.39999389648438,265.034912109375,1.5,1.0,0.008999999612569809,2.3684210777282715,0.1444000005722046,2.6315789222717285,5.940171241760254,144.39999389648438,2.1315789222717285,625.0,9.5,9500.0,144400.0,0.5699999928474426,15.199999809265137,0.8225806355476379,1.0,0.0,0.08974359184503555,0.21794871985912323,42.7,25
-0.03771204031595186,0.023010719345658882,0.09386540107657633,0.07884400536207084,-0.16620379241887193,-0.10693104398337923,-6.3840665367636555,0.12104333635239858,-0.005461491671661092,0.024808494218693886,0.13176524603481685,0.0,-0.10522854530077551,-0.14695624071569485,0.18713409719388652,0.11009470996437613,-0.17893114718878092,0.13826396006300298,0.008338080942450936,-0.45161443862022865,-0.10646304798268426,-0.1247320426065065,-0.6202701466542064,0.19923630840156123,-0.08510214793323288,0.15933419932564433,0.10083387317732152,0.18432303423242166,0.01816536931878548,0.4065846818890904,25.0,60.0,40.0,380.0,0.38999998569488525,0.8999999761581421,33.099998474121094,175.0,148.1999969482422,268.8349304199219,1.5,1.0,0.008999999612569809,2.3684210777282715,0.15209999680519104,2.5641026496887207,5.940171241760254,148.1999969482422,2.0641026496887207,625.0,9.75,9500.0,144400.0,0.5849999785423279,15.199999809265137,0.8095238208770752,0.9714285731315613,0.0833333358168602,0.10237660259008408,0.054844606667757034,44.8,25
-0.0376830357646968,0.03430469983560152,0.0754425350210706,0.09777545555945735,-0.30038353692428327,-0.07571032820386876,-6.266073377023291,0.16445816021920293,-0.07282232704515701,-0.002617386475466427,0.10232005774808815,0.0,-0.06639727975390798,-0.09521076112945108,-0.07186879845786749,-0.05386964888705625,-0.19427726154888159,-0.0932025227705281,-0.07312451328268658,-0.4566796225662781,-0.15638889737463696,-0.11770302288020576,-0.5905761529730801,0.0199132078217269,-0.07297189681768082,0.1515181069975446,-0.06014465430339186,0.20930151696404148,-0.0313320781659382,-0.009424806986033929,25.0,60.0,40.0,380.0,0.4000000059604645,0.8999999761581421,32.099998474121094,170.0,152.0,272.6349182128906,1.5,1.0,0.008999999612569809,2.3684210777282715,0.1599999964237213,2.5,5.940171241760254,152.0,2.0,625.0,10.0,9500.0,144400.0,0.6000000238418579,15.199999809265137,0.796875,1.0,0.0,0.09506398439407349,0.0036563072353601456,42.1,25
-0.09090218174213523,0.0370565596101042,0.12346056350799756,0.04501508378865314,0.03645716886876248,-0.050930952706835446,-5.017336817682077,0.09718850514301625,0.046642137482211195,0.13335356123376055,0.07960727461427522,0.0,-0.1097463097643951,0.03786646351766261,0.32540970070829733,0.1809876690371298,-0.22484210267049357,0.4626917433416598,0.11644567887269144,-0.5483124321078685,-0.7365548014809384,-0.16078808655208282,-0.5061553945093813,0.03472971698764203,-0.041674186504319324,0.28567501498858205,-0.11201816121059399,-0.1369822902007865,0.08038664729453945,-0.40539637880467844,25.0,60.0,40.0,380.0,0.3799999952316284,0.8999999761581421,33.5,165.0,144.39999389648438,265.034912109375,1.5,1.0,0.008999999612569809,2.3684210777282715,0.1444000005722046,2.6315789222717285,5.940171241760254,144.39999389648438,2.1315789222717285,625.0,9.5,9500.0,144400.0,0.5699999928474426,15.199999809265137,0.8225806355476379,0.939393937587738,0.1666666716337204,0.10256410390138626,0.21978022158145905,42.3,25
-0.06765408727398427,0.10024899753910309,0.2340983600649805,0.04315192456675645,0.27777745881931964,-0.040799974209670874,-5.059041001164358,0.01700157596682192,0.1406987847603479,-0.1971250391791846,0.03947069367428805,0.0,-0.048407016367090716,0.046103706899398945,0.26606287081704455,0.20922518116633892,-0.14985832642693922,0.43391030157427346,0.1826992657767642,-0.4036731968686704,-0.4138341359317078,0.05962860148993321,-0.32472877917306164,-0.0647078075583116,-0.07025231771572855,0.10870108867527066,-0.013221166489994877,-0.25879044682480895,0.16258955976762038,-0.25475234810767206,25.0,60.0,40.0,380.0,0.3799999952316284,0.8999999761581421,34.099998474121094,165.0,144.39999389648438,265.034912109375,1.5,1.0,0.008999999612569809,2.3684210777282715,0.1444000005722046,2.6315789222717285,5.940171241760254,144.39999389648438,2.1315789222717285,625.0,9.5,9500.0,144400.0,0.5699999928474426,15.199999809265137,0.8225806355476379,1.0303030014038086,-0.0833333358168602,0.10256410390138626,0.0036630036775022745,44.1,25
-0.03806722937448619,0.04264287247540586,0.10621388846129248,0.08408754550666431,0.6132906489142826,0.12059692410710628,-6.655017183155002,0.21093428004378148,0.2208079755847212,0.032975156698430465,0.11064618093440297,0.0,0.0720203739531404,-0.033861103501260224,0.21646251407217648,0.15142161402842091,-0.19610869134963632,0.30401635493436757,0.02754472467649909,-0.4611457607720046,-0.29024284671055817,0.16032207892306424,-0.44700835883914114,0.2549999544210231,-0.12410086716326135,0.15960795144349224,0.037185917257875026,0.19931538879414218,0.046089714320096696,0.5095673347300363,25.0,60.0,40.0,380.0,0.3799999952316284,0.800000011920929,32.5,160.0,144.39999389648438,265.034912109375,1.5,1.0,0.00800000037997961,2.1052632331848145,0.1444000005722046,2.6315789222717285,5.940171241760254,144.39999389648438,2.1315789222717285,625.0,9.5,9500.0,144400.0,0.5699999928474426,15.199999809265137,0.8225806355476379,0.96875,0.0833333358168602,0.10237660259008408,0.009140768088400364,41.9,25
-0.06630544753561946,0.008907390963042064,-0.05947008300243271,0.07480086603813936,-0.21156712160435498,0.0035201967859414,5.047496766143861,-0.24668911189092027,-0.1197970224803942,-0.038775814933382016,-0.06029197644869784,0.0,-0.045897408970534875,-0.06514946528538193,-0.24425153365708097,0.026443397890229207,-0.2907482119484915,-0.24133398372898443,-0.027039586685226602,-0.5372981993447645,-0.1861882683298207,-0.2860121512386096,-0.40083701420675366,-0.07483633505275962,-0.09866643559830998,-0.09518502831604116,-0.3889420956177563,-0.15557172286142315,0.6695254676238501,0.9494736068941695,25.0,58.0,42.0,375.0,0.4099999964237213,0.8999999761581421,46.310001373291016,165.0,153.75,272.797607421875,1.3809523582458496,1.0,0.008999999612569809,2.4000000953674316,0.1680999994277954,2.4390244483947754,5.926926136016846,153.75,1.9390244483947754,625.0,10.25,9375.0,140625.0,0.5661904811859131,15.0,0.7846153974533081,0.939393937587738,0.1666666716337204,0.19780220091342926,0.3223443329334259,51.9,25
-0.10007293221300458,-0.051710965474922516,-0.23077828905025308,-0.07135780118092372,-0.23693134439860514,-0.06548569685672537,3.2077267322908245,0.2641670678124786,-0.20871301063972728,0.07499426329147502,-0.07725115724058287,0.0,-0.12139004211685175,-0.1781439690014656,-0.21191711330702337,0.001985432485954766,-0.2383918445369629,-0.12360362359537237,-0.009881436726742328,-0.551748916229774,-0.2246304558645112,-0.23005232924899086,-0.46316432048850736,0.006310539099729931,0.13278273703199875,-0.2142985637495426,0.11754217186914742,0.1681491509099375,0.4303666111379296,0.03017407277091437,25.0,58.0,42.0,375.0,0.4099999964237213,0.8999999761581421,41.189998626708984,165.0,153.75,272.797607421875,1.3809523582458496,1.0,0.008999999612569809,2.4000000953674316,0.1680999994277954,2.4390244483947754,5.926926136016846,153.75,1.9390244483947754,625.0,10.25,9375.0,140625.0,0.5661904811859131,15.0,0.7846153974533081,1.0303030014038086,-0.0833333358168602,0.21978022158145905,0.05677655711770058,42.9,25
-0.06456801817419128,0.045316256453335736,-0.07689378963991349,0.04440149223466263,-0.30380823698621107,-0.04213345445197771,2.230024032819235,0.19542443200642357,-0.08865637285077817,-0.0540142043770217,-0.02249878441599477,0.0,-0.039119627289014226,-0.25813196321703524,-0.19832275227899343,-0.15494453725882573,-0.13655832987799885,-0.21887143985957394,-0.024215109651853174,-0.43266531152796867,-0.17582345454006396,-0.1127004518199897,-0.5665399683675318,0.1861255697193986,0.06852781641815874,-0.11906918485840728,-0.3090594586615263,0.05734698686326703,0.39238711207372184,0.5828602089014436,25.0,58.0,42.0,375.0,0.4099999964237213,0.8999999761581421,41.08000183105469,160.0,153.75,272.797607421875,1.3809523582458496,1.0,0.008999999612569809,2.4000000953674316,0.1680999994277954,2.4390244483947754,5.926926136016846,153.75,1.9390244483947754,625.0,10.25,9375.0,140625.0,0.5661904811859131,15.0,0.7846153974533081,0.96875,0.0833333358168602,0.1681901216506958,0.32358318567276,44.4,25
-0.10007293221300458,-0.056427879448012475,-0.20285340520669293,-0.029054049173796448,-0.2808533351358069,-0.06799129690349595,2.1449397442334504,0.2754686371530052,-0.174716733297565,0.07891180687142076,-0.07704298851172271,0.0,-0.11387629068454998,-0.18731433171158557,-0.19184652050847567,0.0018557117486965884,-0.2245787396561156,-0.15567472232512233,-0.030898872287229835,-0.5315773526441364,-0.25277903852088457,-0.23342720407665504,-0.4940633418846077,0.11748554990997742,0.14625051880353412,-0.20156537870734562,0.29719885289050685,0.18099448283338368,0.47864460179857793,0.21597567393013614,25.0,58.0,42.0,375.0,0.4099999964237213,0.8999999761581421,40.38999938964844,170.0,153.75,272.797607421875,1.3809523582458496,1.0,0.008999999612569809,2.4000000953674316,0.1680999994277954,2.4390244483947754,5.926926136016846,153.75,1.9390244483947754,625.0,10.25,9375.0,140625.0,0.5661904811859131,15.0,0.7846153974533081,1.0,0.0,0.16300366818904877,0.05677655711770058,50.7,25
-0.10148014353415873,-0.07169637202669915,-0.22630269843358347,-0.06681296802289159,-0.2477049125757477,-0.03904729541961826,3.7160641469546705,0.2964402402388503,-0.20816230989527046,-0.04263047323608491,-0.07498375114755562,0.0,-0.09633743734495989,-0.05756397850381327,-0.22078315236547455,-0.006867491751606047,-0.17965789999316847,-0.04287432984402372,-0.007155039850705878,-0.5306001257672179,-0.1898298962682778,-0.19590401797881085,-0.48158113274024617,-0.013271884850555775,-0.24957030958080118,-0.21221371007259535,0.7429924890906748,0.31905148888839296,0.41145514620716583,-0.043362385980983256,25.0,58.0,42.0,380.0,0.4099999964237213,0.8999999761581421,41.97999954223633,160.0,155.8000030517578,276.4349060058594,1.3809523582458496,1.0,0.008999999612569809,2.3684210777282715,0.1680999994277954,2.4390244483947754,5.940171241760254,155.8000030517578,1.9390244483947754,625.0,10.25,9500.0,144400.0,0.5661904811859131,15.199999809265137,0.7846153974533081,1.0625,-0.1666666716337204,0.16300366818904877,0.05677655711770058,50.5,25
-0.06553254207237758,-0.022271646729169425,0.008411533990020977,-0.15521862618129556,-0.15690125377587796,-0.06427343876363406,1.7921425161852975,0.17049651965838572,-0.1287668010631126,-0.017784946649885242,-0.029158027170745063,0.0,-0.1155975806514035,-0.059201275169299704,-0.30671163791666234,0.013225326061615526,-0.12951947701877967,-0.14358273680254466,-0.024553377119141462,-0.32668388499893064,-0.338577053807041,-0.13063553880110337,-0.7579773351998826,0.0007512152207388864,-0.5783301857019655,-0.20301799506246948,-0.2883860026089552,0.3946805238245137,0.2530946939629094,-0.34703543310810125,25.0,58.0,42.0,375.0,0.4099999964237213,0.8999999761581421,41.16999816894531,150.0,153.75,272.797607421875,1.3809523582458496,1.0,0.008999999612569809,2.4000000953674316,0.1680999994277954,2.4390244483947754,5.926926136016846,153.75,1.9390244483947754,625.0,10.25,9375.0,140625.0,0.5661904811859131,15.0,0.7846153974533081,1.0666667222976685,-0.1666666716337204,0.1736745834350586,0.21206581592559814,51.9,25
-0.058495035828918074,0.0019331887588062788,-0.08212911167773429,0.06406708554918292,-0.1556155787062633,-0.05459545804157868,2.951996195727581,0.058177413497564084,-0.25074332542298156,-0.029290102715284923,-0.03706203226097229,0.0,-0.06472312433658024,-0.07022283095399565,-0.24088757718643414,0.006667892572505073,-0.22068337774666658,-0.30844044068226584,-0.07614624061531233,-0.5051045579092703,-0.1841974241022171,-0.22485204590443747,-0.4631758724161009,-0.015264652712700784,-0.07292310001251844,-0.1275683660027847,-0.4139921741225617,-0.16565157207719483,0.44675464419896666,-0.7293061016801509,25.0,58.0,42.0,375.0,0.4099999964237213,0.8999999761581421,42.29999923706055,160.0,153.75,272.797607421875,1.3809523582458496,1.0,0.008999999612569809,2.4000000953674316,0.1680999994277954,2.4390244483947754,5.926926136016846,153.75,1.9390244483947754,625.0,10.25,9375.0,140625.0,0.5661904811859131,15.0,0.7846153974533081,0.9375,0.1666666716337204,0.19780220091342926,0.21794871985912323,48.2,25
-0.09637939227027906,-0.05034820361243396,-0.20251068246275,0.03728277938681093,0.011573576153680471,0.03340917069216688,-1.6542292409749082,0.256860031362279,0.37189316367949693,0.10948460186779291,-0.12271883755466345,0.0,0.2194363773058897,0.14746064271545772,0.27356835930134904,0.22216412274453348,-0.21858812246591006,0.4788594633294911,0.06548504678022016,-0.5427440549645247,-0.994476371352596,-0.05389712261679744,-0.44890874782096185,0.09878980476027081,-0.1305857685867222,0.38764526921292813,0.08627870389838185,-0.007891214629161642,-0.4373216772605023,-0.00593725755978532,25.0,58.0,42.0,370.0,0.3799999952316284,1.0,37.84000015258789,160.0,140.60000610351562,258.060302734375,1.3809523582458496,1.0,0.009999999776482582,2.702702760696411,0.1444000005722046,2.6315789222717285,5.913503170013428,140.60000610351562,2.1315789222717285,625.0,9.5,9250.0,136900.0,0.5247619152069092,14.800000190734863,0.8225806355476379,0.9375,0.1666666716337204,0.31501832604408264,0.06593406945466995,48.2,25
-0.07071321864795495,-0.06715796830075484,-0.013976210824023637,-0.1285274164048126,0.5304961296297246,0.07937862742828507,-5.020572163639436,0.3722411678217064,0.4235167996281672,-0.07739929022753311,-0.07938425668306541,0.0,0.3069772118687304,0.13524111294417826,0.1360506531554443,0.21025741071128976,-0.11028407080994371,0.33440358758033367,0.061553384611192516,-0.3330801821901854,-0.48623573736781384,0.11538901382412332,-0.6487510104018559,-0.05974259347715023,-0.1890654914200694,0.2564497533822466,-0.09419346223262089,-0.1034873159514848,-0.28210118520455696,-0.11944056911164647,25.0,58.0,42.0,360.0,0.3799999952316284,1.0,33.40999984741211,160.0,136.8000030517578,251.08570861816406,1.3809523582458496,1.0,0.009999999776482582,2.777777671813965,0.1444000005722046,2.6315789222717285,5.886104106903076,136.8000030517578,2.1315789222717285,625.0,9.5,9000.0,129600.0,0.5247619152069092,14.399999618530273,0.8225806355476379,0.9375,0.1666666716337204,0.3144424259662628,0.0786106064915657,45.2,25
-0.06638937271989656,-0.03334811048927861,-0.1185247436742505,-0.007228824971045009,0.3290221642802056,0.07702522851580003,-4.731506228763663,0.10460791460779703,0.22247194047329785,-0.09676562272500758,-0.043962617461341995,0.0,0.326466337879983,0.08677977975527647,0.31607567670272924,0.2154467425934979,-0.14663516245611094,0.36291457313544906,0.16504598645297713,-0.4437064206644108,-0.46280553009010356,0.011542029306194353,-0.3604607843568286,0.08399629226123098,-0.03804726981236778,0.16550533393350703,-0.24449057364134572,-0.15843342008545364,0.2711049726897479,-0.4157337898116333,25.0,58.0,42.0,370.0,0.3799999952316284,1.0,34.099998474121094,180.0,140.60000610351562,258.060302734375,1.3809523582458496,1.0,0.009999999776482582,2.702702760696411,0.1444000005722046,2.6315789222717285,5.913503170013428,140.60000610351562,2.1315789222717285,625.0,9.5,9250.0,136900.0,0.5247619152069092,14.800000190734863,0.8225806355476379,0.9444444179534912,0.1666666716337204,0.1684981733560562,0.07692307978868484,42.9,25
-0.1121158609394169,-0.06700625449043005,-0.1878891540841053,-0.02910094749249552,0.2719089282342684,0.05052753493492527,-2.679659076597944,-0.0897412411037178,0.6968831297103878,0.19338071327912815,-0.11317504318792007,0.0,0.4306743736361426,-0.09531610014957669,0.0493461946788842,0.0748584997221206,-0.17647701468836624,0.4338795279790723,0.013795445489728782,-0.38980978746567385,-0.34825181776986297,-0.19480694561149267,-0.5755913465073726,0.24256377012070188,0.19626918572486945,0.34900976079412965,-0.06783006009842775,-0.13880592584327783,0.37802480352167017,-0.39592624727840764,25.0,58.0,42.0,360.0,0.3799999952316284,1.0,36.400001525878906,190.0,136.8000030517578,251.08570861816406,1.3809523582458496,1.0,0.009999999776482582,2.777777671813965,0.1444000005722046,2.6315789222717285,5.886104106903076,136.8000030517578,2.1315789222717285,625.0,9.5,9000.0,129600.0,0.5247619152069092,14.399999618530273,0.8225806355476379,0.9473684430122375,0.1666666716337204,0.16300366818904877,0.07326007634401321,44.4,25
-0.05931090984472791,-0.003130677550796788,-0.08260249875893515,0.10443852398648162,-0.05761815599184252,0.1224499711327039,2.966974205449197,0.033469925774754127,-0.02229056676970216,0.011208189472922705,-0.017190282988186107,0.0,0.4083710383814858,-0.0262497175177975,-0.06880837365257064,0.14475766227591147,-0.20357556251166437,0.04153042819326112,-0.04912528833861358,-0.5159613684380944,-0.22969651773322672,-0.20778243984535474,-0.48690886452940635,0.004505766989542338,-0.09925644079533728,0.036562451804221574,-0.31670737482745265,-0.2113746110616401,0.42952127244391664,-0.5059162065788718,25.0,58.0,42.0,375.0,0.4000000059604645,1.0,42.20000076293945,200.0,150.0,269.047607421875,1.3809523582458496,1.0,0.009999999776482582,2.6666667461395264,0.1599999964237213,2.5,5.926926136016846,150.0,2.0,625.0,10.0,9375.0,140625.0,0.5523809790611267,15.0,0.796875,0.949999988079071,0.1666666716337204,0.1684981733560562,0.07692307978868484,50.7,25
-0.10959854044231786,-0.05317437203064031,-0.23024525213896158,-0.050998734457270635,-0.2521515108366868,0.08565873999133176,3.916735333522038,0.17362026128534805,-0.029006801301726788,0.04847108580661208,-0.03030003990817833,0.0,0.505599967292731,0.07982239453774191,-0.04468276979218008,0.08745665400222002,-0.18680519253232064,-0.057826411175703286,-0.001427764279507418,-0.524891166733425,-0.0003573051145776324,-0.20073191164640355,-0.43614413648108813,0.07632606197467685,0.17047840733673333,0.005556996667152318,0.14418577613602257,0.13661978952616766,0.433464098040337,-0.2450346725326492,25.0,58.0,42.0,375.0,0.4000000059604645,1.0,44.900001525878906,180.0,150.0,269.047607421875,1.3809523582458496,1.0,0.009999999776482582,2.6666667461395264,0.1599999964237213,2.5,5.926926136016846,150.0,2.0,625.0,10.0,9375.0,140625.0,0.5523809790611267,15.0,0.796875,1.0,0.0,0.16300366818904877,0.15750916302204132,50.5,25
-0.0383032647979587,0.015373086344576273,0.004240655823231245,0.11084742331428372,-0.11473755403539,-0.009027069172331191,5.371164794792788,0.19176795599986934,-0.034346529607135655,0.04170566299369233,-0.031990716966062496,0.0,-0.06877519611372564,0.007887925492912996,-0.2043195630263107,0.027622992863125473,-0.21445850269235806,-0.18934115756771538,-0.015887307887234622,-0.5350989022150283,-0.18695941685360848,-0.16575281461034802,-0.36885335993820584,-0.020143849779446797,-0.054110714696648146,-0.06072751932886477,-0.04854454835329741,-0.03656631138789887,0.5619452777401431,1.0698292363735364,25.0,58.0,42.0,375.0,0.4099999964237213,0.8999999761581421,46.310001373291016,190.0,153.75,272.797607421875,1.3809523582458496,1.0,0.008999999612569809,2.4000000953674316,0.1680999994277954,2.4390244483947754,5.926926136016846,153.75,1.9390244483947754,625.0,10.25,9375.0,140625.0,0.5661904811859131,15.0,0.7846153974533081,0.8157894611358643,0.5833333134651184,0.19780220091342926,0.3223443329334259,51.9,25
-0.07606508373340644,0.045316256453335736,-0.08047158192635581,0.0545628398162516,-0.29786048215640354,-0.06266222971132487,1.7624321408731702,0.1616683557099433,-0.08935084202920476,-0.04721198896345008,-0.027574570590894715,0.0,-0.062356269226704696,-0.19298230075408193,-0.2019515441969395,-0.1709361980971437,-0.15257004913350433,-0.1776747656224144,-0.04659913771503824,-0.45216640151960497,-0.16329560603264137,-0.11400642774038088,-0.5607284203421572,0.12323107955589058,0.05896565218312434,-0.12127500698957974,-0.1788494870423963,-0.1378131219443917,0.36490874826239855,-0.19559745836793777,25.0,58.0,42.0,375.0,0.4099999964237213,0.8999999761581421,41.189998626708984,180.0,153.75,272.797607421875,1.3809523582458496,1.0,0.008999999612569809,2.4000000953674316,0.1680999994277954,2.4390244483947754,5.926926136016846,153.75,1.9390244483947754,625.0,10.25,9375.0,140625.0,0.5661904811859131,15.0,0.7846153974533081,0.9444444179534912,0.1666666716337204,0.20658135414123535,0.054844606667757034,48.83,25
-0.06632074151076199,0.00364637139280217,-0.11207152097156046,0.050840681202349663,-0.14704182982747677,-0.0002583022593023273,2.026053345269188,0.14526518766695812,-0.10071114756221271,0.19532959538466896,0.003354466837157868,0.0,-0.06819473540936247,-0.1381668591317211,-0.2454808002049849,-0.010254916247653184,-0.20365846292706719,-0.2103902330855843,-0.14214177270590989,-0.5777277846525828,-0.5955520669772959,-0.12590012623890795,-0.4438024831846608,0.018873884321237006,-0.04987910359714557,-0.3544371052085114,-0.34060999278016113,-0.11883823257473627,0.09172590946589271,0.5156106905684403,25.0,58.0,42.0,375.0,0.4099999964237213,0.8999999761581421,41.08000183105469,195.0,153.75,272.797607421875,1.3809523582458496,1.0,0.008999999612569809,2.4000000953674316,0.1680999994277954,2.4390244483947754,5.926926136016846,153.75,1.9390244483947754,625.0,10.25,9375.0,140625.0,0.5661904811859131,15.0,0.7846153974533081,0.7948718070983887,0.6666666865348816,0.1684981733560562,0.30586081743240356,48.63,25
-0.09221781675067002,-0.015583663239806853,-0.15063849225160517,0.04473118339896848,-0.16656703569373918,0.005873912280632975,1.6418273875122502,0.06305324904656594,-0.08578669966428407,0.1775427994286168,-0.055359078143278645,0.0,-0.08505632791647423,-0.07977110185797445,-0.24826885261665965,0.005712131875803393,-0.19570034575760079,-0.11872007813894614,-0.10393553560943207,-0.5593123059690801,-0.5811015721589347,-0.10974968351026909,-0.42769620088550536,0.18311390507391448,-0.056817725642119295,-0.36493400764333017,-0.3217856255657723,-0.09532454836318424,0.37750597394736024,0.13073131270072585,25.0,58.0,42.0,375.0,0.4099999964237213,0.8999999761581421,40.38999938964844,190.0,153.75,272.797607421875,1.3809523582458496,1.0,0.008999999612569809,2.4000000953674316,0.1680999994277954,2.4390244483947754,5.926926136016846,153.75,1.9390244483947754,625.0,10.25,9375.0,140625.0,0.5661904811859131,15.0,0.7846153974533081,0.8947368264198303,0.3333333432674408,0.1684981733560562,0.06227106228470802,47.88,25
-0.04909348788192887,0.0016441804843697362,-0.16512559427987736,0.03234133262248931,-0.16656215287413026,-0.011265841859552851,2.4570114405362267,0.09078060378196656,-0.11701021343189774,-0.14582243436967193,-0.05661052345262728,0.0,-0.08128244877553163,-0.09557031929120614,-0.2723983096639204,-1.4867072279550196e-05,-0.23098975647461717,-0.37577990810958983,-0.10280038252585036,-0.5659065030193063,-0.5809918336771419,-0.11165004042791347,-0.46385787066689393,-0.0018966621060185406,0.0022191337591989544,-0.39499491019450866,-0.2916634172341701,-0.10288979864978504,0.3420575518130827,0.1464259645160182,25.0,58.0,42.0,380.0,0.4099999964237213,0.8999999761581421,41.97999954223633,190.0,155.8000030517578,276.4349060058594,1.3809523582458496,1.0,0.008999999612569809,2.3684210777282715,0.1680999994277954,2.4390244483947754,5.940171241760254,155.8000030517578,1.9390244483947754,625.0,10.25,9500.0,144400.0,0.5661904811859131,15.199999809265137,0.7846153974533081,0.8947368264198303,0.3333333432674408,0.1684981733560562,0.06227106228470802,48.89,25
-0.06451464162934502,-0.008045745111827126,-0.17400164391675635,0.041513490765357486,-0.17601432925475638,-0.017209404244028004,1.9911734317673306,0.16507946694333192,-0.0956364448797479,0.11267216881239714,-0.035922369973851655,0.0,-0.08799472185147701,-0.12297596714303899,-0.24712682353806592,-0.00035776186706171535,-0.22836310653507913,-0.1948665255249207,-0.11528300589613708,-0.5593123059690801,-0.6246774091427485,-0.15968073943527256,-0.4517695944753863,-0.036079306063146487,-0.053325836294646094,-0.3500077070433913,-0.31772777114543116,-0.14966528202326077,0.17433698007954754,-0.41312981004751925,25.0,58.0,42.0,375.0,0.4099999964237213,0.8999999761581421,41.16999816894531,185.0,153.75,272.797607421875,1.3809523582458496,1.0,0.008999999612569809,2.4000000953674316,0.1680999994277954,2.4390244483947754,5.926926136016846,153.75,1.9390244483947754,625.0,10.25,9375.0,140625.0,0.5661904811859131,15.0,0.7846153974533081,0.8648648858070374,0.4166666567325592,0.1684981733560562,0.21978022158145905,47.98,25
-0.06935950961742215,-0.010409931119066775,0.045006384814883386,-0.046887130273671536,-0.10310719563995964,-0.09123521570328097,3.8610386510555865,0.3872404877046677,-0.14339318018246497,-0.053204450194260455,-0.03247181009448629,0.0,-0.06271538089380542,-0.026730193370265578,-0.2366619808459599,0.04541628665195074,-0.08898967872676673,-0.0982581822986585,-0.01779570586337024,-0.3297195252107885,-0.31634571817305784,-0.040138263384692466,-0.6118761523964436,-0.03488513575753155,-0.4389810739208914,-0.21234949610747986,0.050713895857077335,-0.012610771412728636,0.18676910816417008,-0.46385187439134073,25.0,58.0,42.0,375.0,0.4099999964237213,0.8999999761581421,42.29999923706055,180.0,153.75,272.797607421875,1.3809523582458496,1.0,0.008999999612569809,2.4000000953674316,0.1680999994277954,2.4390244483947754,5.926926136016846,153.75,1.9390244483947754,625.0,10.25,9375.0,140625.0,0.5661904811859131,15.0,0.7846153974533081,0.8333333134651184,0.5,0.20109689235687256,0.21206581592559814,47.75,25
-0.0661659203895416,-0.04331199330798562,-0.22685073688160523,0.08323994051590103,-0.005221350233793688,0.03131599222476961,-3.744789947448917,-0.18560421441996447,-0.10908426282478502,0.05750453535016622,-0.13072636475647836,0.0,0.018565695597855387,0.1362819371606531,0.26352634400018227,0.1556696522752496,0.215558330065683,-0.06688098005792113,0.039850008259291,0.11344267034964403,-0.3594025139499255,0.20773858459477307,0.3295386083561021,0.09184380202836791,0.05000564403203644,0.18944153184072443,0.13665373323425367,0.28172351780431537,-0.1482566753946829,0.8480952557547863,30.0,58.0,42.0,400.0,0.3799999952316284,0.800000011920929,35.5,180.0,152.0,278.984130859375,1.3809523582458496,1.0,0.00800000037997961,2.0,0.1444000005722046,2.6315789222717285,5.991464614868164,152.0,2.1315789222717285,900.0,11.399999618530273,12000.0,160000.0,0.5247619152069092,13.333333015441895,0.8225806355476379,1.0277777910232544,-0.0833333358168602,0.31501832604408264,0.30586081743240356,46.1,30
-0.05989617154434969,-0.0060296048524497315,-0.1303583632359313,0.021239999445786233,0.3869148376101118,0.020050085189354385,-4.9825712635235,0.2213490870398411,-0.0860102247729719,0.034876407549388005,-0.11351783392017653,0.0,0.16466971761916074,0.16199997443308617,0.21453823310413592,0.16768275086583181,0.05918844233378441,-0.022886525768638488,0.03278175697554341,0.22405656295546142,-0.19513963950894037,0.1068989461763352,0.4521763085856857,0.21099961898023628,0.08903331518091431,0.10942217498764355,-0.09936515092068977,-0.11184857579061074,-0.38651669392561294,0.729674515725231,30.0,58.0,42.0,400.0,0.3799999952316284,0.800000011920929,35.5,180.0,152.0,278.984130859375,1.3809523582458496,1.0,0.00800000037997961,2.0,0.1444000005722046,2.6315789222717285,5.991464614868164,152.0,2.1315789222717285,900.0,11.399999618530273,12000.0,160000.0,0.5247619152069092,13.333333015441895,0.8225806355476379,0.8777777552604675,0.36666667461395264,0.325411319732666,0.32358318567276,46.1,30
-0.09472179951931188,0.05189378890767566,0.1849533752916372,0.09569025891388962,-0.009150027260830442,-0.20666546384724457,-6.373241070704982,-0.033203315163000284,-0.11724135040917374,0.04165964637468143,0.07656569229903712,0.0,-0.07869654892155853,0.24535762719897328,-0.21404588749380235,0.06617731597899779,0.3687313823729892,-0.2685621607651533,-0.07006020854969558,0.11317190386195917,0.08519408086693836,0.2638111334465854,0.3557260972829188,0.05047982184037908,0.03184034527308481,-0.4607965427868286,-0.15335532550684575,-0.1258218931473788,-0.28023256135818486,0.5871202541416548,30.0,60.0,40.0,400.0,0.4000000059604645,0.75,32.79999923706055,165.0,160.0,286.984130859375,1.5,1.0,0.007499999832361937,1.875,0.1599999964237213,2.5,5.991464614868164,160.0,2.0,900.0,12.0,12000.0,160000.0,0.6000000238418579,13.333333015441895,0.796875,0.8787878751754761,0.3333333432674408,0.31501832604408264,0.30586081743240356,43.2,30
0.014353779068795473,-0.03943097798015878,0.004334608110054589,0.1736163142885602,0.3115204885757714,0.052496158450065146,-0.8078262383517677,-0.1885519113302237,0.37717365323563357,0.10019891532664038,0.0110329591562535,0.0,0.030405866854877787,0.006959968411680317,0.29967980277769746,0.20707716819532035,-0.039730663207906934,0.36902494211484166,0.007656958726614284,0.28709880818918504,-0.29237588009878523,0.18601492799121933,0.49581974403349655,0.09580692650034044,0.043084188323055966,0.11782086376300611,-0.07399341348801741,0.004528087479358162,-0.07755065102491059,0.7590860574268739,30.0,57.0,43.0,400.0,0.36000001430511475,0.8500000238418579,38.900001525878906,195.0,144.0,270.984130859375,1.325581431388855,1.0,0.008500000461935997,2.125,0.12960000336170197,2.777777671813965,5.991464614868164,144.0,2.277777671813965,900.0,10.800000190734863,12000.0,160000.0,0.47720929980278015,13.333333015441895,0.8500000238418579,0.8717948794364929,0.4166666567325592,0.3144424259662628,0.3363802433013916,50.4,30
-0.07662685492902119,0.07003641213043567,-0.02658898673224325,0.09209928618761046,-0.04014867077022671,0.1529066467723571,-4.825945324371921,0.23027840383313863,-0.07957559534730754,-0.04785649977904356,-0.02646274266477665,0.0,0.028827529700833656,0.07578440678362924,0.13595420366280894,0.13382830657239228,0.2476343681262289,-0.34173669826917075,0.14018113115173825,0.16563239594626414,-0.155214998697199,0.00026729147673440023,0.5167784119055486,-0.0807713893617392,-0.009577220467292692,0.1428824030094486,-0.0718891648554876,-0.0444054936514691,-0.39343271383897693,0.8196901078234902,30.0,59.0,41.0,400.0,0.38999998569488525,0.7799999713897705,34.599998474121094,175.0,156.0,282.984130859375,1.4390244483947754,1.0,0.007799999788403511,1.9500000476837158,0.15209999680519104,2.5641026496887207,5.991464614868164,156.0,2.0641026496887207,900.0,11.699999809265137,12000.0,160000.0,0.5612195134162903,13.333333015441895,0.8095238208770752,0.8571428656578064,0.4166666567325592,0.32967033982276917,0.3223443329334259,45.1,30
-0.050141509609317576,-0.0691780046714159,-0.13335311154292376,0.14713912811034843,0.2303456598621932,0.07054677549930302,-3.3408913544671104,0.09907646001544768,0.2611026953459348,0.20386045222103372,-0.0433707470036218,0.0,0.03826749147949181,0.20631699111417545,0.03339057844026265,0.09140173780320418,0.06847138054387178,0.2972469777340419,-0.03538839088702084,0.33673398259180537,-0.14646140192502324,0.11475607199561275,0.5723203420753217,0.17923182248589403,0.20950174329018878,0.17639560252510506,-0.16795029883628732,-0.07711686796637958,-0.27495103315563246,1.1123444315961324,30.0,56.0,44.0,400.0,0.3700000047683716,0.8199999928474426,37.20000076293945,185.0,148.0,274.984130859375,1.2727272510528564,1.0,0.008200000040233135,2.049999952316284,0.13689999282360077,2.702702760696411,5.991464614868164,148.0,2.202702760696411,900.0,11.100000381469727,12000.0,160000.0,0.47090908885002136,13.333333015441895,0.8360655903816223,0.8648648858070374,0.4166666567325592,0.311355322599411,0.31501832604408264,48.3,30
-0.07037651701745982,0.07144893144133238,0.11259979826964997,0.12117236835491584,-0.27104854334194517,0.18566817780216086,-6.915700305825235,0.11873329054564738,-0.07444652366841897,0.006663182454438325,0.07070275744366275,0.0,0.10130717452685098,0.04358340188705373,-0.2639519841517128,-0.01963742576610494,-0.2781994502330588,-0.31653192348235776,-0.12307096627257796,0.1861009519251614,0.21013109383818568,-0.07301002158350813,-0.5653802426902136,-0.21240816971010565,0.09817899967494965,-0.1396166435588806,0.179968231887464,0.05631633628185302,-0.3860262946992282,0.6624839470514033,30.0,61.0,39.0,375.0,0.4099999964237213,0.699999988079071,31.5,155.0,153.75,272.797607421875,1.5641025304794312,1.0,0.007000000216066837,1.8666666746139526,0.1680999994277954,2.4390244483947754,5.926926136016846,153.75,1.9390244483947754,900.0,12.300000190734863,11250.0,140625.0,0.6412820219993591,12.5,0.7846153974533081,0.85161292552948,0.38333332538604736,0.32967033982276917,0.3223443329334259,41.8,30
-0.046476652375674686,-0.03829976035960148,-0.013106081764212966,0.12052118486800176,0.3736261500805415,0.007788752296591458,-1.2542279029618209,-0.10012911708130785,0.13903179522396797,0.045540136473943886,-0.03195619912456676,0.0,-0.07936090340583006,-0.07742779062070612,0.26630620868861843,0.23576520445926968,0.2616489944283383,0.6390069785429626,0.14856727726474397,0.1185759947185922,-0.11826911803927755,0.04140707210252308,0.43904005985303407,0.09576245864887377,0.06129445827506115,0.12725613778964623,-0.2737844006514256,-0.03093108175846916,-0.18838439094381584,1.2083425772966587,30.0,58.0,42.0,400.0,0.36000001430511475,0.8799999952316284,39.79999923706055,205.0,144.0,270.984130859375,1.3809523582458496,1.0,0.008799999952316284,2.200000047683716,0.12960000336170197,2.777777671813965,5.991464614868164,144.0,2.277777671813965,900.0,10.800000190734863,12000.0,160000.0,0.49714285135269165,13.333333015441895,0.8500000238418579,0.8780487775802612,0.4166666567325592,0.32967033982276917,0.3223443329334259,51.2,30
-0.07698483888375623,-0.06409825406914046,-0.6077254647849741,0.019895858367956768,0.0954713116623416,-0.09658198513240368,-5.639392208915424,-0.05935583480011378,0.06951159903139838,0.2262956354433742,-0.13132416441228142,0.0,-0.0031008689170602685,0.2724531109188704,-0.22614132752913926,0.17623139897567766,-0.2523321473571886,0.05849317784739085,-0.03670164571977048,0.14464395204515268,0.10028442558477117,0.2066972937897571,-0.44978653733820273,-0.0045400176857867776,0.12105857556568206,-0.3816786264548436,-0.1703494794815739,-0.10540012735618294,-0.3081215717055985,0.6537607824250483,30.0,55.0,45.0,375.0,0.4000000059604645,0.7599999904632568,33.099998474121094,168.0,150.0,269.047607421875,1.2222222089767456,1.0,0.007600000128149986,2.0266666412353516,0.1599999964237213,2.5,5.926926136016846,150.0,2.0,900.0,12.0,11250.0,140625.0,0.4888888895511627,12.5,0.796875,0.8571428656578064,0.4000000059604645,0.31501832604408264,0.30586081743240356,43.9,30
0.016058377995807463,0.05502205252098758,0.10151277497473166,0.1997787006494844,0.2766822447624547,0.0897131227354532,-2.8183757836271637,0.013286798417011018,0.3242893087621265,0.07318245151291397,0.12482313350590146,0.0,0.04814963639023494,-0.03315751631116181,0.3665770239735595,0.17580307767969927,-0.05341114816258701,0.21884886021198785,0.037501237203210004,0.30910608852220134,-0.20973620128571258,0.14625679019092402,0.6192197047774821,-0.13927988066004168,0.0029622369714242145,0.09564453944705556,-0.036881202314600826,0.002663149752072988,-0.2827899748513327,0.6349291217609373,30.0,62.0,38.0,400.0,0.3700000047683716,0.8299999833106995,37.599998474121094,188.0,148.0,274.984130859375,1.6315789222717285,1.0,0.008299999870359898,2.075000047683716,0.13689999282360077,2.702702760696411,5.991464614868164,148.0,2.202702760696411,900.0,11.100000381469727,12000.0,160000.0,0.6036841869354248,13.333333015441895,0.8360655903816223,0.8723404407501221,0.4000000059604645,0.3144424259662628,0.3363802433013916,48.9,30
-0.07440271094499651,-0.0927203745786101,0.07965438997368011,0.0918469002170644,-0.0252605332246032,-0.05137956656437847,-4.208586233933391,-0.041991160486732855,-0.14572674010958603,-0.03942146750268903,-0.011163147282940648,0.0,0.019210995292620495,-0.0043785043709237605,-0.15018250450829815,0.10923496377735187,0.2869385838940175,-0.3392448478655921,-0.054982858604046475,0.10060702537924572,0.057261510745471776,0.24077485115895791,0.34228303835885304,0.08069706992855061,0.0799309966608785,0.12320076383242792,0.012302509658638092,-0.04741468064091718,-0.33426147497641023,0.5895649445250567,30.0,59.0,41.0,400.0,0.38999998569488525,0.7900000214576721,34.900001525878906,172.0,156.0,282.984130859375,1.4390244483947754,1.0,0.007899999618530273,1.975000023841858,0.15209999680519104,2.5641026496887207,5.991464614868164,156.0,2.0641026496887207,900.0,11.699999809265137,12000.0,160000.0,0.5612195134162903,13.333333015441895,0.8095238208770752,0.8604651093482971,0.4000000059604645,0.31501832604408264,0.30586081743240356,45.8,30
-0.04169554191987924,-0.04889205015808065,-0.023772514460931923,0.121323119444561,0.3682130269108734,0.021784661580102956,-1.6775213060243441,0.0967862788777635,0.11970500829158649,0.06287470048230799,-0.014280560202727147,0.0,-0.05609425303923245,-0.11811435027403984,0.27186640790188626,0.2607985425648356,0.2767971223074143,0.6038792453215415,0.1352502908483966,0.14925602506641594,-0.15171673073569927,0.03479755656277076,0.43904005985303407,0.06114636384758798,0.02609222910321637,0.13486364377681784,-0.18546453593762893,0.019410257277303875,-0.20185293166468496,1.159042875160109,30.0,57.0,43.0,400.0,0.36000001430511475,0.8600000143051147,39.20000076293945,198.0,144.0,270.984130859375,1.325581431388855,1.0,0.00860000029206276,2.1500000953674316,0.12960000336170197,2.777777671813965,5.991464614868164,144.0,2.277777671813965,900.0,10.800000190734863,12000.0,160000.0,0.47720929980278015,13.333333015441895,0.8500000238418579,0.8636363744735718,0.44999998807907104,0.32967033982276917,0.3223443329334259,50.8,30
-0.08745169321100542,0.04669625391320284,0.1704103369654939,0.0403809163442166,-0.4979672988018297,-0.008186275077215109,-7.230821164390338,0.11480536542609543,-0.11890172468453025,-0.076398433190906,0.06208493407145146,0.0,-0.048720048283987134,0.28953424713967574,-0.32894689245615943,-0.19520618517964086,-0.335236496725304,-0.3720467674243202,-0.12464549128918027,0.10826911001622073,0.6460593641444622,0.25832138436786517,-0.6958384258901118,-0.0786183140717016,0.1538680501867588,-0.46197911643461326,-0.2189985976180195,-0.06506349345661774,-0.3395408105948333,0.46411519128591217,30.0,60.0,40.0,375.0,0.41999998688697815,0.7200000286102295,30.799999237060547,150.0,157.5,276.547607421875,1.5,1.0,0.007199999876320362,1.9199999570846558,0.17640000581741333,2.3809523582458496,5.926926136016846,157.5,1.8809523582458496,900.0,12.600000381469727,11250.0,140625.0,0.6299999952316284,12.5,0.7727272510528564,0.8333333134651184,0.4166666567325592,0.31501832604408264,0.30586081743240356,40.9,30
-0.006840646415980966,-0.07097873879214754,-0.010084910506146221,0.1228346572486987,0.2875444889250766,0.089795491117426,-3.5529298920421315,0.1957119329847333,-0.1215147626557259,-0.05936798606982735,-0.07793787150997415,0.0,0.027042313392217583,0.02979808986073724,0.09051765966807386,0.14141891453957814,-0.016601098616091547,-0.015475179525311375,0.028480660610226163,0.30785701074252336,0.05304465504003927,0.1339922170763004,0.6304691431469611,0.015110760048005949,0.02884898161274514,0.16138855463513516,-0.02128767204202082,-0.011860531139064438,-0.4036992358365189,0.690035943130651,30.0,58.0,42.0,400.0,0.3799999952316284,0.8100000023841858,36.099998474121094,182.0,152.0,278.984130859375,1.3809523582458496,1.0,0.008100000210106373,2.0250000953674316,0.1444000005722046,2.6315789222717285,5.991464614868164,152.0,2.1315789222717285,900.0,11.399999618530273,12000.0,160000.0,0.5247619152069092,13.333333015441895,0.8225806355476379,0.8681318759918213,0.4000000059604645,0.3144424259662628,0.3363802433013916,46.8,30
-0.06837557305401613,-0.07048444232316459,-0.38714869026386955,0.11088873604332243,-0.1832213503619446,0.02487251180818185,-5.29612902868156,0.07134329259657726,-0.10707379007864075,0.032817226860374304,-0.08609208779056847,0.0,0.23163107479442985,0.09407481772321798,0.1906840963667599,0.09725154915464387,0.1227309508483981,-0.3529937092848516,0.03910361034017466,0.23915227677720227,-0.1644720684749471,0.0857561817206236,0.5205046013624636,0.06209961863058682,0.12663227034395408,0.12622691063398273,-0.0039638310003573506,-0.16099949894647392,-0.2232736472195267,0.8172559866316792,30.0,56.0,44.0,400.0,0.38999998569488525,0.7699999809265137,34.29999923706055,170.0,156.0,282.984130859375,1.2727272510528564,1.0,0.007699999958276749,1.9249999523162842,0.15209999680519104,2.5641026496887207,5.991464614868164,156.0,2.0641026496887207,900.0,11.699999809265137,12000.0,160000.0,0.49636363983154297,13.333333015441895,0.8095238208770752,0.8588235378265381,0.4000000059604645,0.325411319732666,0.32358318567276,44.9,30
-0.031845339030556065,0.03525694013038312,0.023313448473603057,0.09451867040621302,0.32838326575564863,0.02473757320927914,0.36970645327574786,-0.27166729522984395,0.2669655851976319,0.012506746273720335,0.01271598090002425,0.0,-0.059800167526941075,-0.09650730847600986,0.2456780597435763,0.18949700593708027,0.2007629646473235,0.6211318883466145,0.17908868543152892,0.07239562653914755,-0.09826354394912944,0.006862747951667859,0.4358030498239732,0.02426803215262349,0.01642258957086321,0.12079988991621973,-0.19450215229150206,-0.045828003174149305,-0.422373947962208,1.161742546503945,30.0,61.0,39.0,400.0,0.36000001430511475,0.8700000047683716,40.099998474121094,210.0,144.0,270.984130859375,1.5641025304794312,1.0,0.008700000122189522,2.174999952316284,0.12960000336170197,2.777777671813965,5.991464614868164,144.0,2.277777671813965,900.0,10.800000190734863,12000.0,160000.0,0.563076913356781,13.333333015441895,0.8500000238418579,0.8666666746139526,0.46666666865348816,0.32967033982276917,0.3223443329334259,52.0,30
-0.08574708649840969,0.05839590549767899,-0.030140120361213985,0.12112176700464129,-0.2785890179009929,0.20029628538690492,-6.3388903260345355,0.07972114511126162,-0.09687074689229112,-0.01593868746537361,-0.05880381598649534,0.0,0.11146895664608408,0.017221713632187316,-0.2367209178734273,-0.006884681200894924,-0.28078713097097185,-0.33385705074290484,-0.12102216512538172,0.1861009519251614,0.2061606908478679,-0.06741234746967331,-0.5560364822389363,-0.028958158629958736,0.10241077983584272,-0.12887763030825883,0.18368849172973675,0.07127126577248447,-0.3706972700267127,0.7425466826284357,30.0,59.0,41.0,375.0,0.4099999964237213,0.7400000095367432,32.400001525878906,160.0,153.75,272.797607421875,1.4390244483947754,1.0,0.007400000002235174,1.9733333587646484,0.1680999994277954,2.4390244483947754,5.926926136016846,153.75,1.9390244483947754,900.0,12.300000190734863,11250.0,140625.0,0.5899999737739563,12.5,0.7846153974533081,0.8500000238418579,0.4000000059604645,0.32967033982276917,0.3223443329334259,42.5,30
-0.057565558330086954,-0.05101920323176304,-0.2104623051452585,0.10847200917147126,0.05726491660024873,0.010104742439477832,-2.1332379636512235,0.09040916822084724,0.1123569548658329,0.2932127666878366,-0.01843119426641777,0.0,0.006711513562334971,-0.03812501677083518,0.30641349284878183,0.2950676482013602,0.23747053160707943,0.37205097559371847,0.09435820646060403,0.10905797959349076,-0.33513621595615134,0.2451284408229776,0.2688029527322044,-0.05357753131917464,0.2037758086353524,0.2470458073760877,-0.10467983273732358,-0.12227441761459694,-0.2545601042686757,0.7471699811624917,30.0,57.0,43.0,400.0,0.3700000047683716,0.8399999737739563,38.0,190.0,148.0,274.984130859375,1.325581431388855,1.0,0.00839999970048666,2.0999999046325684,0.13689999282360077,2.702702760696411,5.991464614868164,148.0,2.202702760696411,900.0,11.100000381469727,12000.0,160000.0,0.49046510457992554,13.333333015441895,0.8360655903816223,0.8578947186470032,0.44999998807907104,0.31501832604408264,0.30586081743240356,49.5,30
-0.07461979301963567,0.08820086737970799,0.3713726966810273,0.10857370484278882,-0.20138851400092608,0.1162405768422786,-5.766792438327395,0.042367845446729835,-0.06116538580750447,-0.028080154940025217,0.20643226710463108,0.0,0.10056540183954593,0.04911453424332169,-0.13024054428450205,0.12610955499496815,0.07516140099769633,-0.32909891890461607,-0.047330433227014135,0.17743510338876872,-0.07170311720583923,-0.029019689234010153,-0.20813186654398783,-0.21053087675032792,0.005116073551112531,0.11641285019735255,0.18972680676499723,-0.00784103613627116,-0.30882737328978715,0.7323689902754165,30.0,62.0,38.0,385.0,0.4000000059604645,0.7300000190734863,33.0,162.0,154.0,276.22222900390625,1.6315789222717285,1.0,0.007300000172108412,1.896103858947754,0.1599999964237213,2.5,5.953243255615234,154.0,2.0,900.0,12.0,11550.0,148225.0,0.6526315808296204,12.833333015441895,0.796875,0.8518518805503845,0.4000000059604645,0.32967033982276917,0.3223443329334259,43.4,30
-0.04701659827201303,0.0013145728842100944,-0.08858853438535041,0.05190058418106356,0.33971613439179116,0.0007117572516476609,0.6154456125323192,-0.2381411721656125,0.25372056482736216,0.040824844923184035,-0.10598455061601933,0.0,-0.011762879630500718,-0.031709650670383345,0.4335887925828105,0.17689998097649365,0.05198493360463929,0.5247397643381869,0.04282932055074739,0.18134230083876554,-0.20869052145712158,0.09293003446240017,0.46635143189278266,0.24265574468223797,0.1599467253186954,0.1994800191028566,-0.27847625877316556,-0.05699347239750302,-0.16928235230847605,1.0553528114647595,30.0,58.0,42.0,400.0,0.36000001430511475,0.8899999856948853,41.0,215.0,144.0,270.984130859375,1.3809523582458496,1.0,0.008899999782443047,2.2249999046325684,0.12960000336170197,2.777777671813965,5.991464614868164,144.0,2.277777671813965,900.0,10.800000190734863,12000.0,160000.0,0.49714285135269165,13.333333015441895,0.8500000238418579,0.8651162981987,0.4833333194255829,0.325411319732666,0.32358318567276,53.2,30
-0.0932880160745046,0.0077521741832319154,0.15118978872135408,0.09872913847446985,0.012071503383979972,0.005826227856366842,-3.73136704380074,-0.028747866435690817,-0.11258605883805421,-0.04361537495409292,0.06928693927674545,0.0,0.020723718934243802,0.17353123296486117,0.3138192115349407,0.14968559066863477,0.22942963616587575,-0.025557723492992075,0.060744045062542724,0.10586699126195963,-0.3350634925317537,0.18681311554651023,0.2810944902645858,0.1045229460344511,0.09219295943435525,0.20499179030648945,-0.2280375206617863,-0.03645041717395235,-0.17373762808728838,0.5886166270148547,30.0,60.0,40.0,400.0,0.3799999952316284,0.800000011920929,35.70000076293945,178.0,152.0,278.984130859375,1.5,1.0,0.00800000037997961,2.0,0.1444000005722046,2.6315789222717285,5.991464614868164,152.0,2.1315789222717285,900.0,11.399999618530273,12000.0,160000.0,0.5699999928474426,13.333333015441895,0.8225806355476379,0.8651685118675232,0.4000000059604645,0.31501832604408264,0.30586081743240356,46.3,30
-0.06765031500031993,-0.07431240505860867,-0.35404940537286544,0.21329161524100518,-0.3611939732804073,0.006224048733488239,-6.304167429044576,0.19359578127441585,-0.012173276477109918,-0.022752997602187738,-0.14473162497707498,0.0,0.16204493375603315,0.13302320672425513,-0.12156038552391989,-0.14535076268730218,0.01267840255433896,-0.2118430380847497,-0.042301497989736474,0.2562206921426525,-0.1167243620468934,-0.11617455706582867,0.40904118320979027,0.12912237303390597,0.054801503069505805,-0.15595404219921152,0.0834888353902287,-0.07782709428567382,-0.2271301674711155,0.7539618043348821,30.0,55.0,45.0,390.0,0.4099999964237213,0.7099999785423279,31.700000762939453,158.0,159.89999389648438,283.70953369140625,1.2222222089767456,1.0,0.0071000000461936,1.8205127716064453,0.1680999994277954,2.4390244483947754,5.966146945953369,159.89999389648438,1.9390244483947754,900.0,12.300000190734863,11700.0,152100.0,0.5011110901832581,13.0,0.7846153974533081,0.8481012582778931,0.4000000059604645,0.325411319732666,0.32358318567276,41.6,30
-0.07219092414415058,0.06800833503958226,0.014081012479627054,0.05631040432831069,0.3273218390221689,0.10906706281415073,-2.8977858395667,0.41293927191166313,0.10378544306851069,0.06992999532703673,-0.01363067256456403,0.0,-0.08691400154814884,-0.1622011843141104,0.25552069175325026,0.19481548146269273,0.23769570439477267,0.4859809629929849,0.1403913441486235,0.16416153643267076,-0.16358662701948046,0.015979507618225756,0.4519445890438211,0.0412268529588073,0.07599516192822357,0.12729402577901078,-0.1530089578353584,0.03688813802034368,-0.42242480242552377,0.9312044805720155,30.0,59.0,41.0,400.0,0.3700000047683716,0.8299999833106995,37.900001525878906,187.0,148.0,274.984130859375,1.4390244483947754,1.0,0.008299999870359898,2.075000047683716,0.13689999282360077,2.702702760696411,5.991464614868164,148.0,2.202702760696411,900.0,11.100000381469727,12000.0,160000.0,0.5324390530586243,13.333333015441895,0.8360655903816223,0.866310179233551,0.4166666567325592,0.32967033982276917,0.3223443329334259,49.0,30
-0.02478834470024725,-0.07793943467448049,-0.2730791173247081,0.13346165531028975,0.3070798594158272,0.08986612591949757,-3.550465960517225,0.20813633380516555,-0.12673315466168855,-0.04252685690203559,-0.053904837368025496,0.0,0.03284712354018908,-0.0033323501460350087,0.09295704868037405,0.1365625099726604,-0.015095666188272345,-0.020873530845867537,0.028480660610226163,0.30935043256538375,0.0769114542629771,0.17800214133428294,0.6966102681932013,0.009691035374241725,0.03479359623947846,0.16766435237531657,0.07408253866976645,0.02656351224272862,-0.4345907985961062,0.6573159658121728,30.0,56.0,44.0,400.0,0.3799999952316284,0.8199999928474426,36.400001525878906,184.0,152.0,278.984130859375,1.2727272510528564,1.0,0.008200000040233135,2.049999952316284,0.1444000005722046,2.6315789222717285,5.991464614868164,152.0,2.1315789222717285,900.0,11.399999618530273,12000.0,160000.0,0.48363634943962097,13.333333015441895,0.8225806355476379,0.864130437374115,0.4166666567325592,0.3144424259662628,0.3363802433013916,47.1,30
-0.08869925708217836,0.10426654971296091,0.20274038090431284,0.07572122957361094,-0.49802374850039355,-0.13793439177890637,-7.639540028767198,0.1585488977330839,-0.12274376694855667,-0.13583700076883945,0.13946154787770884,0.0,-0.15861524187135476,0.3356649626281126,-0.2929191514957108,-0.19183104951088137,-0.10869783545272772,-0.31974745498443735,-0.12201849251456309,0.12012251539237107,0.5917166173108991,0.3728004863757401,-0.6037745646056865,-0.11178688813981738,0.03956629772942011,-0.47974018380684413,-0.14238460397477629,-0.11778415490104638,-0.25464163689664393,0.4956921432637139,30.0,61.0,39.0,385.0,0.41999998688697815,0.699999988079071,30.5,148.0,161.6999969482422,283.9222106933594,1.5641025304794312,1.0,0.007000000216066837,1.8181818723678589,0.17640000581741333,2.3809523582458496,5.953243255615234,161.6999969482422,1.8809523582458496,900.0,12.600000381469727,11550.0,148225.0,0.6569230556488037,12.833333015441895,0.7727272510528564,0.8243243098258972,0.4333333373069763,0.31501832604408264,0.30586081743240356,40.2,30
-0.08360347639048563,-0.0692160232362196,-0.1332917734307384,0.17725840866596473,0.15284285025529568,-0.04280954838433911,0.6153941897526028,-0.2317632805107088,0.40904625627495955,0.10156955335802886,-0.03244067360689678,0.0,-0.006950763779872505,-0.08908473912878265,0.3274303044472815,0.08017779445449988,0.027976842449549753,0.35632415507714227,0.016712824017282284,0.21503089040360984,-0.17836823606360638,-0.002623920044665425,0.4160023752075958,0.14115159672249053,0.2609320924453434,0.23867215347026277,-0.25234905994704415,-0.08320529741450484,-0.3623710164946371,1.4486578303383832,30.0,58.0,42.0,400.0,0.36000001430511475,0.8799999952316284,40.5,208.0,144.0,270.984130859375,1.3809523582458496,1.0,0.008799999952316284,2.200000047683716,0.12960000336170197,2.777777671813965,5.991464614868164,144.0,2.277777671813965,900.0,10.800000190734863,12000.0,160000.0,0.49714285135269165,13.333333015441895,0.8500000238418579,0.8653846383094788,0.46666666865348816,0.311355322599411,0.31501832604408264,52.4,30
-0.06779837445604713,-0.11034246443573592,-0.20902121518312194,0.09499681352546438,-0.32964348618089356,0.07102569587474529,-6.231913839118285,0.05285221802357324,-0.3158042863417882,-0.09161250624957726,-0.06084037024536977,0.0,0.24576431930171866,0.3575076853694073,-0.01907746751185061,0.05597153720083945,-0.09251501046254612,-0.3251735749937857,-0.0624975073587445,0.3456594952231268,-0.15730449172939598,-0.1114397421143904,0.6590042718148794,0.09061619558861395,0.21911652410242788,-0.047739844866322656,-0.12446495057545792,-0.0660656541880927,-0.30309867332595564,0.7036125069643913,30.0,57.0,43.0,390.0,0.4000000059604645,0.75,32.900001525878906,166.0,156.0,279.80950927734375,1.325581431388855,1.0,0.007499999832361937,1.923076868057251,0.1599999964237213,2.5,5.966146945953369,156.0,2.0,900.0,12.0,11700.0,152100.0,0.5302325487136841,13.0,0.796875,0.8554216623306274,0.4000000059604645,0.311355322599411,0.31501832604408264,43.3,30
-0.05822146396058198,0.009664263640657382,0.117387234039245,0.10971179497087434,0.05251887541706778,6.220613271578496e-05,-2.288046676923817,0.05989546778551568,0.12289369523797689,0.21624196713221658,-0.032691605285440975,0.0,-0.015104629768720632,-0.037253561904579784,0.3016721607587023,0.19738847389355751,0.22222281210480552,0.32515647862000996,0.0641986485168388,0.09023084343852172,-0.3298268749275533,0.19782731434919007,0.25756617168814716,0.10301391284237046,0.19267113966414862,0.23102609094499632,-0.09953744444031336,-0.12381277229346917,-0.2281156766064879,0.6884998586364784,30.0,60.0,40.0,400.0,0.3700000047683716,0.8399999737739563,38.599998474121094,192.0,148.0,274.984130859375,1.5,1.0,0.00839999970048666,2.0999999046325684,0.13689999282360077,2.702702760696411,5.991464614868164,148.0,2.202702760696411,900.0,11.100000381469727,12000.0,160000.0,0.5550000071525574,13.333333015441895,0.8360655903816223,0.859375,0.44999998807907104,0.31501832604408264,0.30586081743240356,50.0,30
-0.08620466945200807,-0.11188635463368089,-0.4201597980086907,0.11449227931532364,-0.04437525259518586,0.13168898481384833,-4.496237043780443,0.09427490311840654,-0.07470730964447471,0.02811908288190225,-0.026849929022015006,0.0,0.07596604929977331,0.014030136144271113,0.16970428926833253,0.2351021162395694,0.12636959514806964,-0.13267906657059092,0.14633771815120314,0.1564302216128904,-0.0821246930023391,0.046005535790835744,-0.1807654462795262,-0.026975261726527235,0.001460804502013825,0.14397236329804336,-0.1960152056313706,-0.0637184533767364,-0.3496113301941,0.855610541640147,30.0,56.0,44.0,390.0,0.38999998569488525,0.7799999713897705,34.79999923706055,174.0,152.10000610351562,275.9095153808594,1.2727272510528564,1.0,0.007799999788403511,2.0,0.15209999680519104,2.5641026496887207,5.966146945953369,152.10000610351562,2.0641026496887207,900.0,11.699999809265137,11700.0,152100.0,0.49636363983154297,13.0,0.8095238208770752,0.8620689511299133,0.4000000059604645,0.32967033982276917,0.3223443329334259,45.4,30
-0.004766875587255074,0.10759610817896131,0.15264232882874845,0.19686587976763859,0.27812781434392003,0.09201966323403128,-3.4428347748734494,0.21417053446857914,-0.10555518624090142,-0.057087879033436685,0.1590056422869592,0.0,0.021606965378520908,-0.028529580657660137,0.08530322477605755,0.15239565756449175,-0.061209707407826906,0.014012559391423847,0.025470668833712302,0.30622499567425443,0.07479824324588216,0.13617222728380343,0.6718152909132685,-0.1549392983788147,0.018643363112857348,0.15911054748535514,0.03325331994274096,0.045588682120119114,-0.4521670895404458,0.6302553555894431,30.0,62.0,38.0,400.0,0.3799999952316284,0.8299999833106995,36.900001525878906,186.0,152.0,278.984130859375,1.6315789222717285,1.0,0.008299999870359898,2.075000047683716,0.1444000005722046,2.6315789222717285,5.991464614868164,152.0,2.1315789222717285,900.0,11.399999618530273,12000.0,160000.0,0.6200000047683716,13.333333015441895,0.8225806355476379,0.8602150678634644,0.4333333373069763,0.3144424259662628,0.3363802433013916,48.0,30
-0.0013629551096681286,-0.010921941719816464,0.04323794829966428,0.14437971386646947,0.26773948800755365,-0.10654498604216227,2.262930525706197,-0.08909394232375692,0.3378433158439244,0.0514390717000558,-0.03109936783129768,0.0,-0.06344682038932362,0.23675860413636346,0.24926970212160124,0.2622511984391597,-0.03147673444358788,0.31530851227658885,0.22714608990708615,0.18489676392025467,-0.31538707489460455,0.14188874991821593,0.48319908258518074,0.3832277618198712,0.03239903540899563,0.19111996022960853,-0.14002293711921973,-0.22144524178722658,-0.24508801939685101,0.799618807592706,30.0,58.0,42.0,400.0,0.3499999940395355,0.8999999761581421,42.20000076293945,220.0,140.0,266.984130859375,1.3809523582458496,1.0,0.008999999612569809,2.25,0.12250000238418579,2.857142925262451,5.991464614868164,140.0,2.357142925262451,900.0,10.5,12000.0,160000.0,0.4833333194255829,13.333333015441895,0.8644067645072937,0.8636363744735718,0.5,0.3144424259662628,0.3363802433013916,54.0,30
-0.008062583369497226,0.025320893016996398,0.005391927328724514,-0.055542714896257124,-0.15427224053824176,0.04983039233958646,-5.717428576073696,0.21285534427672148,-0.1070016107607658,-0.009300871080209003,0.033161044012186565,0.0,0.019510073177875176,-0.0005742831196077402,-0.33822594875466744,-0.006397359240689638,-0.1571835695397427,-0.1788720835459435,-0.08295876899110627,0.3246262423122185,0.5006701831836952,-0.026341208489963318,-0.5778441649643321,-0.18883761710104346,0.02765384947326974,-0.28506231920849157,0.061479515960273685,0.026303107367747654,-0.4117295094200092,0.5765706286333304,30.0,59.0,41.0,385.0,0.4099999964237213,0.7200000286102295,31.899999618530273,159.0,157.85000610351562,280.0722351074219,1.4390244483947754,1.0,0.007199999876320362,1.8701298236846924,0.1680999994277954,2.4390244483947754,5.953243255615234,157.85000610351562,1.9390244483947754,900.0,12.300000190734863,11550.0,148225.0,0.5899999737739563,12.833333015441895,0.7846153974533081,0.8427672982215881,0.4166666567325592,0.3144424259662628,0.3363802433013916,42.0,30
-0.06372710341259323,-0.050714469704925866,-0.20007772266640714,0.10625271634114856,0.04879566092438257,0.009173585958824032,-1.7635778397872761,0.023749630013101625,0.12526337861102738,0.2786024530982264,-0.043385719243809656,0.0,0.007321817082836314,-0.20091754076124965,0.2992309891214484,0.28933513950870027,0.2460709780014334,0.3748103650375078,0.09632482858563662,0.09216921287855184,-0.352376572631649,0.2524252043945945,0.2678162605717304,-0.10263929150583093,0.20091861955106496,0.36553297410540114,-0.14644789726473628,-0.1223681814569886,-0.25719057258199407,0.7894588803630852,30.0,57.0,43.0,400.0,0.3700000047683716,0.8500000238418579,38.70000076293945,194.0,148.0,274.984130859375,1.325581431388855,1.0,0.008500000461935997,2.125,0.13689999282360077,2.702702760696411,5.991464614868164,148.0,2.202702760696411,900.0,11.100000381469727,12000.0,160000.0,0.49046510457992554,13.333333015441895,0.8360655903816223,0.8659793734550476,0.4333333373069763,0.31501832604408264,0.30586081743240356,50.3,30
-0.09472179951931188,0.04897103536712803,0.18069585412732145,0.07714749740259884,0.03471604910776445,-0.06983775931886953,-6.107731962072587,0.021073877046054387,-0.17498192670856572,-0.049984345393496665,0.07973208252688531,0.0,0.00927606151413241,0.2959153771067171,-0.2575107802034782,0.06049384868175659,0.154891396880898,-0.43651845681679763,-0.07180261512582911,0.10608648853089751,0.09934578771413659,0.2602298488226555,-0.23883568830539934,0.057048715876060016,0.07876987377441856,-0.47037795821983935,0.30463141129680227,-0.09023352574003025,-0.3240665075524727,0.5461310228562434,30.0,60.0,40.0,390.0,0.4000000059604645,0.7599999904632568,33.400001525878906,169.0,156.0,279.80950927734375,1.5,1.0,0.007600000128149986,1.9487179517745972,0.1599999964237213,2.5,5.966146945953369,156.0,2.0,900.0,12.0,11700.0,152100.0,0.6000000238418579,13.0,0.796875,0.8520709872245789,0.4166666567325592,0.31501832604408264,0.30586081743240356,44.0,30
-0.05232616122719,-0.09970551034437147,-0.6028831819803102,0.10287600568056177,0.08852295984962996,0.025896254901351477,-3.4826711239946064,-0.0869706726710207,-0.150688696255055,0.0016459108126402268,-0.13431733270602483,0.0,0.021513943237919855,0.18688337127199087,0.30869758269327197,0.30387274416673216,0.24717080601762806,-0.12047720890808349,0.10038514285757046,0.12336359998404184,-0.3110779849256551,0.21726151433485097,0.3016276218611366,0.051321373039139175,0.08076911629831862,0.2065885656987591,-0.16453838003989388,-0.08521134046255395,-0.20084582557332428,0.6358655427740467,30.0,55.0,45.0,400.0,0.3799999952316284,0.800000011920929,35.599998474121094,180.0,152.0,278.984130859375,1.2222222089767456,1.0,0.00800000037997961,2.0,0.1444000005722046,2.6315789222717285,5.991464614868164,152.0,2.1315789222717285,900.0,11.399999618530273,12000.0,160000.0,0.46444445848464966,13.333333015441895,0.8225806355476379,0.8611111044883728,0.4166666567325592,0.31501832604408264,0.30586081743240356,46.2,30
-0.06721836318608852,0.0362635161822738,0.14087720721891595,0.13078303344057138,0.07235590823888015,-0.0044919102392486235,0.8389297088540429,0.10074211762482022,0.18812729110213755,0.27236211071865607,-0.005040236746484501,0.0,-0.08105545653816204,-0.03379415158377388,0.3373067370617174,0.18362170376317613,0.17723256764079307,0.4479810661120196,0.10021852558049647,0.033194548166313016,-0.3536151375692078,0.21288151443757058,0.2523900549958432,-0.019898660376778964,0.15944171832456489,0.29913078930478987,-0.17037870691850232,-0.11189948301542271,-0.23260615701797233,0.77976934005311,30.0,61.0,39.0,400.0,0.36000001430511475,0.8899999856948853,41.29999923706055,214.0,144.0,270.984130859375,1.5641025304794312,1.0,0.008899999782443047,2.2249999046325684,0.12960000336170197,2.777777671813965,5.991464614868164,144.0,2.277777671813965,900.0,10.800000190734863,12000.0,160000.0,0.563076913356781,13.333333015441895,0.8500000238418579,0.8691588640213013,0.46666666865348816,0.31501832604408264,0.30586081743240356,53.6,30
-0.05989617154434969,-0.007362665550278639,-0.13527061028754636,0.08273537793464877,-0.19921390717786022,0.05752237047089394,-5.211009773805578,0.11038550720293103,-0.07308646946384834,0.07832526871733166,-0.1464517713770585,0.0,0.21116477852194357,0.20074000428288508,0.13643278891257735,0.10159463954106686,0.03176829474158576,-0.02016017044822311,-0.011708294964004455,0.23112543691214046,-0.1505655282482692,-0.07276875764660151,0.4733678122025939,0.20607550077518025,0.13476775954556822,0.11862812240188027,0.024472622129871127,-0.08235830138749597,-0.46042776199555374,0.8876929176785933,30.0,58.0,42.0,390.0,0.38999998569488525,0.7799999713897705,34.5,176.0,152.10000610351562,275.9095153808594,1.3809523582458496,1.0,0.007799999788403511,2.0,0.15209999680519104,2.5641026496887207,5.966146945953369,152.10000610351562,2.0641026496887207,900.0,11.699999809265137,11700.0,152100.0,0.5385714173316956,13.0,0.8095238208770752,0.8522727489471436,0.4333333373069763,0.325411319732666,0.32358318567276,45.0,30
-0.05377831624401047,-0.011833162832139848,-0.06535208060415232,0.174944725070231,0.2274287358520507,-0.02222032398721803,-1.3428590737111623,-0.08610041101545736,0.275747164664377,0.11882567015017735,0.012420476855214817,0.0,-0.017774729850375644,-0.051214503377756654,0.03679530622344228,0.06708242108695642,0.08567721632661018,0.2612677854249136,-0.024292270017937132,0.3049193804176937,-0.24302753838072755,0.08140985255747127,0.559734693535771,0.1673197984608159,0.22788832107471227,0.23340096215723644,-0.13459201725462303,-0.07596584968611693,-0.2965313403696271,1.1963701472864035,30.0,59.0,41.0,400.0,0.3700000047683716,0.8600000143051147,39.400001525878906,199.0,148.0,274.984130859375,1.4390244483947754,1.0,0.00860000029206276,2.1500000953674316,0.13689999282360077,2.702702760696411,5.991464614868164,148.0,2.202702760696411,900.0,11.100000381469727,12000.0,160000.0,0.5324390530586243,13.333333015441895,0.8360655903816223,0.8643215894699097,0.44999998807907104,0.311355322599411,0.31501832604408264,51.0,30
-0.06252537958205556,-0.14508984362671143,-0.17172125845627995,-0.012997468704450852,-0.30535579551524994,-0.009200937384756587,-7.915535170834665,0.12757416764196428,-0.3359730156826212,-0.16046519337460755,-0.06879582502759994,0.0,0.06290362854787658,0.3372830234715693,-0.31653723758443936,-0.02237787237378846,-0.22115852370336458,-0.12954784271719705,-0.10037227342304196,0.35664860694790795,0.5308337120451192,-0.1512483586599747,-0.5965551781128573,0.1417746029274975,0.19282785785270073,-0.1948455170702829,-0.045695458875497676,-0.0842615085741751,-0.2498149026893551,0.5069350288530547,30.0,56.0,44.0,385.0,0.41999998688697815,0.699999988079071,30.200000762939453,145.0,161.6999969482422,283.9222106933594,1.2727272510528564,1.0,0.007000000216066837,1.8181818723678589,0.17640000581741333,2.3809523582458496,5.953243255615234,161.6999969482422,1.8809523582458496,900.0,12.600000381469727,11550.0,148225.0,0.5345454812049866,12.833333015441895,0.7727272510528564,0.8275862336158752,0.4166666567325592,0.311355322599411,0.31501832604408264,39.8,30
-0.07282301921465749,0.0959329557101983,0.27719663212228823,0.1034576722777586,0.2542204789413522,0.04338479056360667,-3.6339004470627976,0.32012947976786527,-0.03878249275546654,0.016121927081035114,0.17157228864988172,0.0,-0.027525135134479985,0.10108370045339127,0.24600012301622884,0.19933552434251986,0.2349269459344061,-0.11094786147781947,0.16611818129124026,0.17354216532865355,-0.16196490681548065,-0.05502172512339632,0.4914467963897904,-0.12561598256506545,0.06516005066379865,0.1506138340835858,-0.08303315593136656,-0.028197684373931175,-0.4174414627185436,0.7959204808883042,30.0,62.0,38.0,400.0,0.3799999952316284,0.8199999928474426,36.70000076293945,183.0,152.0,278.984130859375,1.6315789222717285,1.0,0.008200000040233135,2.049999952316284,0.1444000005722046,2.6315789222717285,5.991464614868164,152.0,2.1315789222717285,900.0,11.399999618530273,12000.0,160000.0,0.6200000047683716,13.333333015441895,0.8225806355476379,0.8633880019187927,0.4166666567325592,0.32967033982276917,0.3223443329334259,47.5,30
-0.08360347639048563,-0.06696777875814455,-0.1332917734307384,0.17492953989672796,0.10592619928238302,-0.02482972646386491,2.4827152529529206,-0.1836461880272268,0.4126084078606331,0.06283374282999785,-0.038610765658559594,0.0,0.00015033756573724067,-0.05827953608502486,0.2906260967084049,0.08017779445449988,-0.0012639539806594976,0.3947591129218311,0.020323578486395395,0.21503089040360984,-0.17119877714350606,0.006646328053974715,0.4165878287391894,0.3427234133246853,0.2740421557044732,0.23901541548064137,-0.16837340439721876,-0.09869152377419133,-0.4066493376885398,1.1886981900651274,30.0,58.0,42.0,400.0,0.36000001430511475,0.8799999952316284,40.900001525878906,212.0,144.0,270.984130859375,1.3809523582458496,1.0,0.008799999952316284,2.200000047683716,0.12960000336170197,2.777777671813965,5.991464614868164,144.0,2.277777671813965,900.0,10.800000190734863,12000.0,160000.0,0.49714285135269165,13.333333015441895,0.8500000238418579,0.8679245114326477,0.46666666865348816,0.311355322599411,0.31501832604408264,52.8,30
-0.0893902630671502,0.0077521741832319154,0.17431682459594794,0.08561590315277857,0.03800406639804584,-0.013568841422645264,-3.7088835523831287,-0.03998890383730444,-0.11048674389481061,0.08411657379860045,0.10570847067475175,0.0,0.02251162650327983,-0.029136750639933904,-0.1353060015063732,0.09689962515831607,0.13909300096933305,-0.044673714806921436,-0.05335080816016986,0.10399560013499927,0.014221815605458984,0.23143258776460554,-0.3226744178411635,0.11232323850725304,0.09071386030062667,0.10626191077167067,-0.10019054354302638,-0.05914284529290474,-0.25716492922757067,0.5763105458417058,30.0,60.0,40.0,390.0,0.38999998569488525,0.7900000214576721,35.0,173.0,152.10000610351562,275.9095153808594,1.5,1.0,0.007899999618530273,2.0256409645080566,0.15209999680519104,2.5641026496887207,5.966146945953369,152.10000610351562,2.0641026496887207,900.0,11.699999809265137,11700.0,152100.0,0.5849999785423279,13.0,0.8095238208770752,0.8612716794013977,0.4000000059604645,0.31501832604408264,0.30586081743240356,45.7,30
-0.07204526576805004,-0.0637916866374932,-0.11251600713095199,0.16864701276887603,0.22041629141344468,-0.004916571282682927,-1.8895547956918193,0.14547147295666094,0.28734679901739846,0.1939409544064614,0.024583838325628764,0.0,-0.007297690212247721,0.029542776667334528,0.025067678528341814,0.08806402182775688,0.08120466856156854,0.2877473496782126,-0.04383336903204145,0.3253864068397547,-0.19590526548763598,0.11455597614080208,0.5859301722535215,0.08278381412087432,0.20389371475949392,0.2429629967586178,-0.10635388241779395,-0.09495317828208492,-0.2790471561511923,1.1828632039576297,30.0,57.0,43.0,400.0,0.3700000047683716,0.8399999737739563,38.20000076293945,191.0,148.0,274.984130859375,1.325581431388855,1.0,0.00839999970048666,2.0999999046325684,0.13689999282360077,2.702702760696411,5.991464614868164,148.0,2.202702760696411,900.0,11.100000381469727,12000.0,160000.0,0.49046510457992554,13.333333015441895,0.8360655903816223,0.8586387634277344,0.44999998807907104,0.311355322599411,0.31501832604408264,49.6,30
-0.0646498924581587,0.014269582582790508,0.20669899994929147,0.0995705808995651,-0.3844688846940252,0.048079915765444604,-6.153502860419041,0.33252956053744487,-0.11566963492352628,0.012652042570868162,0.0856658856556571,0.0,0.18459217542184972,0.14381242382405218,-0.19902811006660434,-0.2283786191472358,-0.07236079655675533,-0.23636024050123808,-0.027762447450588746,0.24976682799220928,-0.08384014848831126,-0.10680834185345353,-0.6895101072823897,-0.25662336705658956,0.10003401112502057,-0.1793496003430962,0.0872419565850334,-0.01798931292363628,-0.3888376565214532,0.6934322708950585,30.0,61.0,39.0,385.0,0.4099999964237213,0.7300000190734863,32.099998474121094,161.0,157.85000610351562,280.0722351074219,1.5641025304794312,1.0,0.007300000172108412,1.896103858947754,0.1680999994277954,2.4390244483947754,5.953243255615234,157.85000610351562,1.9390244483947754,900.0,12.300000190734863,11550.0,148225.0,0.6412820219993591,12.833333015441895,0.7846153974533081,0.8447204828262329,0.4166666567325592,0.325411319732666,0.32358318567276,42.2,30
-0.04126189749234402,-0.025979183858010343,-0.019505424124036667,0.11745401671929735,0.3018976275000212,0.009704485648573133,0.6753539463397409,-0.15192038611253672,0.1849118819893808,0.0357465053008799,-0.025254151076847735,0.0,-0.06708846417580337,-0.10215310187836474,0.26272160836463176,0.19430494598533654,0.23673945318128184,0.6346379639629455,0.1582936614381072,0.07874014407294279,-0.1182943541652292,0.030282459346899538,0.43904005985303407,0.05848878249497315,0.03885096430654279,0.10964219173933881,-0.2345445274861498,-0.005717013186826414,-0.35890904897681297,1.2448849501695907,30.0,58.0,42.0,400.0,0.36000001430511475,0.8700000047683716,40.29999923706055,207.0,144.0,270.984130859375,1.3809523582458496,1.0,0.008700000122189522,2.174999952316284,0.12960000336170197,2.777777671813965,5.991464614868164,144.0,2.277777671813965,900.0,10.800000190734863,12000.0,160000.0,0.49714285135269165,13.333333015441895,0.8500000238418579,0.8695651888847351,0.44999998807907104,0.32967033982276917,0.3223443329334259,52.2,30
-0.06370318936525708,0.03198593744119504,-0.05704980724578069,0.08652868448350355,-0.3690634249507046,0.06854208218230926,-5.29806429746068,0.1493465599861151,-0.09790217293320407,0.020049679376523105,0.041020810232946396,0.0,0.24817035841271098,0.2041376641663854,-0.17893488705357766,-0.0586694796975069,0.01950139167281956,-0.2802718225057036,-0.043964816144838,0.24005237849619207,-0.09594222520470656,-0.11874557524678302,0.37527075822075234,0.11660953973496874,0.13039613528250754,0.15195300282752988,0.07854600170974091,-0.05734818974078203,-0.41864707994558925,0.7780968072176314,30.0,59.0,41.0,390.0,0.4000000059604645,0.7599999904632568,33.599998474121094,168.0,156.0,279.80950927734375,1.4390244483947754,1.0,0.007600000128149986,1.9487179517745972,0.1599999964237213,2.5,5.966146945953369,156.0,2.0,900.0,12.0,11700.0,152100.0,0.5756097435951233,13.0,0.796875,0.851190447807312,0.4166666567325592,0.325411319732666,0.32358318567276,44.3,30
-0.06190874151986324,-0.10464927471183745,-0.1766830707129772,0.1149228711257287,0.24726141039164265,0.07426048816352548,-4.0172341418728506,0.09788584942901263,-0.13187975750458747,-0.08074015983017473,-0.05582465068058016,0.0,0.07080538556728283,0.19997011910812118,0.020198013552974858,0.05869777680394434,0.074116372608942,0.030465067042849545,-0.041716025606472806,0.3338799721534997,-0.140316520132456,0.11198426415746787,0.566703496541033,0.09215096180199844,0.1697995251440463,0.22722709806745323,-0.16501835181037722,-0.07179220086123347,-0.24630668970388453,0.9025218613043021,30.0,56.0,44.0,400.0,0.3799999952316284,0.8100000023841858,36.0,181.0,152.0,278.984130859375,1.2727272510528564,1.0,0.008100000210106373,2.0250000953674316,0.1444000005722046,2.6315789222717285,5.991464614868164,152.0,2.1315789222717285,900.0,11.399999618530273,12000.0,160000.0,0.48363634943962097,13.333333015441895,0.8225806355476379,0.8618784546852112,0.4166666567325592,0.311355322599411,0.31501832604408264,46.7,30
-0.02422280853752517,0.047273215445854264,0.15559908908675932,0.014007721974884592,-0.29517195871600077,0.10868565546805967,-6.4343097320997655,0.1171127536238522,-0.2024717543996664,-0.08376136708684677,-0.012933777701140592,0.0,0.17281319745824567,0.3935026537181242,-0.282081398838736,0.001689209561591401,-0.18691369045247766,-0.2341455021610788,-0.0822395002505143,0.35217028739971296,0.4748959353275114,-0.1668664452160616,-0.6273956876995627,-0.1299818436952314,0.19048179867684173,-0.31792446079085523,-0.07066375446165406,-0.12125358065915726,-0.23253063960614284,0.530258472987525,30.0,60.0,40.0,385.0,0.4099999964237213,0.7200000286102295,31.600000381469727,157.0,157.85000610351562,280.0722351074219,1.5,1.0,0.007199999876320362,1.8701298236846924,0.1680999994277954,2.4390244483947754,5.953243255615234,157.85000610351562,1.9390244483947754,900.0,12.300000190734863,11550.0,148225.0,0.6150000095367432,12.833333015441895,0.7846153974533081,0.8407643437385559,0.4166666567325592,0.311355322599411,0.31501832604408264,41.5,30
-0.04317299007976216,-0.033561027218433404,-0.15547987904830685,0.12964323493079777,0.0389658590860903,0.0049227890074523845,1.3512903775711353,0.1216013106781689,0.22558932141163637,0.323867626936095,-0.029149547877496483,0.0,-0.0691789227405881,0.00281217670917638,0.33752870429941423,0.1943920444328492,0.19467492878266088,0.441033791263356,0.07367009005527714,0.034369561622061263,-0.371622067687847,0.2491557793130441,0.27307370566117706,0.03751768380365879,0.17791162240449704,0.3486225788188172,-0.19442903891473126,-0.13669203409404285,-0.37628604292238177,0.9148326357404472,30.0,58.0,42.0,400.0,0.36000001430511475,0.8899999856948853,41.5,216.0,144.0,270.984130859375,1.3809523582458496,1.0,0.008899999782443047,2.2249999046325684,0.12960000336170197,2.777777671813965,5.991464614868164,144.0,2.277777671813965,900.0,10.800000190734863,12000.0,160000.0,0.49714285135269165,13.333333015441895,0.8500000238418579,0.8703703880310059,0.46666666865348816,0.31501832604408264,0.30586081743240356,53.8,30
-0.05989617154434969,0.005823064646959883,-0.09950787609984008,0.10090925764400813,-0.19747699836153387,0.058176658745580076,-5.270566192684403,0.10303655312333443,-0.07389380546090672,0.09616719252273781,-0.09138652343676212,0.0,0.1993075413187066,0.15652070151778041,0.15167659547296744,0.10159463954106686,0.02598295581231069,-0.01994142022054416,0.005996886395522859,0.2390635161221932,-0.15973849648095043,-0.08411463347082682,0.4733678122025939,0.20228938898079152,0.13476775954556822,0.11862812240188027,-0.011688086407364325,-0.15432350833209066,-0.34967099059283985,0.8892707084712833,30.0,57.0,43.0,390.0,0.38999998569488525,0.7799999713897705,34.400001525878906,174.0,152.10000610351562,275.9095153808594,1.325581431388855,1.0,0.007799999788403511,2.0,0.15209999680519104,2.5641026496887207,5.966146945953369,152.10000610351562,2.0641026496887207,900.0,11.699999809265137,11700.0,152100.0,0.5169767737388611,13.0,0.8095238208770752,0.8563218116760254,0.4166666567325592,0.325411319732666,0.32358318567276,45.2,30
-0.053581056700737026,0.07518800678000764,0.201382089828776,0.0983576145041467,0.3342344253386649,0.05985888297127755,-1.803629350307736,0.09465808072561195,0.17899870979985066,0.044094533645761824,0.19748015112338863,0.0,-0.07425579949081065,-0.11002947439436829,0.25134876339702533,0.1934485194723071,0.24279313263194552,0.4850392054367824,0.13478741871498132,0.1742986724987861,-0.13826720580105747,0.006060835126260717,0.4733907649474009,-0.008313559419182184,0.023464388927119443,0.12733231577650966,-0.03843091993537641,0.003415893832276198,-0.360421383100742,0.9927571961381935,30.0,62.0,38.0,400.0,0.3700000047683716,0.8500000238418579,38.79999923706055,193.0,148.0,274.984130859375,1.6315789222717285,1.0,0.008500000461935997,2.125,0.13689999282360077,2.702702760696411,5.991464614868164,148.0,2.202702760696411,900.0,11.100000381469727,12000.0,160000.0,0.6036841869354248,13.333333015441895,0.8360655903816223,0.8601036071777344,0.44999998807907104,0.32967033982276917,0.3223443329334259,50.5,30
-0.0869132040014875,-0.01156304989033021,-0.0748900817892376,0.05581745180756708,0.2834983629623398,-0.024099873762407097,1.7456062493781694,-0.07999095416397954,0.0013374055341913145,-0.07797533542745401,-0.10039897123706047,0.0,-0.08225690227794638,-0.00633208240275408,0.34265991220758524,0.16816901562836972,0.017826696372268185,0.017061720617416634,0.02393582295549515,0.17753505417587032,0.3418416594094646,0.06676774454384632,0.3443828565242365,-0.002757069127750235,0.14839041770216288,0.1430689707777169,-0.1343813352707484,-0.19578511896398018,0.3695669662368553,0.7337866298480015,35.0,58.0,42.0,400.0,0.3700000047683716,0.8999999761581421,45.2599983215332,200.0,148.0,274.984130859375,1.3809523582458496,1.0,0.008999999612569809,2.25,0.13689999282360077,2.702702760696411,5.991464614868164,148.0,2.202702760696411,1225.0,12.949999809265137,14000.0,160000.0,0.510952353477478,11.428571701049805,0.8360655903816223,0.925000011920929,0.25,0.1681901216506958,0.32358318567276,61.1,35
-0.03931129182430706,-0.22970239916828375,-0.3179769033385685,0.03705286287081025,0.17307652688889166,-0.021121140808017587,8.147399546193418,-0.40805420397405556,-0.32113445874033975,0.02369340509379198,-0.029357983196983503,0.0,-0.1687784885610487,0.26827938457763384,-0.07954776484101017,0.0855265005556213,0.05186360883321136,-0.25332828906427796,-0.004423554049694062,0.374888482618407,0.7687506090683712,0.1769976544498163,0.4326474799339981,0.24341751383440888,0.4570080705461595,0.19377203832464565,-0.0029651326500425715,-0.24322439694708692,0.2740114932981199,0.8244453933253162,35.0,58.0,42.0,430.0,0.3799999952316284,0.699999988079071,52.400001525878906,200.0,163.39999389648438,299.9079284667969,1.3809523582458496,1.0,0.007000000216066837,1.6279069185256958,0.1444000005722046,2.6315789222717285,6.063785076141357,163.39999389648438,2.1315789222717285,1225.0,13.300000190734863,15050.0,184900.0,0.5247619152069092,12.285714149475098,0.8225806355476379,0.925000011920929,0.25,0.16300366818904877,0.31501832604408264,65.5,35
0.057977758048529636,-0.07572500498333137,-0.04261883468430354,0.11234275611872373,-0.19220491022481032,-0.01972209703592802,6.168716721817512,-0.06556998884359454,0.0415520956814207,0.04322364248382021,-0.050408589259047745,0.0,-0.04103850782282696,0.0478603758193963,-0.28321247676818284,0.03591688646567669,-0.025625613998896124,-0.015659638131868533,0.0627396119986607,0.3220990840223055,1.3236007492278739,0.1985472316932242,0.2270871814721951,0.0682742947882623,0.5941684331757242,-0.07378458467338403,-0.10655154958113537,-0.05501665269940947,-0.5994034652306285,0.8310039450442375,35.0,58.0,42.0,400.0,0.4000000059604645,0.800000011920929,47.599998474121094,195.0,160.0,286.984130859375,1.3809523582458496,1.0,0.00800000037997961,2.0,0.1599999964237213,2.5,5.991464614868164,160.0,2.0,1225.0,14.0,14000.0,160000.0,0.5523809790611267,11.428571701049805,0.796875,0.9487179517745972,0.1666666716337204,0.3144424259662628,0.3363802433013916,53.2,35
0.06044701050847164,-0.08927779728041305,-0.09530598374307664,0.18795960265989758,-0.024100207500640885,-0.06054554410503415,6.846390380461273,0.3497529279851918,-0.1488890035834119,0.08959977570616338,-0.05422059926983522,0.0,-0.06012353319742112,0.17706125292236854,-0.03066145077182145,-0.009046364887361895,-0.02249840762072444,-0.20899561607037156,0.043329868226061795,0.3190472984523865,1.1392135823865122,0.18629430679643488,0.33375638184385875,0.132667519289705,0.5399247912316896,-0.05125290197757525,-0.04727663606171981,-0.0672937431565426,-0.791599531685002,-0.21868346972573754,35.0,58.0,42.0,400.0,0.38999998569488525,0.8999999761581421,50.400001525878906,180.0,156.0,282.984130859375,1.3809523582458496,1.0,0.008999999612569809,2.25,0.15209999680519104,2.5641026496887207,5.991464614868164,156.0,2.0641026496887207,1225.0,13.649999618530273,14000.0,160000.0,0.5385714173316956,11.428571701049805,0.8095238208770752,0.9166666865348816,0.25,0.3144424259662628,0.14259597659111023,52.7,35
-0.06320322346128394,-0.01911788122271362,-0.17494973402653013,0.11174908120750546,0.1613763234982931,0.1647826151600622,0.4259368105031544,-0.09482988765559458,0.15765254747987106,0.31778936800984114,-0.1606521741523633,0.0,0.24682201440990045,0.1531244926176746,0.2686595183196726,0.14113967311819675,0.18231678219974803,0.11546469995724983,0.1040615076879768,0.2883603628182686,0.7639775492318871,0.2702290416620093,0.22868786041086572,0.23707938666417314,0.2774084503071695,0.33285239203760725,-0.022432315077411932,0.09925828246982839,0.32625713616249497,-0.42750352544856324,35.0,58.0,42.0,400.0,0.3700000047683716,1.0,41.099998474121094,210.0,148.0,274.984130859375,1.3809523582458496,1.0,0.009999999776482582,2.5,0.13689999282360077,2.702702760696411,5.991464614868164,148.0,2.202702760696411,1225.0,12.949999809265137,14000.0,160000.0,0.510952353477478,11.428571701049805,0.8360655903816223,0.5714285969734192,1.5,0.20695970952510834,0.06593406945466995,48.6,35
-0.055194238227278744,-0.060987046442925366,-0.22891813559319477,0.15537632423633294,0.2507402430803601,0.0825433067472833,-7.085937929849874,-0.2660336046309616,0.13368754976388922,0.11219524955110383,-0.11525256208492386,0.0,0.41728782148873855,-0.48414856128887107,0.3790164506557751,0.13759609862974656,0.09690440203652975,0.07859905067510745,-0.05413950496599237,0.4914006337710612,0.5894754482654144,0.15989666741209121,0.465526938314322,0.16308291450637602,0.3902753212259909,0.3064825027882397,-0.34027181746001517,-0.13444346159750628,-0.5057536020877577,-0.4397953950551505,35.0,58.0,42.0,400.0,0.36000001430511475,1.0,32.5,200.0,144.0,270.984130859375,1.3809523582458496,1.0,0.009999999776482582,2.5,0.12960000336170197,2.777777671813965,5.991464614868164,144.0,2.277777671813965,1225.0,12.600000381469727,14000.0,160000.0,0.49714285135269165,11.428571701049805,0.8500000238418579,0.8999999761581421,0.3333333432674408,0.311355322599411,0.15750916302204132,48.2,35
0.030791244585123535,-0.06874993805228323,-0.027102329046599222,0.1412358122314532,0.29051052515330866,0.10789961670890141,-0.20510813874601516,0.11751297053548938,0.31518434782347454,0.12876437527264945,-0.014833768542459656,0.0,0.030861064655289466,0.03177602809245786,0.1966338772055538,0.14715042632644953,-0.03027099909460523,0.26105169892559593,0.018238133230031102,0.26654927368561765,0.8402255837705972,0.1690489610945915,0.27495522481246754,0.019678752103417407,0.6432457796256844,0.09769354924563162,-0.0028343665802469976,0.046533641905181694,-0.19303009357364617,-0.18251590366977044,35.0,58.0,42.0,400.0,0.3700000047683716,0.800000011920929,39.79999923706055,180.0,148.0,274.984130859375,1.3809523582458496,1.0,0.00800000037997961,2.0,0.13689999282360077,2.702702760696411,5.991464614868164,148.0,2.202702760696411,1225.0,12.949999809265137,14000.0,160000.0,0.510952353477478,11.428571701049805,0.8360655903816223,0.8611111044883728,0.4166666567325592,0.3144424259662628,0.14259597659111023,49.8,35
-0.03708851786054064,-0.08603174276315338,-0.20649924401717976,0.16237550197433384,0.23597041140893105,-0.08114833029392533,-2.1066941011944427,0.026087146634726527,0.10501147785157802,0.06916860092873507,-0.07555999867903802,0.0,-0.12092582199393666,-0.09798334674180735,0.035231943040021474,0.09768424035301228,0.07123564541463075,0.05583987052525156,0.026960603530049,0.44266117438954555,0.5824429553720133,0.1294555216918108,0.5202777086846474,0.28334204711448896,0.06932251544884921,0.25859050816681883,0.10186363383252976,0.08404476941039751,-0.3709301849338274,-0.7157661641301781,35.0,58.0,42.0,400.0,0.3700000047683716,0.8999999761581421,38.79999923706055,190.0,148.0,274.984130859375,1.3809523582458496,1.0,0.008999999612569809,2.25,0.13689999282360077,2.702702760696411,5.991464614868164,148.0,2.202702760696411,1225.0,12.949999809265137,14000.0,160000.0,0.510952353477478,11.428571701049805,0.8360655903816223,0.5789473652839661,1.3333333730697632,0.311355322599411,0.07326007634401321,49.4,35
-0.0807081360520325,-0.11439396030328415,-0.25698447084131565,0.14557929878915057,0.14783705822932783,-0.06322170285352344,-0.8828335474156647,0.07966808239029588,-0.23552017276149664,-0.12325616142613315,-0.06738416278489245,0.0,-0.14053925439289844,-0.01970975017894362,0.0028003719339797393,0.057239349216011315,0.05413140397136045,-0.20178612480259417,-0.03193758101829009,0.4599071181041853,0.5476942548722628,0.11791519989164291,0.3973524651654325,-0.07473227754766515,0.8751002763061457,0.15698350975183004,-0.31821776433459736,-0.23352272421879292,-0.2802183962477246,-0.33737300058585357,35.0,58.0,42.0,420.0,0.3700000047683716,0.8999999761581421,40.0,170.0,155.39999389648438,288.73333740234375,1.3809523582458496,1.0,0.008999999612569809,2.142857074737549,0.13689999282360077,2.702702760696411,6.040254592895508,155.39999389648438,2.202702760696411,1225.0,12.949999809265137,14700.0,176400.0,0.510952353477478,12.0,0.8360655903816223,0.9117646813392639,0.25,0.311355322599411,0.15750916302204132,49.4,35
-0.04243268292112618,-0.05577934989566661,-0.19349017818349007,0.05860650284818208,0.04574291777668321,0.03582947457642391,2.539460103684199,0.1377002252773226,0.059862595537797304,0.01882920262505505,-0.29457294914636706,0.0,-0.07170223900146525,-0.08399351924059584,0.25203211446807877,0.11197147751728272,0.22594634348788778,0.09003594401517608,0.03308374798405993,0.2879392028710285,0.7545403659602945,0.14110728566852626,0.2485198822073119,0.08293955779406997,0.11331518229411608,0.1657665118564714,-0.08427863727914332,-0.11274036733634968,0.32587285647341147,0.19637623006300214,35.0,58.0,42.0,430.0,0.3700000047683716,0.8999999761581421,45.900001525878906,180.0,159.10000610351562,295.6079406738281,1.3809523582458496,1.0,0.008999999612569809,2.0930233001708984,0.13689999282360077,2.702702760696411,6.063785076141357,159.10000610351562,2.202702760696411,1225.0,12.949999809265137,15050.0,184900.0,0.510952353477478,12.285714149475098,0.8360655903816223,0.8611111044883728,0.4166666567325592,0.1684981733560562,0.06593406945466995,54.6,35
-0.032668338028372525,-0.0826429059854424,-0.15547865709773037,0.08439793448352775,0.0444562659613484,0.3244750452138218,2.4828840972139306,0.12413008988791258,0.10322360048312652,-0.06360307442197653,-0.2245564773863908,0.0,0.36091667848909154,0.13514401516207425,0.2525406388854307,0.10543877047977303,0.26696277166210736,0.10735613748831856,0.06863644981598316,0.2990522818028963,0.4563821734540584,0.1825710284799438,0.09708714684569865,-0.0230007190477996,0.18557407677250767,0.281216561704206,0.21493574494458006,-0.06797535723790663,0.38858469808027746,0.04167504081730673,35.0,58.0,42.0,440.0,0.36000001430511475,1.0,44.0,200.0,158.39999389648438,298.0825500488281,1.3809523582458496,1.0,0.009999999776482582,2.2727272510528564,0.12960000336170197,2.777777671813965,6.086774826049805,158.39999389648438,2.277777671813965,1225.0,12.600000381469727,15400.0,193600.0,0.49714285135269165,12.571428298950195,0.8500000238418579,0.925000011920929,0.25,0.1684981733560562,0.06593406945466995,53.1,35
-0.04764245736532098,-0.006197117033219238,-0.07234485462184147,-0.018734920352238053,-0.30234812511903975,0.027438234480891957,0.7831870090819668,-0.027194170463001575,-0.4168871782106933,0.04179683170070687,-0.006500516081645948,0.0,-0.05017544249148008,0.06877142808297293,-0.2834878810813876,-0.1015743360749928,0.17215952752329078,-0.8285151755151916,-0.1975951849016765,0.2529320302177985,0.7336738141609717,-0.08489892101890738,0.23153343414784724,-0.007484639329716959,0.11121460322804534,-0.1844622765565057,0.4441579195932185,0.21668169638959833,0.3798139551414765,-0.25857049470783594,35.0,58.0,42.0,440.0,0.4099999964237213,0.8999999761581421,41.0,200.0,180.39999389648438,320.0825500488281,1.3809523582458496,1.0,0.008999999612569809,2.045454502105713,0.1680999994277954,2.4390244483947754,6.086774826049805,180.39999389648438,1.9390244483947754,1225.0,14.350000381469727,15400.0,193600.0,0.5661904811859131,12.571428298950195,0.7846153974533081,1.0499999523162842,-0.1666666716337204,0.1684981733560562,0.14652015268802643,49.69,35
-0.07866621614352882,-0.11157657807928732,-0.28071715950831766,0.11919521192869507,0.16190589867645214,-0.033613839582729906,-4.012183821086487,-0.2331923830074006,-0.14297965541066926,0.1032752233607343,-0.10135504090764742,0.0,-0.0012953837655876447,0.014014656565317448,-0.08960377224018416,0.07571818320086032,0.02230518988300946,0.15624040540519288,-0.047997012891411894,0.5005805238543946,0.626393282949777,0.1195008348674706,0.3897531412811953,0.021902256912386165,0.14780661129176131,0.20578523934155812,0.020834596337005067,0.20587227322670318,0.0853779491276113,-0.2669175660172156,35.0,58.0,42.0,440.0,0.3700000047683716,0.8999999761581421,38.20000076293945,200.0,162.8000030517578,302.4825439453125,1.3809523582458496,1.0,0.008999999612569809,2.045454502105713,0.13689999282360077,2.702702760696411,6.086774826049805,162.8000030517578,2.202702760696411,1225.0,12.949999809265137,15400.0,193600.0,0.510952353477478,12.571428298950195,0.8360655903816223,0.9750000238418579,0.0833333358168602,0.16300366818904877,0.07326007634401321,48.5,35
-0.02628059386399533,0.004582346883776416,0.029374132003283357,0.15382208732592478,0.25062047051743286,0.009932957657010164,-0.5383806986175028,-0.026909256468836823,0.1635548739385318,0.2179979272357002,-0.03897783074093148,0.0,-0.018663803874710675,-0.029952836894989263,0.013042408612778956,0.04115813717376957,-0.05971553983668645,0.05072123306212569,0.03400981493976637,0.29297762442383324,1.2967739534216667,0.06931649058501094,0.4757005489426162,0.2908415292650401,0.2957563976554279,0.05187723659361812,-0.008264360068138684,-0.11298522432035846,0.23206815008575363,0.7953727646354881,35.0,58.0,42.0,440.0,0.3799999952316284,0.8999999761581421,39.900001525878906,200.0,167.1999969482422,306.8825378417969,1.3809523582458496,1.0,0.008999999612569809,2.045454502105713,0.1444000005722046,2.6315789222717285,6.086774826049805,167.1999969482422,2.1315789222717285,1225.0,13.300000190734863,15400.0,193600.0,0.5247619152069092,12.571428298950195,0.8225806355476379,0.8500000238418579,0.5,0.1736745834350586,0.3363802433013916,51.4,35
0.004996843970745533,-0.06240262326339115,0.06808944128835488,0.14392095401697755,0.23582105287590757,0.19805179834006884,1.2749356276682784,0.30462390085125063,0.1918752525304518,0.29346167226957554,-0.027459487287992246,0.0,0.35212608450538596,0.10260689102003527,-0.02340428757966845,0.16051412713364122,-0.04018342466538461,0.00010664001991302107,0.048017840179154676,0.295160014179277,1.1136895257997945,0.0890616510239176,0.4860033148134176,0.20671037295267689,0.5403477675456478,0.05245045619114795,0.20389881219208256,0.10998464398991493,0.17056994622922286,0.6241978615044065,35.0,58.0,42.0,430.0,0.3799999952316284,1.0,41.400001525878906,200.0,163.39999389648438,299.9079284667969,1.3809523582458496,1.0,0.009999999776482582,2.3255813121795654,0.1444000005722046,2.6315789222717285,6.063785076141357,163.39999389648438,2.1315789222717285,1225.0,13.300000190734863,15050.0,184900.0,0.5247619152069092,12.285714149475098,0.8225806355476379,1.0,0.0,0.1736745834350586,0.3363802433013916,54.6,35
-0.05052439220493705,-0.07272543824404226,-0.1116227343421792,0.11178232983180646,0.08583763444096816,0.10234924663756602,1.1382041272689618,0.12198334285064714,-0.25390314316396084,0.004326336248589983,-0.03169441424739046,0.0,-0.05561869973770525,-0.025219327586863422,-0.21641304089140584,0.11426395571027242,0.23323488429333122,-0.5295434915560974,-0.06172824311894398,0.3465317330441057,1.1214492551305333,0.21427444989505887,0.21911942431450768,0.13321893124515727,0.1583262130753852,-0.357276953232122,-0.3445096711239027,-0.5722784176151494,0.14630774740972463,0.34288928497447313,35.0,58.0,42.0,430.0,0.4000000059604645,0.8999999761581421,40.900001525878906,190.0,172.0,308.5079345703125,1.3809523582458496,1.0,0.008999999612569809,2.0930233001708984,0.1599999964237213,2.5,6.063785076141357,172.0,2.0,1225.0,14.0,15050.0,184900.0,0.5523809790611267,12.285714149475098,0.796875,0.7368420958518982,0.8333333134651184,0.1684981733560562,0.30586081743240356,52.0,35
-0.06304365040685504,-0.10501211593277977,-0.3154502718411868,0.143436262822608,-0.10945120067644233,0.008833106223158995,2.3077794563900547,0.199083608402407,-0.2508135929964035,0.15841131549263232,-0.08283277221971803,0.0,0.04402164857753391,-0.009668522442473185,-0.09532289770859664,0.10553142813051368,-0.030841364247987155,0.11613725289686004,-0.019910812831905596,0.4136697555713987,0.708265310719984,0.1570423158869411,0.36696821768985327,0.06469063292523994,0.28517445478697323,0.08088656728837072,0.0736124148236176,0.184305807536802,0.30819817981708253,-0.3263862296196036,35.0,58.0,42.0,430.0,0.38999998569488525,0.8999999761581421,43.79999923706055,180.0,167.6999969482422,304.20794677734375,1.3809523582458496,1.0,0.008999999612569809,2.0930233001708984,0.15209999680519104,2.5641026496887207,6.063785076141357,167.6999969482422,2.0641026496887207,1225.0,13.649999618530273,15050.0,184900.0,0.5385714173316956,12.285714149475098,0.8095238208770752,1.0,0.0,0.16300366818904877,0.15750916302204132,54.3,35
-0.07279853239073915,0.05460753314476262,0.20387769018556592,0.010323511854042641,0.2348809449794711,0.3034981503737105,-4.056590004538701,-0.041894079741355346,0.22296351044205928,0.14216264446332919,0.0050454391899239686,0.0,0.5226672322067542,-0.046099290699102353,0.21754143173848292,0.2137109753294797,0.28493951827770403,-0.04038605514545177,0.11134387758837447,0.33591004620142395,0.6027908256841895,-0.06710667378001325,0.2924747528308469,-0.013501587603245662,0.13443813803283314,0.2646885672129025,0.27017660003511323,0.23764665761816023,-0.24329297220134957,-0.12214830260731192,35.0,60.0,40.0,440.0,0.3700000047683716,1.0,37.70000076293945,190.0,162.8000030517578,302.4825439453125,1.5,1.0,0.009999999776482582,2.2727272510528564,0.13689999282360077,2.702702760696411,6.086774826049805,162.8000030517578,2.202702760696411,1225.0,12.949999809265137,15400.0,193600.0,0.5550000071525574,12.571428298950195,0.8360655903816223,1.0263158082962036,-0.0833333358168602,0.32967033982276917,0.14652015268802643,49.7,35
-0.05737978021843174,0.08405010103251129,0.23425997144344518,0.1068412007760597,0.16515978713706198,0.004661911583927246,-3.999013741587258,0.020024030262566394,-0.1126780557477644,0.25439389581054955,0.013822638912931786,0.0,-0.04333266930051346,-0.006347206592978379,-0.08607810826905911,0.08777139257223873,0.038249443427733974,0.08146493332746574,-0.023809083187255768,0.4745824958659659,0.9012819785563756,0.11941229842533951,0.3636104147552766,0.09174946441707672,0.21358920905653728,0.27220038711537947,0.21979600555459355,0.37646469189857573,-0.10268021773168233,-0.2575632457590247,35.0,60.0,40.0,430.0,0.3799999952316284,0.8999999761581421,37.79999923706055,190.0,163.39999389648438,299.9079284667969,1.5,1.0,0.008999999612569809,2.0930233001708984,0.1444000005722046,2.6315789222717285,6.063785076141357,163.39999389648438,2.1315789222717285,1225.0,13.300000190734863,15050.0,184900.0,0.5699999928474426,12.285714149475098,0.8225806355476379,1.0526316165924072,-0.1666666716337204,0.311355322599411,0.15750916302204132,48.3,35
-0.07106260350125637,0.08288114393027866,0.19758537538596613,0.07405556010319914,0.26393468060315706,-0.14889360413146907,-2.6866038754702832,0.0590682877894225,0.2505555467022952,0.10565988951802818,0.044989323124673936,0.0,-0.07719558799728875,-0.18704086156980565,0.23481514973076936,0.19953111120137992,0.2259726515205251,-0.037161926500390755,0.11673114496505632,0.32012732978131947,0.5452141478152606,-0.024651523309248316,0.24668013785108653,0.02238777248146831,0.5759453786831797,0.17089496225044673,0.6179358825057136,0.36724389212119146,-0.2948468518960051,-0.15704220694080834,35.0,60.0,40.0,430.0,0.3700000047683716,0.8999999761581421,38.400001525878906,160.0,159.10000610351562,295.6079406738281,1.5,1.0,0.008999999612569809,2.0930233001708984,0.13689999282360077,2.702702760696411,6.063785076141357,159.10000610351562,2.202702760696411,1225.0,12.949999809265137,15050.0,184900.0,0.5550000071525574,12.285714149475098,0.8360655903816223,1.125,-0.3333333432674408,0.32967033982276917,0.14652015268802643,47.8,35
-0.06613586424593135,0.07182136810908896,0.24019696865789986,0.041626462628063,-0.08213283903765206,-0.07047313339048199,-4.321641067182112,0.04118270287211252,0.03281478123106092,0.023239213460208148,0.019606910679942587,0.0,-0.16734100847769412,0.009404214786486112,0.19843005421240711,0.19154331549995793,0.1607278887393165,-0.15538870319821765,0.06768434898545199,0.2182549011630038,0.9289075118361387,0.017241387328619035,0.2926399618441843,-0.12150924748978102,0.39709339590273135,0.13930779679278152,0.15486519638628463,0.20177036904255224,0.34421944290048245,0.13705056465225754,35.0,60.0,40.0,430.0,0.38999998569488525,0.800000011920929,37.20000076293945,160.0,167.6999969482422,304.20794677734375,1.5,1.0,0.00800000037997961,1.860465168952942,0.15209999680519104,2.5641026496887207,6.063785076141357,167.6999969482422,2.0641026496887207,1225.0,13.649999618530273,15050.0,184900.0,0.5849999785423279,12.285714149475098,0.8095238208770752,1.0,0.0,0.1684981733560562,0.05677655711770058,44.4,35
-0.051816829406560364,-0.016837828894476586,0.005071490968336841,0.10152609986057326,-0.2969816017665101,-0.1318382535682119,-0.15662473894122458,0.020443924117875892,0.0007115991296238104,0.19404450219745362,0.05923760207677388,0.0,-0.11706384621011577,0.13758199774922186,-0.1726254579768744,-0.07910787547244377,0.022418577026808696,-0.16145667717340392,-0.0425757016709801,0.24527046059487007,0.5313397377662661,0.024276386852621623,0.3728057990907135,-0.42337863799241415,0.2593201433773163,0.10020308394725048,-0.22088339142283636,0.12104551726398821,0.4091895381895295,-0.35113266297992185,35.0,60.0,40.0,430.0,0.4000000059604645,0.800000011920929,41.29999923706055,170.0,172.0,308.5079345703125,1.5,1.0,0.00800000037997961,1.860465168952942,0.1599999964237213,2.5,6.063785076141357,172.0,2.0,1225.0,14.0,15050.0,184900.0,0.6000000238418579,12.285714149475098,0.796875,1.029411792755127,-0.0833333358168602,0.1681901216506958,0.13711151480674744,47.8,35
-0.0692680573992689,0.08108567463539393,0.2485590493079411,0.15681829713701176,0.1811327548471885,-0.04683117995024453,-4.57474981092726,0.09925602454488446,-0.05910849750179565,0.29124305135896117,0.009638642499853852,0.0,-0.12124797263168977,0.11337666391596649,0.32402477038595445,0.0765771649059416,0.05129739350741136,0.16654873114523971,-0.05497581620876858,0.4657561527728936,0.6243829705634176,0.13687665450672107,0.35260344329065063,0.21031839148682685,0.18462568309606445,0.22089018100081312,0.14098223312810926,0.41840825342883187,-0.009971028331392661,-0.22644306226006217,35.0,60.0,40.0,440.0,0.36000001430511475,0.8999999761581421,37.099998474121094,160.0,158.39999389648438,298.0825500488281,1.5,1.0,0.008999999612569809,2.045454502105713,0.12960000336170197,2.777777671813965,6.086774826049805,158.39999389648438,2.277777671813965,1225.0,12.600000381469727,15400.0,193600.0,0.5400000214576721,12.571428298950195,0.8500000238418579,1.125,-0.3333333432674408,0.311355322599411,0.15750916302204132,47.4,35
0.007903870697233572,0.05485688930034853,0.04907681786560133,0.16627464895203378,0.19693856476312374,0.1869911192456988,8.622150300326796,0.4853973931503378,0.20395387241418897,0.004087213330342041,-0.00537301983947143,0.0,-0.12031253769369017,0.6671129178839552,0.24352746318112076,0.23079658433793018,-0.10383184747657738,0.0958651740576814,0.28360779071277814,0.17898442812925294,-0.4149887243972401,0.13898092620441793,0.32389160355474694,-0.0946089429978452,0.4528312718911368,0.36796702508024237,0.33827420677164105,0.12932887507519933,0.40065514652117146,0.6207347723737704,35.0,60.0,40.0,440.0,0.3199999928474426,0.699999988079071,54.400001525878906,170.0,140.8000030517578,280.4825439453125,1.5,1.0,0.007000000216066837,1.5909091234207153,0.10239999741315842,3.125,6.086774826049805,140.8000030517578,2.625,1225.0,11.199999809265137,15400.0,193600.0,0.47999998927116394,12.571428298950195,0.9107142686843872,0.8823529481887817,0.3333333432674408,0.1736745834350586,0.3363802433013916,60.2,35
-0.05463513980292594,0.06658529390999687,0.16940734760559148,0.12481310665310379,0.24832475696541337,-0.03975884820882186,-4.946422584426602,0.18092841466557716,-0.13904517050270299,0.06882763116514538,-0.01002370104544693,0.0,-0.04953296034523842,0.17180463424364995,0.26191395980377846,0.07499515440857384,0.06585959710735691,0.11442659126722912,-0.04960248167660437,0.5247233427668929,0.5040500975192338,0.04186658155771763,0.29740559574089087,0.19741171867381926,0.19449374055270874,0.2035070716005649,-0.2963637996757445,-0.21627779405874217,0.031072840206773904,-0.2421408224927536,35.0,60.0,40.0,440.0,0.36000001430511475,0.8999999761581421,37.79999923706055,180.0,158.39999389648438,298.0825500488281,1.5,1.0,0.008999999612569809,2.045454502105713,0.12960000336170197,2.777777671813965,6.086774826049805,158.39999389648438,2.277777671813965,1225.0,12.600000381469727,15400.0,193600.0,0.5400000214576721,12.571428298950195,0.8500000238418579,0.8333333134651184,0.5,0.16300366818904877,0.07326007634401321,48.3,35
-0.051644171086660556,0.08675205492586707,0.2214991106507185,0.10926734108976618,0.32685009925824465,-0.005185463149923761,11.378746947696321,0.37777613086817424,0.36551401418743545,0.09141183680762162,0.03468799232685039,0.0,0.06677731903417791,0.12462319017363563,0.07820211468710826,0.11345783193939939,0.05050103066022387,0.493315889273378,0.22242240355466844,0.1283665761166922,-0.11760585044719278,-0.14950584494087116,0.3009394436079481,0.10963342092655845,0.25095116899559133,0.09645727687422881,0.010224876665071329,0.08824288235843467,0.4855398288400439,0.7845086508963022,35.0,60.0,40.0,440.0,0.3199999928474426,0.800000011920929,55.900001525878906,180.0,140.8000030517578,280.4825439453125,1.5,1.0,0.00800000037997961,1.8181818723678589,0.10239999741315842,3.125,6.086774826049805,140.8000030517578,2.625,1225.0,11.199999809265137,15400.0,193600.0,0.47999998927116394,12.571428298950195,0.9107142686843872,0.9166666865348816,0.25,0.1684981733560562,0.05677655711770058,63.7,35
0.01724912016364022,0.041117966205344,0.09369200735108518,0.11718731287074581,0.2843397564552677,0.1414195109301337,10.562691624115738,0.39551018658577497,0.27409567381491506,-0.02159493727221148,-0.009957150832327235,0.0,-0.015160153590344986,0.13917543627532272,0.3202082842037783,0.2509621466221846,-0.09510245205221039,0.1908766877148185,0.25236211353743365,0.1790617556416889,-0.36223520993036057,0.14715114890871267,0.3270618618892246,0.08418564674469615,0.4441762414987601,0.38935785719473737,0.1448344451271329,0.09076985637455337,0.3087797414861336,-0.34158035406582204,35.0,60.0,40.0,440.0,0.3199999928474426,0.800000011920929,57.29999923706055,170.0,140.8000030517578,280.4825439453125,1.5,1.0,0.00800000037997961,1.8181818723678589,0.10239999741315842,3.125,6.086774826049805,140.8000030517578,2.625,1225.0,11.199999809265137,15400.0,193600.0,0.47999998927116394,12.571428298950195,0.9107142686843872,1.0,0.0,0.1736745834350586,0.14259597659111023,65.8,35
-0.07434017046122449,0.032845087521796795,0.11333987959014583,0.1228872235533109,0.34370456530717736,-0.03441757725937087,9.83358454272455,0.5141260575782135,0.08376601683317234,-0.08922763455364949,0.06103493257993703,0.0,-0.0703145344442798,-0.08637384366780745,0.3294930701488987,0.10126225587196717,0.044599875347139245,0.07612408120473894,0.2156985598603848,0.13885318926854287,-0.1009382728573163,0.1687668224109218,0.4444972793062784,-0.04439445768973763,0.5284501510999077,0.09561480982727011,0.4225244444543522,0.3283873546090734,0.5555804700237298,-0.39568784010766833,35.0,60.0,40.0,430.0,0.3400000035762787,0.8999999761581421,53.79999923706055,150.0,146.1999969482422,282.70794677734375,1.5,1.0,0.008999999612569809,2.0930233001708984,0.11559999734163284,2.941176414489746,6.063785076141357,146.1999969482422,2.441176414489746,1225.0,11.899999618530273,15050.0,184900.0,0.5099999904632568,12.285714149475098,0.8793103694915771,1.1666666269302368,-0.4166666567325592,0.1681901216506958,0.13711151480674744,58.1,35
-0.06587117663049598,-0.025064109976248184,0.007958243506539973,0.10995662453008827,0.1922915407928539,0.07136852726282482,0.8067104820977852,0.0757483324646838,0.16131191168821263,0.0452826947228398,-0.016814259701316257,0.0,0.19954507394503582,-0.006175243837944285,0.2206039414927808,0.15880944516459564,-0.0017419393007576344,-0.056113044361613316,0.17093977598544288,0.1402229826860807,-0.031753175574155024,0.048094179654116456,0.3603478953556073,0.07520166309479687,0.4130967268176413,0.3388375542027885,-0.049494889819658036,-0.056875702102812176,0.29107811689372376,-0.19101160857085792,35.0,60.0,40.0,430.0,0.33000001311302185,1.0,43.5,180.0,141.89999389648438,278.4079284667969,1.5,1.0,0.009999999776482582,2.3255813121795654,0.10890000313520432,3.0303030014038086,6.063785076141357,141.89999389648438,2.5303030014038086,1225.0,11.550000190734863,15050.0,184900.0,0.4950000047683716,12.285714149475098,0.8947368264198303,0.9444444179534912,0.1666666716337204,0.1736745834350586,0.0786106064915657,53.9,35
-0.10269043056565853,0.06909476500810062,0.16411868186131778,0.009364749757610005,0.12704311324059872,0.08646387154459935,-6.113928391166388,0.07220883779068307,-0.014175380973776299,-0.05500244066005283,0.004414862479483006,0.0,0.045435636931498546,-0.25566894778375915,0.10396733691317762,-0.04131184920459907,0.03411376920061295,-0.015383996165408805,0.22038566422425784,0.19413293772974316,-0.09939647328534806,-0.02347187633452459,0.4982983914438243,-0.03489338695275594,0.4792939802908732,0.08871829883582817,0.5564710216223421,0.39887499003272925,0.004595286372776742,0.8788571825413338,35.0,60.0,40.0,430.0,0.33000001311302185,0.699999988079071,35.79999923706055,160.0,141.89999389648438,278.4079284667969,1.5,1.0,0.007000000216066837,1.6279069185256958,0.10890000313520432,3.0303030014038086,6.063785076141357,141.89999389648438,2.5303030014038086,1225.0,11.550000190734863,15050.0,184900.0,0.4950000047683716,12.285714149475098,0.8947368264198303,1.0625,-0.1666666716337204,0.1684981733560562,0.3223443329334259,51.73,35
-0.1067857565578803,-0.002098665778458142,0.12840345579184864,0.03036210848574005,0.1655324983692077,-0.08164297991924375,4.574878295919873,0.21534596252477495,-0.0809313661404163,-0.09131655133235839,0.06859413598014402,0.0,-0.16248945519062405,-0.21614214325324935,0.27497690069252273,0.07804672859392432,0.12263763869404255,0.013372018703730447,0.1779709312572145,0.13032117897428333,-0.1364192905270057,0.09290985795782132,0.15262264548156937,-0.09825995864974754,0.10795387426562097,0.17172203183895152,0.03453182805253128,0.12158130319169656,0.13671846866727932,0.4280988315257043,35.0,60.0,40.0,430.0,0.3400000035762787,0.8999999761581421,49.20000076293945,150.0,146.1999969482422,282.70794677734375,1.5,1.0,0.008999999612569809,2.0930233001708984,0.11559999734163284,2.941176414489746,6.063785076141357,146.1999969482422,2.441176414489746,1225.0,11.899999618530273,15050.0,184900.0,0.5099999904632568,12.285714149475098,0.8793103694915771,0.9666666388511658,0.0833333358168602,0.1684981733560562,0.06227106228470802,67.3,35
-0.006428376715480385,0.0677571918047055,0.16562904383805796,0.15849394508725675,0.24228640673402138,0.08812717285575221,9.951812031590643,0.3689658477408168,0.1024721083505287,0.41839083496680846,0.020093576719627502,0.0,0.19905130153776465,-0.022617831642477715,0.26948937021227654,0.1608930806324846,-0.12679769578012842,0.200138230032425,0.04507201566743674,0.2727600703150446,0.5525823112388694,0.1996671802185124,0.3625475662987526,0.2654354454318485,0.29537537312675266,0.1509264329777817,0.4090637276482183,0.10313054546209234,0.5921780810724646,0.09670182208550254,35.0,60.0,40.0,440.0,0.36000001430511475,1.0,54.099998474121094,180.0,158.39999389648438,298.0825500488281,1.5,1.0,0.009999999776482582,2.2727272510528564,0.12960000336170197,2.777777671813965,6.086774826049805,158.39999389648438,2.277777671813965,1225.0,12.600000381469727,15400.0,193600.0,0.5400000214576721,12.571428298950195,0.8500000238418579,0.9722222089767456,0.0833333358168602,0.20109689235687256,0.062157221138477325,67.1,35
-0.06833245028675486,-0.00858265585474116,0.12229462178881094,0.004937033703272914,0.09391156065608842,-0.06722869431200794,8.708096401375538,0.05017569607773079,0.04863421419904729,0.09533176489915071,0.19040285609494598,0.0,-0.1329690657793565,-0.1505654799375282,0.28693843189917645,0.142079212591096,0.16756824646425822,0.04028779527706675,0.07311247801980404,0.2106581514753916,0.7399822396664404,0.17709489251013352,0.14759308427113854,0.12611847309906454,0.22034785707077761,0.17994208952413604,0.2519176969515424,-0.12087409184533171,0.6743908839118968,0.30635624642774006,35.0,60.0,40.0,430.0,0.36500000953674316,0.8999999761581421,53.70000076293945,180.0,156.9499969482422,293.45794677734375,1.5,1.0,0.008999999612569809,2.0930233001708984,0.1332249939441681,2.7397260665893555,6.063785076141357,156.9499969482422,2.2397260665893555,1225.0,12.774999618530273,15050.0,184900.0,0.5475000143051147,12.285714149475098,0.8429751992225647,0.9722222089767456,0.0833333358168602,0.20695970952510834,0.30586081743240356,68.7,35
-0.06540863389651386,0.007080301293496363,0.04496837349315701,0.08010513682345578,-0.30068192461452786,0.10850401898439543,0.9420367991924462,0.26813833658455855,0.2341459441594869,0.35116043076091286,0.07868495620601353,0.0,-0.021651554774344935,-0.041801269495846956,-0.15256548877071424,-0.024789215430521323,0.019996528267011492,0.08090139606855226,-0.06838700977180678,0.2412656067226784,0.8918914374309224,0.0871154752078193,0.37012605685637223,-0.2642464378133377,0.2582119655099602,0.1540122247440202,1.1933226484068076,-0.04818441931662185,0.5798669302418537,-0.2627852011005546,35.0,60.0,40.0,420.0,0.4000000059604645,0.949999988079071,42.400001525878906,130.0,168.0,301.3333435058594,1.5,1.0,0.009499999694526196,2.261904716491699,0.1599999964237213,2.5,6.040254592895508,168.0,2.0,1225.0,14.0,14700.0,176400.0,0.6000000238418579,12.0,0.796875,1.3461538553237915,-0.75,0.20658135414123535,0.13711151480674744,61.1,35
-0.004418070758567082,-0.0037578940795347593,0.07407076230892867,0.06962866115035553,-0.8977136732988685,0.13990379215953672,11.121458826948508,0.6237088990457051,0.3407395348082386,0.40982147829250243,0.09400090639464702,0.0,0.24330162548250545,-0.06352884034434236,-0.2142432825603586,-0.0365854372937585,0.07861143844228329,0.09063750000664232,-0.0739367475559572,0.2213354983770816,0.584192818205532,0.1300715104258833,0.317040120681771,-0.34704862882205295,0.4845597555569096,0.20169211880087223,-0.26089291673153214,-0.17831151424086272,0.7227366200793272,-0.43530973858906924,35.0,60.0,40.0,430.0,0.4000000059604645,1.0,55.29999923706055,160.0,172.0,308.5079345703125,1.5,1.0,0.009999999776482582,2.3255813121795654,0.1599999964237213,2.5,6.063785076141357,172.0,2.0,1225.0,14.0,15050.0,184900.0,0.6000000238418579,12.285714149475098,0.796875,0.9375,0.1666666716337204,0.20658135414123535,0.13711151480674744,58.5,35
-0.09752639363388951,-0.034878298221119465,0.111365672904683,0.09694906676537153,0.031857118952965384,-0.06866526373923675,6.821526624590002,0.2829834752139746,-0.06219981685590332,-0.24735541822567006,0.048554592033316,0.0,-0.179294630065074,-0.3148055912340008,0.32141837279449464,0.0861632607090277,0.12475506379813302,-0.026011770276205822,0.02708426247672799,0.19676307476742227,-0.09091961744135,0.12754820817745083,0.17765071913145444,0.034159508361824104,0.17361582623209784,0.1603619453570991,-0.257405621506264,-0.030015572282612157,0.44540795013988044,0.4517853425359837,35.0,60.0,40.0,420.0,0.34599998593330383,0.8999999761581421,52.099998474121094,170.0,145.32000732421875,278.6533203125,1.5,1.0,0.008999999612569809,2.142857074737549,0.11971600353717804,2.8901734352111816,6.040254592895508,145.32000732421875,2.3901734352111816,1225.0,12.109999656677246,14700.0,176400.0,0.5189999938011169,12.0,0.8703071475028992,0.8823529481887817,0.3333333432674408,0.20695970952510834,0.30586081743240356,65.9,35
-0.036078106375913375,0.09709837035574988,0.1852141837198749,0.11735296147972728,-0.21975130519529243,-0.012898874989087846,6.675824789561634,0.24291462238669073,-0.1534160449802818,0.007566570624673441,0.038942881909737964,0.0,-0.05302460074670927,-0.11720567442251702,-0.1697867338317091,-0.04358264108008261,0.15763247707786904,-0.7660087993380913,-0.12196545062423433,0.2665150969735904,0.5585728055978956,-0.024424255550260853,0.21350305823552015,-0.4671730783607046,0.7646756231473959,-0.2129222355336271,0.5096331925252392,0.18517464351781518,0.7509241084562628,-0.28828567063883204,35.0,60.0,40.0,420.0,0.4099999964237213,0.8999999761581421,51.099998474121094,160.0,172.1999969482422,305.5333251953125,1.5,1.0,0.008999999612569809,2.142857074737549,0.1680999994277954,2.4390244483947754,6.040254592895508,172.1999969482422,1.9390244483947754,1225.0,14.350000381469727,14700.0,176400.0,0.6150000095367432,12.0,0.7846153974533081,1.125,-0.3333333432674408,0.19780220091342926,0.14652015268802643,64.0,35
-0.06727773617111203,0.04013893805842963,0.21018192761974863,-0.01932843464346524,0.25571874111998,-0.12763111939410013,-3.9401844057267907,0.14934185716939125,0.3495035215135674,0.14603096930552345,0.04362092345924496,0.0,-0.11546041364077408,-0.22893312951765188,0.22612037214428043,0.22937497730267992,0.21433672343314297,-0.11371865722218309,0.11060488720484461,0.32862789344197335,0.598377078773423,-0.13800480587298197,0.2567250566465654,-0.004700344811845168,0.01644437098590223,0.1854480451956008,0.4161956949190364,0.31034542099364076,-0.49993423263006725,-0.21382524407177883,35.0,60.0,40.0,435.0,0.3700000047683716,0.8999999761581421,37.5,140.0,160.9499969482422,299.04522705078125,1.5,1.0,0.008999999612569809,2.068965435028076,0.13689999282360077,2.702702760696411,6.075345993041992,160.9499969482422,2.202702760696411,1225.0,12.949999809265137,15225.0,189225.0,0.5550000071525574,12.428571701049805,0.8360655903816223,1.2857142686843872,-0.6666666865348816,0.32967033982276917,0.14652015268802643,52.5,35
-0.04585562092100216,-0.004485122573242192,0.03167358744375081,0.09656906667547538,0.1856607792045053,-0.06979846642946971,-5.036155856155616,0.06026172325720815,0.017789660397957128,-0.2471452361194965,-0.059007170874721786,0.0,-0.18293114203435484,-0.16175326999524056,0.2869988761874737,0.19310788497188033,-0.08132148274557295,0.06201029998157082,0.1963504358927377,0.18588286711266194,0.04419946281779725,-0.020286748046779338,0.3101218109829499,-0.3505764020897483,0.21383423631942675,0.08677355055372789,0.3494295636135198,0.3551792150526092,-0.16860960433703676,0.5610973428775677,35.0,60.0,40.0,435.0,0.3400000035762787,0.8999999761581421,35.599998474121094,170.0,147.89999389648438,285.9952392578125,1.5,1.0,0.008999999612569809,2.068965435028076,0.11559999734163284,2.941176414489746,6.075345993041992,147.89999389648438,2.441176414489746,1225.0,11.899999618530273,15225.0,189225.0,0.5099999904632568,12.428571701049805,0.8793103694915771,1.058823585510254,-0.1666666716337204,0.3144424259662628,0.3363802433013916,48.3,35
0.04816488281219078,0.05263406789969861,0.12292815879542657,0.1339565380575567,0.1794563316565615,-0.0794134729159295,7.123423871274437,0.11930321169384936,0.03006066532095437,0.3394378556388185,0.017705306138802786,0.0,-0.15687550680389944,0.023159387186907084,0.24945852889524833,0.14202446031701926,0.053732430278376306,0.10409274912661896,0.009121372545922235,0.27590143398520833,0.8825681314209752,0.1813950392607393,0.4348928771225919,0.21653631010303745,0.5311945927543009,0.04364854195042729,0.5871502123802614,0.5153446893907495,0.48394162058708223,-0.2137727942486235,35.0,60.0,40.0,430.0,0.3700000047683716,0.800000011920929,50.70000076293945,170.0,159.10000610351562,295.6079406738281,1.5,1.0,0.00800000037997961,1.860465168952942,0.13689999282360077,2.702702760696411,6.063785076141357,159.10000610351562,2.202702760696411,1225.0,12.949999809265137,15050.0,184900.0,0.5550000071525574,12.285714149475098,0.8360655903816223,1.058823585510254,-0.1666666716337204,0.20109689235687256,0.14259597659111023,62.3,35
-0.04620545299098374,0.03127946442419801,0.11247663590340648,0.02852340616519794,0.3429901577751677,0.07848659810478145,11.516586801205712,0.3533442682018929,0.17481274122501597,0.19577697593209759,0.08463897870406695,0.0,-0.014826211466174466,-0.02793146267347601,0.11272853101241471,0.2228718069764894,0.03981395458056227,0.023026375277208917,0.005090411921844419,0.21837235762063595,0.8624676631923592,0.17089520029688507,0.3756628589180889,0.008855123152949404,0.4016504934401187,0.1996182859712741,0.29226962974330867,0.21444423456540232,-0.960445402895845,0.7709259931500976,35.0,60.0,40.0,430.0,0.3799999952316284,0.8999999761581421,55.0,170.0,163.39999389648438,299.9079284667969,1.5,1.0,0.008999999612569809,2.0930233001708984,0.1444000005722046,2.6315789222717285,6.063785076141357,163.39999389648438,2.1315789222717285,1225.0,13.300000190734863,15050.0,184900.0,0.5699999928474426,12.285714149475098,0.8225806355476379,1.0,0.0,0.09506398439407349,0.32358318567276,60.6,35
0.05616968307683865,0.07136442330269219,0.10581528428885395,0.13078396594694688,0.18831642387546207,-0.04274755064104279,9.039478792940491,0.23089335582780762,0.17588700670471147,0.2449327141623335,0.006754781072319939,0.0,-0.009083469156362546,-0.05145773552659582,-0.01849906293922011,0.11831096071813031,0.06976367829117859,0.23092763773920308,0.06108446219328099,0.29370327314137673,0.8424751956463501,0.15134726610594862,0.4495982834150176,0.06670677412521456,0.6160519560307027,0.06008702370779608,0.08106031317350808,0.2897010162559992,-0.5037411367564995,-0.2368016875729033,35.0,60.0,40.0,430.0,0.3799999952316284,0.8999999761581421,52.0,180.0,163.39999389648438,299.9079284667969,1.5,1.0,0.008999999612569809,2.0930233001708984,0.1444000005722046,2.6315789222717285,6.063785076141357,163.39999389648438,2.1315789222717285,1225.0,13.300000190734863,15050.0,184900.0,0.5699999928474426,12.285714149475098,0.8225806355476379,1.0555555820465088,-0.1666666716337204,0.09689214080572128,0.14259597659111023,57.3,35
-0.05833565584404076,0.02699695740128542,0.0696741263430451,0.06242900904375493,-0.1863193648827938,0.05096821882816569,8.06207037027403,0.1751913037201981,0.139549422248477,0.3475132522571428,0.10819157653898431,0.0,0.009452776075449303,-0.034459968222377874,0.0926417200937681,0.11907581308704739,0.03646570796656793,0.1015293763204225,-0.013273172759464281,0.20979708892538673,0.6348423848603822,0.13231378900891663,0.32416147089031566,0.07938365754766513,0.019050791790430205,0.11453916678663327,0.054634506863313476,0.10807387049211903,1.314642396866044,-0.2599480438536416,35.0,60.0,40.0,410.0,0.38999998569488525,0.8999999761581421,50.900001525878906,180.0,159.89999389648438,290.0587158203125,1.5,1.0,0.008999999612569809,2.195122003555298,0.15209999680519104,2.5641026496887207,6.016157150268555,159.89999389648438,2.0641026496887207,1225.0,13.649999618530273,14350.0,168100.0,0.5849999785423279,11.714285850524902,0.8095238208770752,0.9722222089767456,0.0833333358168602,0.007312614470720291,0.13711151480674744,62.5,35
-0.06678308812134744,0.0370061381427304,0.1252956958324257,0.21432834809936813,0.13492889642753833,0.04070277322985504,7.057245817778645,0.053785731832789195,0.13106934249534213,0.2732891590725744,0.2485229462294729,0.0,-0.10907184243717266,-0.1388945550734972,-0.14096220044104105,0.18693277107688605,0.21172841826672165,0.09544859931417188,0.0005520423242376064,0.2309572019154752,1.2339745393145818,0.2326152237427497,0.12965750492937003,-0.035159534811497875,0.1260582680616958,0.19437791607339566,0.06677740897937252,0.04205410523570247,0.4851537935363546,-0.22302174789169585,35.0,60.0,40.0,410.0,0.38999998569488525,0.8999999761581421,51.599998474121094,180.0,159.89999389648438,290.0587158203125,1.5,1.0,0.008999999612569809,2.195122003555298,0.15209999680519104,2.5641026496887207,6.016157150268555,159.89999389648438,2.0641026496887207,1225.0,13.649999618530273,14350.0,168100.0,0.5849999785423279,11.714285850524902,0.8095238208770752,0.9722222089767456,0.0833333358168602,0.010989011265337467,0.17032967507839203,59.7,35
-0.04441124170486697,0.031711717433475284,0.09329759171950006,0.09432125968574133,0.2463588812920225,-0.0008141013952139239,7.688660070529234,0.49595056743348387,-0.10058333584029026,0.11283697573636481,0.07389282659191476,0.0,-0.07120913225760976,-0.10780677965334998,0.15232691624610076,0.09591427089519228,0.009022086702024448,-0.19562580404612054,-0.02582996441255879,0.20954136536067344,0.561320064900813,0.09183191975557335,0.3079244585013104,0.14355499733876648,0.08323074792749156,0.18237246073264313,-0.4574693664070815,-0.2291189251715446,0.766194985781075,-0.2728918311358743,35.0,60.0,40.0,410.0,0.3799999952316284,0.8999999761581421,49.29999923706055,160.0,155.8000030517578,285.958740234375,1.5,1.0,0.008999999612569809,2.195122003555298,0.1444000005722046,2.6315789222717285,6.016157150268555,155.8000030517578,2.1315789222717285,1225.0,13.300000190734863,14350.0,168100.0,0.5699999928474426,11.714285850524902,0.8225806355476379,0.90625,0.25,0.20658135414123535,0.13711151480674744,55.4,35
-0.02410957913758642,0.051873297207847516,0.14407800965124778,0.09111296882711105,0.1699646719945913,-0.051470537994482195,0.9367462263738079,0.20598073434614522,-0.16974655811848954,-0.09336927132018519,0.03224212949506232,0.0,-0.06661149750919165,-0.021364827737017016,0.18273536188247577,0.08772606121136824,0.18017241642801618,-0.18183358836978383,0.046284431302261876,0.239469134468679,0.5610669135713517,0.023928927313029258,0.3958521556810241,-0.033721322848562066,0.14775320630554728,0.14848415031366863,0.6918675696495019,0.1436410791396992,0.410790336830416,0.7515080017240094,35.0,60.0,40.0,410.0,0.3700000047683716,0.8999999761581421,40.79999923706055,180.0,151.6999969482422,281.8587341308594,1.5,1.0,0.008999999612569809,2.195122003555298,0.13689999282360077,2.702702760696411,6.016157150268555,151.6999969482422,2.202702760696411,1225.0,12.949999809265137,14350.0,168100.0,0.5550000071525574,11.714285850524902,0.8360655903816223,1.0555555820465088,-0.1666666716337204,0.1684981733560562,0.3223443329334259,52.8,35
-0.09099884306829703,0.027277585118253077,0.06318632730530237,0.02651652327919154,0.25591600323378216,-0.02390200823612347,5.04109278184922,0.5899398827298006,0.00022159480688062236,-0.06684146362703344,0.09530376325143981,0.0,-0.06426574358521213,-0.035486551943380976,0.35167020382124986,0.17366825148534246,0.01528202544544027,0.1446268034605639,-0.02319141635320729,0.17734260951746644,0.2377910087929379,-0.0440419792439058,0.35229527033141284,0.26801691718676085,-0.15605032152990597,0.15631890487579758,-0.09459461779064908,-0.18471345873468015,-0.7162266177803503,0.39631866402788163,35.0,60.0,40.0,410.0,0.36000001430511475,0.8999999761581421,46.900001525878906,185.0,147.60000610351562,277.75872802734375,1.5,1.0,0.008999999612569809,2.195122003555298,0.12960000336170197,2.777777671813965,6.016157150268555,147.60000610351562,2.277777671813965,1225.0,12.600000381469727,14350.0,168100.0,0.5400000214576721,11.714285850524902,0.8500000238418579,0.9459459185600281,0.1666666716337204,0.02559415064752102,0.32358318567276,53.7,35
-0.07326682201496178,0.027472760391284465,0.08272157397039925,0.07467251704853467,0.2772722170081188,-0.015273926863820632,6.790984844790915,0.09348474322420552,0.09871314657179397,-0.13356695421185558,0.06457536713947194,0.0,-0.08865294447149033,-0.06357563592256339,0.3767352208447899,0.1755426489943535,0.008735592411474823,0.13338499519871216,-0.011343963833296193,0.18549717099517743,0.21218728326077366,0.2033148596746951,0.3890338265251637,0.27942401035737885,0.022454773054119925,0.17749539434257477,-0.20763408504140318,-0.16885435430661508,0.4863276478427185,0.46401949336501697,35.0,60.0,40.0,410.0,0.35499998927116394,0.8999999761581421,49.29999923706055,190.0,145.5500030517578,275.708740234375,1.5,1.0,0.008999999612569809,2.195122003555298,0.1260250061750412,2.816901445388794,6.016157150268555,145.5500030517578,2.316901445388794,1225.0,12.425000190734863,14350.0,168100.0,0.5325000286102295,11.714285850524902,0.8571428656578064,0.9210526347160339,0.25,0.1681901216506958,0.32358318567276,54.1,35
-0.06290851757360022,0.047798398384777424,0.07369764781153398,0.13294438930929972,0.23052231829866152,-0.008946320588822214,2.247135083192862,-0.05080653036680004,-0.18603147097189715,0.11860266314912318,0.006893495828818794,0.0,-0.0431241447496395,-0.03833785266463049,0.12709133506241171,0.1592357783844698,0.12331573223835861,-0.37200649724787854,0.08372535889140784,0.22329253804685678,0.6274793013055529,-0.05455690863436731,0.2739089637809921,-0.1698963654621823,0.0035751391678436857,0.08111954959903923,-0.1965344048808002,-0.031339629541177055,-0.050627672237856594,-0.04921190402501436,35.0,60.0,40.0,410.0,0.3799999952316284,0.8999999761581421,45.599998474121094,200.0,155.8000030517578,285.958740234375,1.5,1.0,0.008999999612569809,2.195122003555298,0.1444000005722046,2.6315789222717285,6.016157150268555,155.8000030517578,2.1315789222717285,1225.0,13.300000190734863,14350.0,168100.0,0.5699999928474426,11.714285850524902,0.8225806355476379,0.875,0.4166666567325592,0.10256410390138626,0.05677655711770058,52.1,35
0.04061895287042173,-0.18091621716103368,-0.10132918024246174,0.15300893384767783,-0.017684217149561664,-0.024564821485389573,8.743343293401391,0.05085318966454772,0.17584830325131162,0.2257810548135749,-0.0514280375563404,0.0,0.011728794789726951,-0.05249130865264577,-0.026707857834883487,0.07888236438451637,0.055431701444818224,0.12506779010421573,0.06871923501613232,0.3006480487921383,0.9994138659398466,0.12117552753480715,0.4283810003847198,0.1128341485041284,0.531465842813076,0.013768145489041782,0.03128137370783966,0.0964635764003872,-0.48004856314905564,-0.2946159463947233,35.0,58.0,42.0,410.0,0.38999998569488525,0.8999999761581421,51.599998474121094,170.0,159.89999389648438,290.0587158203125,1.3809523582458496,1.0,0.008999999612569809,2.195122003555298,0.15209999680519104,2.5641026496887207,6.016157150268555,159.89999389648438,2.0641026496887207,1225.0,13.649999618530273,14350.0,168100.0,0.5385714173316956,11.714285850524902,0.8095238208770752,1.029411792755127,-0.0833333358168602,0.09689214080572128,0.14259597659111023,58.9,35
-0.07821806051894886,-0.1037852877987809,-0.1628397632379909,0.10311600431916526,0.16845108895097285,-0.02983284396752988,-6.980340447942258,-0.05265532287295801,0.14509495070087086,-0.03300796785012622,-0.16354104252763932,0.0,-0.0825309159773181,-0.08796918315685466,0.3358635981193526,0.049235255770849556,0.11136737099427961,0.10907002816813653,-0.12687029102172226,0.5067886645287248,0.4489292482766035,0.14272723681443492,0.3880929431624872,0.011168663159410496,-0.055642040397514955,0.19733382909605354,-0.16812559099413296,-0.14063705172279758,0.14158916310322797,0.14592830796019735,35.0,58.0,42.0,410.0,0.36000001430511475,0.8999999761581421,33.400001525878906,180.0,147.60000610351562,277.75872802734375,1.3809523582458496,1.0,0.008999999612569809,2.195122003555298,0.12960000336170197,2.777777671813965,6.016157150268555,147.60000610351562,2.277777671813965,1225.0,12.600000381469727,14350.0,168100.0,0.49714285135269165,11.714285850524902,0.8500000238418579,0.9444444179534912,0.1666666716337204,0.014652014710009098,0.05677655711770058,41.8,35
-0.042957571737997816,-0.05508390793083177,-0.12948049700037678,0.09626611464565316,0.18022032914938646,-0.0846324319180966,-4.149434654606348,0.08122719965387427,-0.15489744981959588,-0.047871932011508925,-0.02839188064876283,0.0,-0.0853867829646349,-0.09620034533616355,0.16653981944378643,0.22246477154692346,0.1852349042100583,-0.02820517710264002,0.15513184917295908,0.27357179229515605,0.5744230951417922,0.006415407470020293,0.40103735931668805,0.10751107796354442,0.11968231407301007,0.18982705692853788,0.13743284244925835,0.05686097251344808,-0.012075978500127916,0.5754350678879175,35.0,58.0,42.0,410.0,0.3700000047683716,0.8999999761581421,36.79999923706055,170.0,151.6999969482422,281.8587341308594,1.3809523582458496,1.0,0.008999999612569809,2.195122003555298,0.13689999282360077,2.702702760696411,6.016157150268555,151.6999969482422,2.202702760696411,1225.0,12.949999809265137,14350.0,168100.0,0.510952353477478,11.714285850524902,0.8360655903816223,1.0,0.0,0.012820512987673283,0.3223443329334259,43.3,35
-0.059389803527070045,-0.0012428480317871657,-0.1807738225055362,0.08504904200073085,0.29763330411901984,-0.022206533175572963,0.15825198906031143,0.24061035848437054,-0.11191068521666889,0.16233581953215193,-0.13211656740478098,0.0,-0.0014737824550777267,0.11617608319607337,0.383722548362622,0.1478049746584212,0.02275110820860475,-0.24615114702513938,0.0067365051198779655,0.2061010351059576,0.1486222925495162,0.03497445995229378,0.2780796195610401,0.044521057264006736,0.21083571910414053,0.07679346068437873,-0.27116511206751126,-0.11957151188274613,-0.3612374917437626,-0.6295191194183223,35.0,58.0,42.0,430.0,0.36000001430511475,0.800000011920929,41.125,160.0,154.8000030517578,291.30792236328125,1.3809523582458496,1.0,0.00800000037997961,1.860465168952942,0.12960000336170197,2.777777671813965,6.063785076141357,154.8000030517578,2.277777671813965,1225.0,12.600000381469727,15050.0,184900.0,0.49714285135269165,12.285714149475098,0.8500000238418579,0.90625,0.25,0.325411319732666,0.010968921706080437,46.853,35
-0.07958610188945109,-0.055167051259171804,-0.19363490262417188,0.10872284320300993,0.3728382736446164,0.19012367754461637,-5.007785830396005,0.17797102940899534,-0.10962509317134725,-0.011975298823082221,-0.04904181642268464,0.0,0.0969667779973461,-0.07430157612785343,0.29091711892896355,0.14025227372910928,0.2054427796916358,-0.22487916138565997,0.22075776556649346,0.32694782468498174,0.2804775921304132,-0.011394840240827927,0.2952336316092477,0.055407266694049065,0.5598876000304327,0.14901622939698278,-0.4504313284080974,-0.2977788940100466,-0.07103065816540795,-0.27809692484286763,35.0,58.0,42.0,430.0,0.36000001430511475,0.800000011920929,33.900001525878906,170.0,154.8000030517578,291.30792236328125,1.3809523582458496,1.0,0.00800000037997961,1.860465168952942,0.12960000336170197,2.777777671813965,6.063785076141357,154.8000030517578,2.277777671813965,1225.0,12.600000381469727,15050.0,184900.0,0.49714285135269165,12.285714149475098,0.8500000238418579,0.9411764740943909,0.1666666716337204,0.32967033982276917,0.07692307978868484,40.586,35
-0.06613384363868816,-0.05519385505096669,-0.2075012430592796,0.05508541964828103,0.2338121288672107,0.021921980943679104,2.532024387954559,0.24844647896282962,-0.19108219980256025,0.03870893654712648,-0.0356110253840413,0.0,0.024718092259935296,0.015199976555954425,0.17449206053259608,0.1601576949793752,0.17268823861300897,-0.3648485415139787,0.0924649360411812,0.180071751823934,0.2558598157420822,0.002823712353269417,0.2268400558409929,0.19640297597531325,0.39528435795833544,0.11087197347105651,-0.0013388536936476657,0.02762786859213022,-0.5028969738059642,-0.5187456094843312,35.0,58.0,42.0,430.0,0.36000001430511475,0.800000011920929,45.099998474121094,180.0,154.8000030517578,291.30792236328125,1.3809523582458496,1.0,0.00800000037997961,1.860465168952942,0.12960000336170197,2.777777671813965,6.063785076141357,154.8000030517578,2.277777671813965,1225.0,12.600000381469727,15050.0,184900.0,0.49714285135269165,12.285714149475098,0.8500000238418579,0.8888888955116272,0.3333333432674408,0.32967033982276917,0.06410256773233414,50.166,35
-0.01950236282547615,-0.030266966670164284,-0.06665835996516184,0.15696072983836326,0.27517288869032686,-0.04512154724948858,-8.750940532262707,0.12172557091646208,0.052723533511546565,0.28083070564815044,-0.07806346843576811,0.0,-0.036266729281593,-0.09313641486803638,0.26095113512079227,0.038519193819524254,-0.07229194753016772,-0.06736943503550741,0.0002218166320455189,0.3089954270501659,0.9164595269005897,0.18643800993907877,0.4502881842794765,-0.17552698999048388,0.346681666967369,0.09843837435372267,-0.5072258891376854,-0.007193893041033619,-0.29336042959350556,-0.7492586105907915,35.0,58.0,42.0,440.0,0.3700000047683716,0.800000011920929,31.200000762939453,160.0,162.8000030517578,302.4825439453125,1.3809523582458496,1.0,0.00800000037997961,1.8181818723678589,0.13689999282360077,2.702702760696411,6.086774826049805,162.8000030517578,2.202702760696411,1225.0,12.949999809265137,15400.0,193600.0,0.510952353477478,12.571428298950195,0.8360655903816223,0.90625,0.25,0.3144424259662628,0.06032906845211983,38.817,35
-0.09729166620927196,0.005042654362652847,-0.1686023009604,0.004337149048957062,0.27787055787008136,-0.05307908871000524,0.9344621392277485,0.3135274001954599,-0.016693955477047155,0.17133127750927732,-0.11274239064741022,0.0,0.040550808588408815,-0.012163338255110916,0.37041923962537493,0.16962202472865442,-0.06768828913166555,-0.2581614950152843,-0.021479209710363587,0.19409175989317792,0.2678873985759984,0.01671968307231842,0.2546647123892406,0.1378246171151321,0.04790055403046869,0.07292493666613964,-0.21017131641730566,-0.08151172699714135,-0.4466860178767689,-0.3768023332218744,35.0,58.0,42.0,440.0,0.36000001430511475,0.75,45.400001525878906,160.0,158.39999389648438,298.0825500488281,1.3809523582458496,1.0,0.007499999832361937,1.704545497894287,0.12960000336170197,2.777777671813965,6.086774826049805,158.39999389648438,2.277777671813965,1225.0,12.600000381469727,15400.0,193600.0,0.49714285135269165,12.571428298950195,0.8500000238418579,0.875,0.3333333432674408,0.325411319732666,0.07129798829555511,52.863,35
0.0033027231317896946,-0.1672050297044914,-0.028779624492523394,0.07274250494724005,0.19548491843769736,-0.03860492623200086,0.8409798211807559,-0.0011985375062304564,-0.15937545034709388,-0.07142698781976131,-0.05528762106193025,0.0,-0.04749432755252861,0.015562478844596715,0.16182864845897799,0.07607455296269044,-0.03876544073834438,-0.1854080762667103,-0.01885397432347938,0.26336296628181416,0.13260996618399026,0.028317508591599042,0.2899659133637889,-0.05395232035957006,0.3972468317831505,-0.02769601355797837,-0.2247422976328534,-0.0743821587237106,0.2664334912221569,-0.46225706430733965,35.0,58.0,42.0,430.0,0.36000001430511475,0.8500000238418579,41.599998474121094,165.0,154.8000030517578,291.30792236328125,1.3809523582458496,1.0,0.008500000461935997,1.9767441749572754,0.12960000336170197,2.777777671813965,6.063785076141357,154.8000030517578,2.277777671813965,1225.0,12.600000381469727,15050.0,184900.0,0.49714285135269165,12.285714149475098,0.8500000238418579,0.939393937587738,0.1666666716337204,0.20109689235687256,0.06032906845211983,51.155,35
0.004832410362058771,-0.14261434367394277,-0.06911131078602384,0.10268186340932406,0.19624292862597653,-0.04241183197653927,1.4489726190102736,0.21682887681552365,-0.04588222335092956,-0.08890567214317834,-0.055234666986985266,0.0,-0.05955429456820464,0.05632384046562176,0.14347905616705153,0.1449423471705277,-0.027031470581569635,0.03935435569170679,0.18958329742851912,0.1434355617008829,0.13155300936391245,0.030035179184957617,0.2883613192357826,0.2896457116341774,0.37035348825950326,-0.039145375931402465,-0.26695969545764314,-0.035754934951687314,0.2801779321720817,-0.28135673072192047,35.0,58.0,42.0,430.0,0.3499999940395355,0.8500000238418579,43.69900131225586,155.0,150.5,287.0079345703125,1.3809523582458496,1.0,0.008500000461935997,1.9767441749572754,0.12250000238418579,2.857142925262451,6.063785076141357,150.5,2.357142925262451,1225.0,12.25,15050.0,184900.0,0.4833333194255829,12.285714149475098,0.8644067645072937,0.9032257795333862,0.25,0.20109689235687256,0.0786106064915657,50.744,35
-0.0541375369847472,-0.023249674684509464,-0.2209763814723795,0.04894612816523599,0.3037879243890055,0.05107050667318335,3.276103447519118,0.20847556370856662,0.05480688491354045,0.08718834619060949,-0.13767176223083027,0.0,0.07360541035240775,0.27671604491831564,0.2629712482712788,0.09368390521547564,0.11652830890192939,0.2878261921596201,0.18673462537523672,0.1471090671714191,-0.05169899211037487,0.09046284175521796,0.246979951381585,0.2024900070886226,0.07717233890731413,0.22864004987145573,-0.15931809335398436,0.012013313260976266,-0.35487547111344975,0.2042203109116385,35.0,58.0,42.0,430.0,0.3400000035762787,0.7799999713897705,46.42499923706055,165.0,146.1999969482422,282.70794677734375,1.3809523582458496,1.0,0.007799999788403511,1.8139535188674927,0.11559999734163284,2.941176414489746,6.063785076141357,146.1999969482422,2.441176414489746,1225.0,11.899999618530273,15050.0,184900.0,0.4695238173007965,12.285714149475098,0.8793103694915771,0.9090909361839294,0.25,0.10256410390138626,0.06593406945466995,47.189,35
-0.0791222847602445,-0.05312114567708976,-0.23281450344699234,0.12884763226656393,0.11682432190171171,0.11268243212091662,0.8181999117311746,0.17789617600698668,0.06097832281387044,-0.12158387577641439,-0.061426204251514745,0.0,-0.06719072685517177,-0.016134465510053146,0.21700120705684256,0.1171965141401452,-0.0031083485569149225,0.05162206631978158,0.16093720280825455,0.29506990350843576,-0.2298984451565848,0.07309750747206467,0.26836729516166663,0.1385817822682921,0.15541106678904534,0.17145357857899507,-0.5706744187945549,-0.13887423193600923,0.252411404136187,-0.675101467999012,35.0,58.0,42.0,430.0,0.3400000035762787,0.7799999713897705,41.2859992980957,175.0,146.1999969482422,282.70794677734375,1.3809523582458496,1.0,0.007799999788403511,1.8139535188674927,0.11559999734163284,2.941176414489746,6.063785076141357,146.1999969482422,2.441176414489746,1225.0,11.899999618530273,15050.0,184900.0,0.4695238173007965,12.285714149475098,0.8793103694915771,0.9142857193946838,0.25,0.21978022158145905,0.06776557117700577,52.822,35
-0.11310927265709082,-0.02283425718290455,-0.15271651057652988,0.05056172642726532,0.2671190500880423,-0.038152123171697964,5.789481306859125,0.16006992498082132,-0.03707851679663694,-0.038324044794584976,-0.16550944072610727,0.0,-0.1372157085107807,0.18993451948516227,0.30718485714655897,0.1648138236861289,0.027074647073287966,-0.24422219820430732,0.19191912294071117,0.11249136019475826,-0.18408128404278207,-0.03464977370060672,0.2845138986830112,-0.22807328895563977,0.10314961418885568,0.08865789596367073,-0.40181471331344876,-0.18652213684350846,-1.1908353676759753,-0.38322553801185644,35.0,58.0,42.0,430.0,0.3499999940395355,0.7599999904632568,48.03333282470703,175.0,150.5,287.0079345703125,1.3809523582458496,1.0,0.007600000128149986,1.7674418687820435,0.12250000238418579,2.857142925262451,6.063785076141357,150.5,2.357142925262451,1225.0,12.25,15050.0,184900.0,0.4833333194255829,12.285714149475098,0.8644067645072937,0.9142857193946838,0.25,0.09506398439407349,0.13711151480674744,53.64,35
0.003242132129379575,-0.13919535551160245,-0.13636570225771158,0.07256184217061681,0.12490082138528137,-0.11605228358950807,5.053439895028852,0.2520649496985076,-0.10885792844050317,-0.13955432817391122,-0.05667541088320259,0.0,-0.16732317003847078,-0.10483320750848728,0.16887934068894803,0.12469740360071761,-0.018901919773560788,0.01923952508906814,0.17110433485781087,0.1591318446258428,0.26796983520657736,0.016466638043259638,0.2924799939350462,-0.016045856363316284,0.3068619774914892,-0.05544094238863738,-0.20107388094972165,-0.0628732173193195,-0.4932434321346838,-0.18705835636732093,35.0,58.0,42.0,430.0,0.3499999940395355,0.7599999904632568,47.13333511352539,165.0,150.5,287.0079345703125,1.3809523582458496,1.0,0.007600000128149986,1.7674418687820435,0.12250000238418579,2.857142925262451,6.063785076141357,150.5,2.357142925262451,1225.0,12.25,15050.0,184900.0,0.4833333194255829,12.285714149475098,0.8644067645072937,0.939393937587738,0.1666666716337204,0.09689214080572128,0.06032906845211983,51.02,35
-0.10391854046374466,-0.06259561065462461,-0.1931149956102271,0.09720242323619804,0.07090715693210939,-0.004470951257056253,1.3733776036589642,-0.09638412483970016,0.008000539332778143,-0.16880422283765714,-0.03017940756734294,0.0,-0.1959000574065112,0.22073453802290818,0.2821118437322251,0.024446487367599287,0.0655566332861186,0.051037424151372905,0.18745985265541326,0.30763191849617877,-0.14102168583293417,0.08260879431166546,0.3255656376440073,0.2506236233694762,0.22208261982811062,0.19388641996092595,-0.16033998194188492,-0.1318578808428298,-0.48647261225086746,1.1090242069312621,35.0,58.0,42.0,430.0,0.3499999940395355,0.7599999904632568,41.28099822998047,200.0,150.5,287.0079345703125,1.3809523582458496,1.0,0.007600000128149986,1.7674418687820435,0.12250000238418579,2.857142925262451,6.063785076141357,150.5,2.357142925262451,1225.0,12.25,15050.0,184900.0,0.4833333194255829,12.285714149475098,0.8644067645072937,0.800000011920929,0.6666666865348816,0.09340659528970718,0.31501832604408264,49.25,35
-0.030318664590387838,-0.09093286033064343,-0.2911650463490999,0.12454356219199025,0.10218982381230937,-0.01635456987529014,6.076341010615496,0.5573441549646029,-0.010099614096769629,-0.11262378628977171,-0.06199345866928208,0.0,0.022230529392148778,0.23820350312146837,0.33820831417189073,0.010126567928615327,0.03393072781296144,0.06773504603647586,0.13756506498955554,0.35818462938464735,-0.17950737661648297,0.06490671806499416,0.26931105869541844,-0.10208891401249875,0.3206969134080707,0.1041890295305121,0.4672252151643692,0.2706307637613674,-0.5016676871294564,0.7174903044307884,35.0,58.0,42.0,430.0,0.3499999940395355,0.7599999904632568,48.15599822998047,155.0,150.5,287.0079345703125,1.3809523582458496,1.0,0.007600000128149986,1.7674418687820435,0.12250000238418579,2.857142925262451,6.063785076141357,150.5,2.357142925262451,1225.0,12.25,15050.0,184900.0,0.4833333194255829,12.285714149475098,0.8644067645072937,0.4193548262119293,1.5,0.09340659528970718,0.012820512987673283,54.23,35
0.07569417002268984,-0.1751316032165458,-0.1840245588129653,0.10920062567815887,0.16593455171899318,0.0159068379405963,9.40996153301805,0.41035717417501233,-0.09677456894534943,0.09334341112377885,-0.059652456628159246,0.0,-0.00044931555655091835,0.10292225218180062,0.1981434842694375,0.14387099133497241,-0.02902564098170508,-0.08032201595101239,0.19933187669103022,0.15866269677588213,0.2947179176686161,0.10753426757609506,0.36335779718708644,-0.0827556623120662,0.5849009757038599,-0.013484478727738001,-0.23768965376917775,0.05001796696119657,0.4197901732250091,-0.34600012197138236,35.0,58.0,42.0,430.0,0.3499999940395355,0.7699999809265137,54.54100036621094,175.0,150.5,287.0079345703125,1.3809523582458496,1.0,0.007699999958276749,1.790697693824768,0.12250000238418579,2.857142925262451,6.063785076141357,150.5,2.357142925262451,1225.0,12.25,15050.0,184900.0,0.4833333194255829,12.285714149475098,0.8644067645072937,0.9028571248054504,0.28333333134651184,0.20109689235687256,0.14259597659111023,64.94,35
-0.06282066658228488,-0.0518726834827672,-0.19884958982144393,0.08812786651187737,0.21167430197217424,0.1767912245076294,9.922677072748158,0.5753736931428791,0.18031159555556145,0.05384705979569059,-0.05385100208994423,0.0,0.2832463042641946,0.14960801960301442,0.19581374681728467,0.14422990147370188,0.0792891102333415,0.44227603168007895,0.30153856680731544,0.11985693553357096,-0.08024029484791062,0.0056091220153262405,0.31276540792440116,0.39390189636471146,0.7353520646659877,0.14355040348076673,-0.4547211072060382,-0.19994894983811673,-0.08676067509947277,-0.3187013600559295,35.0,58.0,42.0,430.0,0.3400000035762787,0.7900000214576721,55.38100051879883,170.0,146.1999969482422,282.70794677734375,1.3809523582458496,1.0,0.007899999618530273,1.8372093439102173,0.11559999734163284,2.941176414489746,6.063785076141357,146.1999969482422,2.441176414489746,1225.0,11.899999618530273,15050.0,184900.0,0.4695238173007965,12.285714149475098,0.8793103694915771,0.7411764860153198,0.7333333492279053,0.32967033982276917,0.14652015268802643,62.49,35
-0.059606451799069815,-0.038549636443694434,-0.30934316629611147,0.10061471936072097,0.2657578053804182,0.14759987428072005,6.7708763226334305,0.5317827396121333,0.22162863871991598,-0.007583186634460557,-0.14136664346950656,0.0,0.1107753314430765,0.4553230925181543,0.2667373717483561,0.16097973682197303,0.11905475660022716,0.24661886581509404,0.12666138112409597,0.033041770786794,-0.015066525303977066,0.15390070472334735,0.2267619106379207,0.011850385927526212,0.19302905141474788,0.2503235361198883,-0.26206605220144685,-0.17153262939667957,-0.7747176554465818,-0.9631241550155331,35.0,58.0,42.0,430.0,0.3400000035762787,0.7900000214576721,52.03200149536133,160.0,146.1999969482422,282.70794677734375,1.3809523582458496,1.0,0.007899999618530273,1.8372093439102173,0.11559999734163284,2.941176414489746,6.063785076141357,146.1999969482422,2.441176414489746,1225.0,11.899999618530273,15050.0,184900.0,0.4695238173007965,12.285714149475098,0.8793103694915771,0.800000011920929,0.5333333611488342,0.31501832604408264,0.010989011265337467,61.71,35
-0.11498350180426195,-0.00251792360973026,-0.15403630114187405,0.03883843373389381,0.32494183108219593,0.12376895695876368,11.184881232333565,0.6264547626763382,0.013922287380006277,-0.21923541605901992,-0.1297312601688586,0.0,0.30579504626068355,0.34118423040146273,0.32644765553264454,0.12217253219368296,0.02612003184825061,0.20679725133086221,0.23591434453197835,0.12008369930199944,-0.14280929560050865,0.10655926910438886,0.3235279833273804,0.03106811593592297,0.3070563742861969,0.05854425729981049,0.7601070668242886,0.27066609712836964,-0.6617227752509832,-0.3034770823224383,35.0,58.0,42.0,430.0,0.3400000035762787,0.800000011920929,58.66999816894531,165.0,146.1999969482422,282.70794677734375,1.3809523582458496,1.0,0.00800000037997961,1.860465168952942,0.11559999734163284,2.941176414489746,6.063785076141357,146.1999969482422,2.441176414489746,1225.0,11.899999618530273,15050.0,184900.0,0.4695238173007965,12.285714149475098,0.8793103694915771,0.35151514410972595,1.7833333015441895,0.045703839510679245,0.13711151480674744,61.98,35
0.03143971719371312,-0.12432384262052694,-0.06023552988387944,0.1080206633329357,0.16529075233000518,-0.03601086681217155,6.960859199459455,0.6122479426363573,0.18849693168538534,-0.03592530194063005,-0.0017892594953531106,0.0,-0.06850475089049529,0.034434497753079794,0.3047405685863509,0.15228401569454358,-0.024624373701478488,0.16945215493687524,0.2530155596967414,0.1686571137893321,-0.0358922068824031,-0.01755039233643005,0.4173525905157655,0.07296970907388295,0.45713938583757846,0.037074629440216986,-0.21643846867460126,-0.05058544020683072,-0.15376136131158433,-0.07510958354547292,35.0,58.0,42.0,430.0,0.3400000035762787,0.8339999914169312,51.56999969482422,165.0,146.1999969482422,282.70794677734375,1.3809523582458496,1.0,0.008340000174939632,1.9395349025726318,0.11559999734163284,2.941176414489746,6.063785076141357,146.1999969482422,2.441176414489746,1225.0,11.899999618530273,15050.0,184900.0,0.4695238173007965,12.285714149475098,0.8793103694915771,0.3757575750350952,1.7166666984558105,0.04936014488339424,0.06032906845211983,58.43,35
0.030690545824665443,-0.04335658130372006,-0.05609235149233774,0.10266602073683076,0.1489161294716665,-0.045761978645696824,5.220653119284702,0.4449705797379233,0.11006619925175087,-0.000655613091325193,-0.02223445526794262,0.0,-0.05807633528934157,0.03271800649692625,0.3034937765873685,0.16644801519614255,0.03897549462032658,0.15724529741761617,0.26567547551687626,0.18167309550085797,-0.10531635788745086,-0.005177495117263557,0.32053305205881377,-0.1126364112760589,0.37765002414430754,0.04093749268652031,-0.2829772757411147,-0.0089009769367118,-0.4609298418640307,-0.35839238431705145,35.0,58.0,42.0,430.0,0.3400000035762787,0.8199999928474426,50.25,169.0,146.1999969482422,282.70794677734375,1.3809523582458496,1.0,0.008200000040233135,1.9069766998291016,0.11559999734163284,2.941176414489746,6.063785076141357,146.1999969482422,2.441176414489746,1225.0,11.899999618530273,15050.0,184900.0,0.4695238173007965,12.285714149475098,0.8793103694915771,0.7633135914802551,0.6666666865348816,0.04936014488339424,0.0786106064915657,58.43,35
0.035400699823627174,-0.11519258404282315,0.0020576734623014314,0.15329900095704022,0.1741852771951785,0.05787190276385717,6.611070568136858,0.49928657730769777,0.356502852371006,0.05388582426358215,-0.018926615844621634,0.0,0.03953602194923915,0.015213080199385757,0.3007303926793715,0.19638931444620264,-0.002952408937412407,0.2056433646297047,0.3519756907699251,0.16724917622038027,-0.040918961835759625,0.06869416169040675,0.37091986497261653,0.1291278766516764,0.530451080139062,0.1114034572476646,-0.03869492448060569,4.4084996453692325e-05,0.12125749163635921,-0.27983086855701617,35.0,58.0,42.0,430.0,0.3400000035762787,0.8500000238418579,50.7400016784668,165.0,146.1999969482422,282.70794677734375,1.3809523582458496,1.0,0.008500000461935997,1.9767441749572754,0.11559999734163284,2.941176414489746,6.063785076141357,146.1999969482422,2.441176414489746,1225.0,11.899999618530273,15050.0,184900.0,0.4695238173007965,12.285714149475098,0.8793103694915771,0.9272727370262146,0.20000000298023224,0.3144424259662628,0.0786106064915657,59.11,35
-0.0814527900717371,-0.04126006215407621,-0.3003436902206504,0.09569100500794085,0.14428905835988726,0.03827579361746699,0.9084824577399989,-0.04510736287195005,0.13999516169977583,-0.1100280335569836,-0.05851055435120134,0.0,-0.011698385474646328,0.22814306936175424,0.25980683679828803,0.09265083537694746,-0.06164072887577361,0.1471283310579123,0.1523445149337158,0.2822067697847211,-0.2526623262784682,0.07078229061230826,0.21943230826766041,0.23601637487015398,0.1858726728669983,0.11744367050746474,0.3230946657250411,0.2256046206329911,-0.6518481808103282,-0.7669672823873417,35.0,58.0,42.0,430.0,0.3400000035762787,0.8299999833106995,44.41999816894531,185.0,146.1999969482422,282.70794677734375,1.3809523582458496,1.0,0.008299999870359898,1.9302325248718262,0.11559999734163284,2.941176414489746,6.063785076141357,146.1999969482422,2.441176414489746,1225.0,11.899999618530273,15050.0,184900.0,0.4695238173007965,12.285714149475098,0.8793103694915771,1.0,0.0,0.311355322599411,0.06776557117700577,56.76,35
-0.062141707364341645,-0.0033487963686481045,-0.1351391514074251,0.0712291469314293,0.27371739703614134,-0.06657292721470662,10.20575665741485,0.854244868728628,0.014615691908809106,-0.16260908396802112,-0.09928625238398692,0.0,-0.12880903367077012,-0.07695812545800192,0.28915160939062423,0.12786373891953803,0.045698853971796446,0.22039228037661562,0.23072303286127183,0.14850496160579685,-0.06275096596824517,0.15232407146681232,0.3844786794930237,-0.019565927512756813,0.5447236223318572,0.0591548546219125,-0.3494003161815719,-0.3424707906874959,0.5393531225769521,-0.3863302801757687,35.0,58.0,42.0,430.0,0.3400000035762787,0.8999999761581421,53.869998931884766,175.0,146.1999969482422,282.70794677734375,1.3809523582458496,1.0,0.008999999612569809,2.0930233001708984,0.11559999734163284,2.941176414489746,6.063785076141357,146.1999969482422,2.441176414489746,1225.0,11.899999618530273,15050.0,184900.0,0.4695238173007965,12.285714149475098,0.8793103694915771,0.7428571581840515,0.75,0.20658135414123535,0.07129798829555511,58.45,35
0.004432705760762248,-0.023817139869611998,0.11225800799641807,0.06396413937261716,0.26816382327745114,0.090807348465778,0.21714315013359148,0.11183224512911279,0.3117312951064062,-0.016806481557947943,0.0011683383074934455,0.0,0.04157682988087249,0.0552826204249322,0.3346403155119958,0.2373401098888711,-0.026509628995925766,0.30522457525490415,0.23544768663043666,0.1818548992536893,0.07789471320662529,0.038998009730209726,0.3867438730008112,1.0987311322608793,0.4516433574297127,0.12023447515823342,0.44668322896030155,0.04088782010246059,-0.11220134512300581,-0.7471323275358434,35.0,58.0,42.0,430.0,0.3400000035762787,0.8299999833106995,41.119998931884766,165.0,146.1999969482422,282.70794677734375,1.3809523582458496,1.0,0.008299999870359898,1.9302325248718262,0.11559999734163284,2.941176414489746,6.063785076141357,146.1999969482422,2.441176414489746,1225.0,11.899999618530273,15050.0,184900.0,0.4695238173007965,12.285714149475098,0.8793103694915771,1.0181818008422852,-0.05000000074505806,0.3144424259662628,0.01279707532376051,49.72,35
-0.07260092804511488,-0.09697918306979919,-0.1861089319533828,0.12349108893147992,0.33523528390241275,-0.07810087254630518,-6.948853660571869,-0.6822770752947909,-0.09404587471239151,0.06715486550695704,-0.07059696950344899,0.0,-0.10489287145396956,-0.14616428508763557,0.2402920743248017,0.15515957225920948,0.36799385811979923,-0.035518561549751894,0.1876368190182755,0.28637430039543743,0.11646097013217707,-0.01298233470672852,0.3095382907028234,0.007488380135942536,0.17682275390037444,0.10712910062901232,-0.4627496605056446,-0.17346230576003452,-0.4394550992671112,-0.34829898569866297,35.0,58.0,42.0,420.0,0.36000001430511475,0.8999999761581421,31.56999969482422,230.0,151.1999969482422,284.5333251953125,1.3809523582458496,1.0,0.008999999612569809,2.142857074737549,0.12960000336170197,2.777777671813965,6.040254592895508,151.1999969482422,2.277777671813965,1225.0,12.600000381469727,14700.0,176400.0,0.49714285135269165,12.0,0.8500000238418579,0.9347826242446899,0.25,0.08974359184503555,0.021978022530674934,49.72,35
-0.07225458555037843,-0.1257961647693647,-0.138793875991074,-0.03033002311264763,0.5824255462139932,0.09351162379181281,-5.977122489983572,0.27025578246135534,0.1701909036438226,0.0862031227000164,-0.09939546966509487,0.0,-0.08036873497829321,0.27112541232623233,0.374424836678289,0.21833968599813444,0.2155791412062781,0.1679249145234617,0.3975013753393499,0.30581686146379966,-0.04572074589938063,0.0391457384790356,0.35738783909297933,0.44978665009245633,0.04167408565791269,0.29141810658829653,-0.04224011257268335,0.1638686676514406,-0.1385253717001774,-0.23149408572751715,35.0,58.0,42.0,440.0,0.3400000035762787,0.8500000238418579,30.25,225.0,149.60000610351562,289.28253173828125,1.3809523582458496,1.0,0.008500000461935997,1.9318181276321411,0.11559999734163284,2.941176414489746,6.086774826049805,149.60000610351562,2.441176414489746,1225.0,11.899999618530273,15400.0,193600.0,0.4695238173007965,12.571428298950195,0.8793103694915771,0.8444444537162781,0.5833333134651184,0.32967033982276917,0.021978022530674934,38.17,35
-0.023080075461397634,-0.08235414800821574,-0.33415222221470636,0.09787646897324215,0.2579012667523188,0.1513602710135971,5.836530130600631,-1.1492607078563777,0.01430681593042809,-0.23209273986182313,-0.04387240512855005,0.0,0.2614119224340643,0.33427230891648446,0.28441739224478657,0.13193099851297124,0.003463173255936524,0.10818116157206419,0.1628089663185232,0.3519716847835552,-0.26542904803885337,0.16128899393220378,0.31328287723098286,-0.056345375376675194,0.037506856967412,0.1645508180905978,-0.04410659200683892,0.0032448987704504447,-0.6033980220404797,-0.5574981061291766,35.0,58.0,42.0,440.0,0.3400000035762787,0.800000011920929,50.7400016784668,205.0,149.60000610351562,289.28253173828125,1.3809523582458496,1.0,0.00800000037997961,1.8181818723678589,0.11559999734163284,2.941176414489746,6.086774826049805,149.60000610351562,2.441176414489746,1225.0,11.899999618530273,15400.0,193600.0,0.4695238173007965,12.571428298950195,0.8793103694915771,0.4878048896789551,1.75,0.311355322599411,0.018315019086003304,51.2,35
-0.06305411472031926,-0.18408923979495248,-0.09302420659300452,0.13029282809559714,0.19553657525262272,-0.029748636285226934,-6.925721324810944,-0.6411939491773258,-0.2872688589230656,-0.23046326838275105,-0.07979727673645873,0.0,-0.05716624111481457,-0.14558733829455228,0.2149552954176358,0.12658799095576098,-0.09351767690664327,-0.14332472669983448,0.06790874126086231,0.2880074811462201,0.23014513902416672,-0.08463606587683681,0.3241358766706137,-0.38756813873856816,0.14575753734099745,0.014313070258878196,-0.8279018447267582,-0.36398192272875673,-0.11511755125220474,-0.41510984672692963,35.0,58.0,42.0,440.0,0.3499999940395355,0.8999999761581421,34.41999816894531,210.0,154.0,293.6825256347656,1.3809523582458496,1.0,0.008999999612569809,2.045454502105713,0.12250000238418579,2.857142925262451,6.086774826049805,154.0,2.357142925262451,1225.0,12.25,15400.0,193600.0,0.4833333194255829,12.571428298950195,0.8644067645072937,0.9523809552192688,0.1666666716337204,0.20109689235687256,0.21206581592559814,38.82,35
-0.046009545833528155,-0.10196854534502926,-0.15373957796265,0.06569839671956455,0.13043258931718832,-0.11119684456995096,5.231434659285685,-0.43030663508273737,-0.0651383502131717,-0.02113019536813498,-0.03096441734771582,0.0,-0.11072643562428774,0.11133740237095487,0.13341219905346632,0.09653834609058218,0.04000297007810944,0.013177309846193197,0.27698404393844356,0.10350828875196813,-0.15265286496417924,-0.25266173671731107,0.17058326860698114,0.05838301640252066,0.08608565405719869,0.055347744007759415,-0.061903215538430506,-0.16228217510673815,0.4456015954594968,-0.6458266543008776,35.0,58.0,42.0,440.0,0.3400000035762787,0.8999999761581421,49.77000045776367,195.0,149.60000610351562,289.28253173828125,1.3809523582458496,1.0,0.008999999612569809,2.045454502105713,0.11559999734163284,2.941176414489746,6.086774826049805,149.60000610351562,2.441176414489746,1225.0,11.899999618530273,15400.0,193600.0,0.4695238173007965,12.571428298950195,0.8793103694915771,0.8461538553237915,0.5,0.19780220091342926,0.21794871985912323,55.23,35
-0.039239892624340716,-0.07491835396695458,-0.28836245475179434,0.12970124973558617,0.0913822225632006,-0.07625671940734727,5.323127392053917,-0.18210037170175178,-0.2301270188980825,-0.09725441473760371,-0.28377625068427725,0.0,-0.12435217720174184,-0.12717983251322346,0.3124370503422253,0.09645778662212101,0.19750945960825445,-0.3354026026602178,0.07013228312378753,0.23735337596760625,-0.0820209767966689,0.060603323877080874,0.19488210586811927,-0.12327049902868553,0.16298200388598186,0.2209792205223227,0.1376728718639205,-0.03430179737541781,-0.40181735972426663,-0.4829885325966218,35.0,58.0,42.0,440.0,0.3499999940395355,0.8999999761581421,50.7400016784668,205.0,154.0,293.6825256347656,1.3809523582458496,1.0,0.008999999612569809,2.045454502105713,0.12250000238418579,2.857142925262451,6.086774826049805,154.0,2.357142925262451,1225.0,12.25,15400.0,193600.0,0.4833333194255829,12.571428298950195,0.8644067645072937,0.9268292784690857,0.25,0.31501832604408264,0.0714285746216774,51.2,35
-0.0838457946012942,-0.03598770116600949,-0.10470524238746992,0.01297624534402403,0.30151329368366586,0.13345496197962192,-6.17016790748496,0.16489484341379498,-0.1448831946578778,-0.10436836575437598,-0.04800124867430063,0.0,-0.05805965594234864,-0.046842992122207223,0.14549258744330512,0.048768951192058305,0.05880691876909328,-0.20674264790749652,0.2924128509429414,0.21172699408205456,0.25833075011655526,-0.11029510150895626,0.26615756280153574,0.009181446068269651,-0.15519331624337857,0.10199111862422565,0.25428786664618297,0.3923746018056662,0.2711122688171483,-0.2266023363183683,35.0,58.0,42.0,440.0,0.3499999940395355,0.8500000238418579,34.41999816894531,210.0,154.0,293.6825256347656,1.3809523582458496,1.0,0.008500000461935997,1.9318181276321411,0.12250000238418579,2.857142925262451,6.086774826049805,154.0,2.357142925262451,1225.0,12.25,15400.0,193600.0,0.4833333194255829,12.571428298950195,0.8644067645072937,1.0,0.0,0.19780220091342926,0.06410256773233414,38.82,35
-0.07735540895265541,0.01477430506083845,-0.16382923943681055,-0.029845265126033693,0.27748255878643974,0.014518370443229256,2.036631141713167,0.3205578224490847,0.09746343919842244,0.012643695794967366,-0.08048136023702714,0.0,0.03698235139616098,0.20884386968024948,0.41567988881595064,0.1370012571668232,-0.057447875574237486,0.33207148274923654,0.13651632445675502,0.10321329134334077,-0.1724623703235384,-0.08384551598700048,0.2690997402908937,0.17130430638443392,0.10819864676320666,0.06370218560257629,-0.34675416859504815,-0.19244510561547196,-0.4377568925962295,-0.34049456544819967,35.0,58.0,42.0,435.0,0.33000001311302185,0.8500000238418579,45.75,190.0,143.5500030517578,281.6452331542969,1.3809523582458496,1.0,0.008500000461935997,1.954023003578186,0.10890000313520432,3.0303030014038086,6.075345993041992,143.5500030517578,2.5303030014038086,1225.0,11.550000190734863,15225.0,189225.0,0.45571428537368774,12.428571701049805,0.8947368264198303,0.8421052694320679,0.5,0.325411319732666,0.06581352651119232,48.21,35
-0.04934949650562587,-0.08860740217037266,-0.12656270134274034,0.029063886036727327,0.24954866074898852,-0.021455187049987633,10.66835443985217,0.008082770996892738,0.13075339449114784,0.08178808605797497,-0.031453820933914314,0.0,-0.04845155050441405,-0.09154119728645614,0.08792458154032892,0.13531196426055947,0.07898886695143445,0.362047059165836,0.3029707771859174,0.12526762895182714,-0.13453184752759684,-0.07008523536064655,0.21735884363666627,0.19566740347280587,0.2905931328929346,0.10105760605777786,0.03316443490588036,0.14242441767871755,-0.36226196058512494,-0.583367907980255,35.0,58.0,42.0,435.0,0.3400000035762787,0.8999999761581421,57.59000015258789,190.0,147.89999389648438,285.9952392578125,1.3809523582458496,1.0,0.008999999612569809,2.068965435028076,0.11559999734163284,2.941176414489746,6.075345993041992,147.89999389648438,2.441176414489746,1225.0,11.899999618530273,15225.0,189225.0,0.4695238173007965,12.428571701049805,0.8793103694915771,0.8947368264198303,0.3333333432674408,0.08974359184503555,0.21794871985912323,61.53,35
-0.020315241751861182,-0.07942391899767087,-0.2736168429139999,0.13403924684326968,0.19358152111445415,-0.051442528265121704,5.397709869207034,-0.2158934967923624,0.20265620880277638,-0.06890870068226605,-0.035587022408403064,0.0,-0.08159954490086119,0.1155636515708048,0.287204573852291,0.08716949790302839,0.031833813289009014,0.18952468597752076,0.08751022868948281,0.28559704456870766,-0.21553886699061403,0.13487172511267767,0.2278141599505525,0.21051855722621937,0.32097764250561445,0.05577235813097008,-0.31040075612435863,-0.17913579086274248,0.2420375327142606,-0.633422649633305,35.0,58.0,42.0,435.0,0.3400000035762787,0.8999999761581421,48.09000015258789,195.0,147.89999389648438,285.9952392578125,1.3809523582458496,1.0,0.008999999612569809,2.068965435028076,0.11559999734163284,2.941176414489746,6.075345993041992,147.89999389648438,2.441176414489746,1225.0,11.899999618530273,15225.0,189225.0,0.4695238173007965,12.428571701049805,0.8793103694915771,0.8205128312110901,0.5833333134651184,0.16300366818904877,0.21794871985912323,52.65,35
-0.051664284340113414,-0.0888415348501972,-0.1818004981901016,0.03430677331162976,0.296172511252041,-0.02037516383990387,11.04752832614347,0.43080121217298284,0.18186154763772008,0.0589540503380938,-0.05714599760047171,0.0,-0.06947540862836903,-0.10820103378893696,0.12523372144885675,0.1124303422385779,0.06961447543326207,0.2785938124664908,0.2826199862058638,0.13476211516345327,-0.11291392018169033,-0.07869266562221733,0.2005986623092495,0.24746028498967318,0.30266624218544963,0.1062149581123056,0.0075475241588194245,0.020140742466476118,-0.17213731043011413,-0.5811819942740711,35.0,58.0,42.0,435.0,0.3400000035762787,0.8999999761581421,57.59000015258789,170.0,147.89999389648438,285.9952392578125,1.3809523582458496,1.0,0.008999999612569809,2.068965435028076,0.11559999734163284,2.941176414489746,6.075345993041992,147.89999389648438,2.441176414489746,1225.0,11.899999618530273,15225.0,189225.0,0.4695238173007965,12.428571701049805,0.8793103694915771,0.9411764740943909,0.1666666716337204,0.10256410390138626,0.21794871985912323,61.53,35
-0.07110271602280539,-0.07248555065604399,-0.09931748584070249,0.048931676758182094,0.20508808009553117,-0.014767466403686612,-2.217963652448852,0.0040620667158421655,0.06873533329719395,0.010593437244992232,0.010464353256172955,0.0,-0.10982039666687915,0.022002056437933844,0.2509150161953679,0.0354697519559527,0.19855617455218383,0.329903869149723,0.19829074546970138,0.2197130864084208,-0.06585341177173476,0.10543982670547093,0.11198525776225833,0.06712709193156481,0.04368415528341712,0.2385693300993119,0.7627873304412861,0.044155708552587596,0.8237572732639545,-0.3128323561720608,35.0,58.0,42.0,435.0,0.3400000035762787,0.8999999761581421,39.79999923706055,200.0,147.89999389648438,285.9952392578125,1.3809523582458496,1.0,0.008999999612569809,2.068965435028076,0.11559999734163284,2.941176414489746,6.075345993041992,147.89999389648438,2.441176414489746,1225.0,11.899999618530273,15225.0,189225.0,0.4695238173007965,12.428571701049805,0.8793103694915771,0.8500000238418579,0.5,0.02380952425301075,0.21978022158145905,47.2,35
-0.047139345211923304,-0.07704532916674865,-0.0904937666076138,-0.022169531974222594,0.2027163107076266,-0.014084456266001879,1.3319630561073055,-0.1465245915782681,0.19008336357579786,0.06867641314003763,-0.0021731993935799818,0.0,-0.02861085983648694,-0.015222415672127908,0.16246935953644892,0.07691337492640124,0.0891759736531655,0.3832659715772905,0.3164928349598615,0.11421560035259015,-0.0828378207126255,-0.04964543418795212,0.3116929860821184,0.020699805734445093,0.10708417878360717,0.0919377588977597,-0.09574115631292601,-0.009068364603176142,0.629830176214087,-0.07262464502283018,35.0,58.0,42.0,435.0,0.3400000035762787,0.8999999761581421,41.29999923706055,195.0,147.89999389648438,285.9952392578125,1.3809523582458496,1.0,0.008999999612569809,2.068965435028076,0.11559999734163284,2.941176414489746,6.075345993041992,147.89999389648438,2.441176414489746,1225.0,11.899999618530273,15225.0,189225.0,0.4695238173007965,12.428571701049805,0.8793103694915771,0.9487179517745972,0.1666666716337204,0.02380952425301075,0.04212454333901405,52.55,35
-0.01890375504907504,-0.025168213663092635,0.018471063550589722,0.06385573730815408,0.17854997071321768,-0.07759700333412485,2.294115229473258,0.39942223425910484,0.19985511770966086,-0.022171564282847136,-0.006971295055333912,0.0,-0.06724509498446465,0.11970784941120868,0.2685083518550366,0.18469055486809594,-0.03423315180408761,0.26748784208969517,0.2058008137739546,0.14271330319701286,-0.03713543982180593,0.06128841419141519,0.22485075406188976,0.4646653400241723,0.12888078356445418,-0.002118678874863786,0.33334268972624703,0.12515784480322414,-0.0868402925127358,0.004554725958288127,35.0,58.0,42.0,435.0,0.3400000035762787,0.8500000238418579,45.79999923706055,150.0,147.89999389648438,285.9952392578125,1.3809523582458496,1.0,0.008500000461935997,1.954023003578186,0.11559999734163284,2.941176414489746,6.075345993041992,147.89999389648438,2.441176414489746,1225.0,11.899999618530273,15225.0,189225.0,0.4695238173007965,12.428571701049805,0.8793103694915771,1.0666667222976685,-0.1666666716337204,0.04936014488339424,0.04387568682432175,51.95,35
-0.059463057196869444,-0.03224774966773174,-0.14470551238707963,0.0379909897321992,0.1328822362048716,-0.07615693645018808,1.8170778518854724,0.007132897605695292,-0.2603194314967249,-0.0016879101568537769,-0.025780122840702708,0.0,-0.0760449708397034,-0.1648444964621804,0.09354209165957665,0.07213815822917635,0.06817458627102432,-0.2720279191038539,0.20081054883863417,0.10996907428453656,0.20640931027385206,-0.13859872002704474,0.18686571918262496,0.14449575304768641,0.07980969010104606,0.04634177025087023,-0.06352423200856942,0.012196870486251565,-0.15525412321877588,-0.5185186892544101,35.0,58.0,42.0,435.0,0.3499999940395355,0.8999999761581421,44.900001525878906,170.0,152.25,290.3452453613281,1.3809523582458496,1.0,0.008999999612569809,2.068965435028076,0.12250000238418579,2.857142925262451,6.075345993041992,152.25,2.357142925262451,1225.0,12.25,15225.0,189225.0,0.4833333194255829,12.428571701049805,0.8644067645072937,0.970588207244873,0.0833333358168602,0.10256410390138626,0.21794871985912323,48.0,35
-0.08025303243544889,-0.00824601439858896,-0.17540972243336855,-0.02418214035771668,0.2862751753697415,-0.0688622426563614,0.5062474399882597,-0.09522376557213107,-0.20777843682275385,-0.05667409722036302,-0.1490905175969559,0.0,-0.12338663238217046,-0.011320177053760122,0.3669031480878415,0.11830155682229028,-0.07482246322277045,-0.3180819956373473,0.18847522620227206,0.12633018519481082,-0.3119866406472868,-0.054836745360431836,0.30714944587231635,-0.09159500629831602,0.04411918999073304,0.04596894746387752,-0.4725995027060577,0.049014597922815414,-0.9614237405010446,-1.0952494262588373,35.0,58.0,42.0,435.0,0.3499999940395355,0.8999999761581421,44.900001525878906,170.0,152.25,290.3452453613281,1.3809523582458496,1.0,0.008999999612569809,2.068965435028076,0.12250000238418579,2.857142925262451,6.075345993041992,152.25,2.357142925262451,1225.0,12.25,15225.0,189225.0,0.4833333194255829,12.428571701049805,0.8644067645072937,1.0882352590560913,-0.25,0.325411319732666,0.04387568682432175,46.0,35
-0.04592724920484326,-0.014864491961771108,-0.07226572841101825,0.0041989123738766536,0.2860106476453639,0.02290531252285921,1.186658877641512,-0.3825238287562511,0.1481140125358612,0.018012206754043865,-0.0350051820770072,0.0,-0.06597968637950931,0.10063855279296444,0.2890109520456245,0.22183283063625392,0.052273563246092156,0.36879733556811767,0.31031602213107196,0.08942772828627427,-0.1220391971225632,-0.09017439898111525,0.3205582336056932,0.2855997616890658,-0.008079812280100174,0.12199793205405426,0.844230747410431,0.12567592404165281,-0.671988582254748,1.1467368929885755,35.0,58.0,42.0,435.0,0.3400000035762787,0.8500000238418579,40.900001525878906,50.0,147.89999389648438,285.9952392578125,1.3809523582458496,1.0,0.008500000461935997,1.954023003578186,0.11559999734163284,2.941176414489746,6.075345993041992,147.89999389648438,2.441176414489746,1225.0,11.899999618530273,15225.0,189225.0,0.4695238173007965,12.428571701049805,0.8793103694915771,3.700000047683716,-2.25,0.32967033982276917,0.3223443329334259,56.0,35
-0.07802137245492821,-0.06273158980034416,-0.29840982277957656,0.14782795774592317,0.13889850037594287,-0.07015659380715548,1.5873763404009953,0.42531527698822985,0.201191589952732,-0.07447876171795839,-0.10340484891949749,0.0,-0.0919082629598133,0.059708737573156596,0.27178078405003,0.09494680344244377,-0.052318853142695756,0.1269487734967094,0.19223236405653604,0.2844489898076572,-0.28650988187773563,0.08441888398621629,0.25548416402591184,0.28812303296289643,0.2867136565104593,0.14627991333940082,0.6222041919603635,0.4022569221399931,-0.5357031242591578,-0.3382299095339112,35.0,58.0,42.0,435.0,0.3400000035762787,0.8999999761581421,44.0,220.0,147.89999389648438,285.9952392578125,1.3809523582458496,1.0,0.008999999612569809,2.068965435028076,0.11559999734163284,2.941176414489746,6.075345993041992,147.89999389648438,2.441176414489746,1225.0,11.899999618530273,15225.0,189225.0,0.4695238173007965,12.428571701049805,0.8793103694915771,0.9847727417945862,0.05583333224058151,0.311355322599411,0.21794871985912323,57.3,35
-0.06423919625817483,-0.02680090257528743,-0.039192529334001566,0.06646574173092581,0.1856640451710215,-0.21303140470132464,0.402493555794646,-0.1720544859972018,-0.03420120571753323,-0.33618974519184913,-0.031226399675507662,0.0,-0.18356388388437625,-0.11128592503478917,0.21479989184721282,0.18396629499865094,-0.08591392318584132,-0.010885218752920079,0.21508147180096798,0.13442364755006453,-0.08483194625835098,-0.011707612541645752,0.2632780992213986,-0.6766929554085457,0.0411227963051393,0.05715558121407127,-1.6968333853409214,-0.6612079543235193,-0.7181113017627896,-0.3494930879199794,35.0,60.0,40.0,435.0,0.3400000035762787,0.8999999761581421,43.400001525878906,130.0,147.89999389648438,285.9952392578125,1.5,1.0,0.008999999612569809,2.068965435028076,0.11559999734163284,2.941176414489746,6.075345993041992,147.89999389648438,2.441176414489746,1225.0,11.899999618530273,15225.0,189225.0,0.5099999904632568,12.428571701049805,0.8793103694915771,1.2692307233810425,-0.5833333134651184,0.3144424259662628,0.21206581592559814,50.1,35
-0.005233901780994126,0.04382126709194294,0.08585868077792982,0.025840135179677873,0.14480207654892546,-0.056051568962963004,2.5644874169816423,0.10155959496165072,0.10886500223345848,0.027894822401999066,0.014781531670240097,0.0,-0.0510267858519246,-0.0929543190306372,0.10535539535325833,0.13576131471963077,0.06078794646027242,0.371315144344276,0.28813890827835514,0.12212062732015366,-0.08921983599700029,-0.21786951321150738,0.218215816830224,0.148594033093884,0.2223020764750614,0.07641538669734114,0.149555139629974,0.2225737666558215,-0.04599012126624452,-0.33733642815308124,35.0,60.0,40.0,435.0,0.3400000035762787,0.8999999761581421,44.099998474121094,150.0,147.89999389648438,285.9952392578125,1.5,1.0,0.008999999612569809,2.068965435028076,0.11559999734163284,2.941176414489746,6.075345993041992,147.89999389648438,2.441176414489746,1225.0,11.899999618530273,15225.0,189225.0,0.5099999904632568,12.428571701049805,0.8793103694915771,1.0333333015441895,-0.0833333358168602,0.08974359184503555,0.21794871985912323,45.6,35
-0.06476548575841133,-0.04083802922618993,-0.05433814897160652,0.113022882741007,0.174718005993894,-0.04383773695495768,0.36474488115356524,0.08780001004989983,0.08052432426790396,-0.12559582678659928,-0.03144460314298426,0.0,-0.1102471448164385,-0.08662606271266167,0.255376705679278,0.13334892569617038,-0.09932066153367548,0.17103344510954843,0.18504310624052803,0.14019542383564076,-0.022883221498331746,0.0027358360489317265,0.42566929379401547,-0.4888488041966408,0.11713494397767732,-0.0023764267806513566,0.08225672672348074,0.03830546742720022,-0.6177709857425501,-0.37006657369628077,35.0,60.0,40.0,435.0,0.3400000035762787,0.8999999761581421,40.900001525878906,190.0,147.89999389648438,285.9952392578125,1.5,1.0,0.008999999612569809,2.068965435028076,0.11559999734163284,2.941176414489746,6.075345993041992,147.89999389648438,2.441176414489746,1225.0,11.899999618530273,15225.0,189225.0,0.5099999904632568,12.428571701049805,0.8793103694915771,0.9736841917037964,0.0833333358168602,0.09689214080572128,0.21206581592559814,56.0,35
-0.06862507475358795,-0.06215713827188066,-0.013927431208531198,0.10867332069120414,0.1813770119735238,-0.05236270623964267,1.8321493239103779,0.2648218096098029,0.13038832917385804,-0.05598255589397344,-0.05047789364396791,0.0,-0.06959025297205106,-0.030983471416080394,0.24231427417343399,0.13859394125648053,-0.08225012224531036,0.1370740099570033,0.23067230456235724,0.14019542383564076,-0.0311911850048732,-0.023612857748913127,0.2739178343426107,-0.2874006243373239,0.2215993147011716,0.0007228623092337059,0.2713909823913022,0.14281811017536783,0.21022986527679388,-0.027639508589462427,35.0,60.0,40.0,435.0,0.3400000035762787,0.8999999761581421,44.0,165.0,147.89999389648438,285.9952392578125,1.5,1.0,0.008999999612569809,2.068965435028076,0.11559999734163284,2.941176414489746,6.075345993041992,147.89999389648438,2.441176414489746,1225.0,11.899999618530273,15225.0,189225.0,0.5099999904632568,12.428571701049805,0.8793103694915771,0.7878788113594055,0.5833333134651184,0.09689214080572128,0.04387568682432175,57.3,35
-0.05046873032262084,0.05389699154174288,0.03546622769569982,0.08787089707855864,0.2805295054344296,-0.006983520766589228,-4.599426669152166,0.6905154602855639,0.2752059070851309,0.35739959377528874,-0.011482649655423347,0.0,-0.09938008942926353,0.1321174807683722,0.2170945484615001,0.1564268944426262,-0.0012567410380280798,0.18472826556073157,0.16365338209688873,0.28702185437407973,0.6455400370463826,0.1885721155926718,0.35051396889831027,0.12134833322799303,0.5449352137301591,0.08581302025234835,0.328548033924242,0.24637101707434683,0.6062866052845013,-0.2298089396445996,35.0,60.0,40.0,435.0,0.3499999940395355,0.8999999761581421,34.29999923706055,210.0,152.25,290.3452453613281,1.5,1.0,0.008999999612569809,2.068965435028076,0.12250000238418579,2.857142925262451,6.075345993041992,152.25,2.357142925262451,1225.0,12.25,15225.0,189225.0,0.5249999761581421,12.428571701049805,0.8644067645072937,0.8333333134651184,0.5833333134651184,0.09689214080572128,0.21206581592559814,53.1,35
-0.0513002020342276,0.02522213025573482,0.09274287593229723,0.13614040219522153,0.25237192253790985,-0.05695240530786102,-4.34009853525556,-0.11097557565556229,0.1802549898927011,-0.15268724313482282,-0.0076923024189892554,0.0,-0.0673676588802428,0.1119029175855834,0.3070928949413547,0.08021299660084202,0.02359181977029728,0.3207194398907605,0.20146316141494208,0.35528823854809455,-0.20123406746636519,0.014365365329869907,0.37029453439682464,0.05953526272938982,0.31116699355579547,0.1506311682381887,-0.38124327877790093,-0.16728027777209775,-0.03326867584443957,1.1567349718009996,35.0,60.0,40.0,435.0,0.3400000035762787,0.8999999761581421,37.79999923706055,225.0,147.89999389648438,285.9952392578125,1.5,1.0,0.008999999612569809,2.068965435028076,0.11559999734163284,2.941176414489746,6.075345993041992,147.89999389648438,2.441176414489746,1225.0,11.899999618530273,15225.0,189225.0,0.5099999904632568,12.428571701049805,0.8793103694915771,0.8222222328186035,0.6666666865348816,0.311355322599411,0.31501832604408264,44.1,35
-0.051060535631176275,0.008291829693133301,0.04674717251703289,0.12224678903222966,0.16951063431126018,-0.03812607893171113,-1.8353280096301838,-0.2693243460670648,0.2391467342728011,-0.200032500225477,0.030432285631471278,0.0,-0.050680204084958644,0.09481620526428367,0.26468961626585763,0.10044850289618296,0.029374226711088604,0.08554873833235743,0.20727113062884933,0.31086013699788884,-0.18252691464738519,0.015538376440596482,0.2530582421682297,0.20153872675506104,0.2616169867817851,0.18381198575774982,0.30401129914579766,0.350451825685821,-0.1357059703437168,1.3731934780345325,35.0,60.0,40.0,435.0,0.3400000035762787,0.8500000238418579,39.70000076293945,215.0,147.89999389648438,285.9952392578125,1.5,1.0,0.008500000461935997,1.954023003578186,0.11559999734163284,2.941176414489746,6.075345993041992,147.89999389648438,2.441176414489746,1225.0,11.899999618530273,15225.0,189225.0,0.5099999904632568,12.428571701049805,0.8793103694915771,0.7209302186965942,1.0,0.311355322599411,0.31501832604408264,46.7,35
-0.014465294548575449,0.08828657922998526,0.10680783263971623,0.18289756190036477,-0.2642964835366203,-0.016449473725263848,1.3261020119582692,0.21694445230600415,-0.36733068889490306,0.07830624891752894,0.041920538802308935,0.0,0.0594930541505836,0.17149225822809236,-0.18169728886917677,-0.053482518725071204,-0.09488429642516692,-0.06874058711034385,-0.007366309143988987,0.4958470018697365,0.6607409736424226,0.0854157156574249,0.35851937091963776,-0.27323154323575227,0.27768408667821487,-0.23427868562022278,-0.43806712955956156,-0.1563605432765882,-0.7330595297415888,-0.564224163387145,35.0,60.0,40.0,435.0,0.4099999964237213,0.8999999761581421,43.29999923706055,180.0,178.35000610351562,316.44525146484375,1.5,1.0,0.008999999612569809,2.068965435028076,0.1680999994277954,2.4390244483947754,6.075345993041992,178.35000610351562,1.9390244483947754,1225.0,14.350000381469727,15225.0,189225.0,0.6150000095367432,12.428571701049805,0.7846153974533081,0.9444444179534912,0.1666666716337204,0.311355322599411,0.21794871985912323,46.6,35
-0.046544797546725,0.048128479506795295,0.10082258702583004,0.03454753988132733,0.22694307767220318,-0.012814294115415091,0.3156372137973372,-0.22380481582259606,0.1338988907647815,-0.0050970063134152905,-0.014648301746639364,0.0,-0.029637979586268647,0.018230108779389426,0.14099929760451851,0.14176069848430428,0.08935028874860003,0.477642657767618,0.27637853030753207,0.10653086709354052,-0.08239840390364844,-0.03557754268388813,0.4105297458778371,-0.01760361086339076,0.008742824991480786,0.14186583616684845,-0.18386963316002675,-0.021335494441674527,-0.3254668111353448,-0.08786980156375773,35.0,60.0,40.0,430.0,0.3400000035762787,0.8999999761581421,40.5,200.0,146.1999969482422,282.70794677734375,1.5,1.0,0.008999999612569809,2.0930233001708984,0.11559999734163284,2.941176414489746,6.063785076141357,146.1999969482422,2.441176414489746,1225.0,11.899999618530273,15050.0,184900.0,0.5099999904632568,12.285714149475098,0.8793103694915771,0.8999999761581421,0.3333333432674408,0.08974359184503555,0.06410256773233414,41.6,35
-0.10214217466689653,0.054934404856867874,0.04397316260586722,0.041063666296910634,0.1495923599993587,-0.08647422147443118,6.713532967682632,-0.7417741343002405,0.03609466743882634,-0.045096248976480256,0.0030239550827550607,0.0,-0.07116069694705256,-0.2090870142606491,0.29046427280837195,0.15602959633537355,-0.10862799403406678,0.04416798552411946,0.2882890598824815,0.12633278823688066,-0.15849781365453008,-0.052682411146949944,0.32813671627950103,-0.0056218617723623,0.1560055428053383,0.025947709042958775,-0.5498756492752069,-0.40807864955463885,-0.015963222077993954,-0.5761239624972809,35.0,60.0,40.0,435.0,0.3400000035762787,0.8999999761581421,51.900001525878906,215.0,147.89999389648438,285.9952392578125,1.5,1.0,0.008999999612569809,2.068965435028076,0.11559999734163284,2.941176414489746,6.075345993041992,147.89999389648438,2.441176414489746,1225.0,11.899999618530273,15225.0,189225.0,0.5099999904632568,12.428571701049805,0.8793103694915771,0.6744186282157898,1.1666666269302368,0.10054844617843628,0.21206581592559814,52.3,35
-0.016070409433584378,0.062313142583438626,0.09464129252038712,0.11129998158888013,0.20035167559751973,-0.05393098356078307,4.91635056225383,-0.4671929767650396,0.10057710566634391,-0.13783971276557141,0.03000537242956521,0.0,-0.11418737361029184,0.14658032803753737,0.2585342311339685,0.08914141610404304,-0.009701116708088034,0.01663426029751762,0.08336038317185397,0.2977720102192784,-0.28814018303351707,0.043214499903945755,0.20003488428502822,-0.013266723125265086,0.19858376122525137,0.07372843360809007,-0.4242857349264338,-0.3607701884047918,0.16606085776264132,-0.8449126663531858,35.0,60.0,40.0,435.0,0.3400000035762787,0.8999999761581421,47.79999923706055,220.0,147.89999389648438,285.9952392578125,1.5,1.0,0.008999999612569809,2.068965435028076,0.11559999734163284,2.941176414489746,6.075345993041992,147.89999389648438,2.441176414489746,1225.0,11.899999618530273,15225.0,189225.0,0.5099999904632568,12.428571701049805,0.8793103694915771,0.7272727489471436,1.0,0.21978022158145905,0.21794871985912323,52.8,35
-0.034722714693962486,0.036946157808717864,0.1070407245858254,0.05881086707270851,0.17532216380764976,-0.050273683562888166,1.6001378407382385,-0.6503564869608237,0.12184858518010029,-0.11636222946560712,-0.022146553700767686,0.0,-0.0871347190348326,-0.060957074086316454,0.17473995192503128,0.10056722653442925,0.07213297923261262,0.4034124960883329,0.30339203140198545,0.122126401587897,-0.10254079374874094,-0.11236130090571206,0.3986166173958179,0.07541854778834133,0.3362542863940405,0.1394940903725646,-0.5185881037611249,-0.1978687639996852,0.41800040482690826,-0.5937927185424493,35.0,60.0,40.0,430.0,0.3400000035762787,0.8999999761581421,43.900001525878906,210.0,146.1999969482422,282.70794677734375,1.5,1.0,0.008999999612569809,2.0930233001708984,0.11559999734163284,2.941176414489746,6.063785076141357,146.1999969482422,2.441176414489746,1225.0,11.899999618530273,15050.0,184900.0,0.5099999904632568,12.285714149475098,0.8793103694915771,0.8333333134651184,0.5833333134651184,0.19780220091342926,0.21794871985912323,50.4,35
-0.07773803474925164,0.07093128695374835,0.041205669079235396,0.11548327395736677,0.14921045745811135,-0.09805523127127519,6.944489439921733,-0.8621973876862795,-0.006898620627401555,-0.052960424783233935,0.0030239550827550607,0.0,-0.07477563899790252,-0.06712454420683378,0.32147565761938435,0.15560701613307468,-0.030803132366600285,-0.0013424032513504017,0.29337161902654285,0.13199113499543388,-0.15147167530730224,0.029812665162936326,0.35082636738543593,0.09116885357500885,0.4105597703087599,0.015102902565907886,-0.5281623937077575,-0.3878963045711441,-0.20359860244064593,-0.6168342405277685,35.0,60.0,40.0,425.0,0.3400000035762787,0.8999999761581421,51.900001525878906,215.0,144.5,279.4206237792969,1.5,1.0,0.008999999612569809,2.117647171020508,0.11559999734163284,2.941176414489746,6.052089214324951,144.5,2.441176414489746,1225.0,11.899999618530273,14875.0,180625.0,0.5099999904632568,12.142857551574707,0.8793103694915771,0.6744186282157898,1.1666666269302368,0.10054844617843628,0.21206581592559814,52.3,35
-0.08921522594804136,0.008815488253842327,0.09651564258399051,-0.03546777398182854,0.48182875570375094,-0.052611962344494285,-6.217392265235533,-0.010208837395142547,-0.03584487974846186,-0.16395614036993372,0.08351499625479823,0.0,-0.13110372787910723,-0.07092203926814453,0.44872304110327443,0.2173131333542099,0.3111616795258356,0.2997713742117691,0.2684178201304664,0.25509710028104704,-0.3084058717103187,0.040542218086101076,0.245332755287876,0.0438639097100446,0.22427735544928704,0.34362936584073106,-0.2372769202666034,-0.11722005804991988,-0.34520981439284065,-0.38565641579413795,35.0,60.0,40.0,435.0,0.33000001311302185,0.8999999761581421,32.79999923706055,180.0,143.5500030517578,281.6452331542969,1.5,1.0,0.008999999612569809,2.068965435028076,0.10890000313520432,3.0303030014038086,6.075345993041992,143.5500030517578,2.5303030014038086,1225.0,11.550000190734863,15225.0,189225.0,0.4950000047683716,12.428571701049805,0.8947368264198303,0.9166666865348816,0.25,0.31501832604408264,0.0714285746216774,40.1,35
-0.12773387827285615,-0.049682006236572325,-0.012327625597312798,0.10171831008436136,0.19960551487478548,-0.05413026328576384,-1.444736313572524,-0.39861744262069126,-0.2751847597235824,-0.12185550945015887,-0.04900496046746533,0.0,-0.1151207396835921,-0.12583722676204498,0.1732175125136918,0.12549035759544672,-0.07159112110967676,-0.1587227221792246,0.21892145232675214,0.14972269277142614,-0.08991469986691718,-0.07801105482352967,0.33186442701217533,-0.026530197244972187,0.16134313411391893,0.3386234783056175,-0.1330923909670444,0.009290692785662233,-0.0998348876365124,-0.9016843291243164,35.0,60.0,40.0,435.0,0.33000001311302185,0.8999999761581421,40.0,195.0,143.5500030517578,281.6452331542969,1.5,1.0,0.008999999612569809,2.068965435028076,0.10890000313520432,3.0303030014038086,6.075345993041992,143.5500030517578,2.5303030014038086,1225.0,11.550000190734863,15225.0,189225.0,0.4950000047683716,12.428571701049805,0.8947368264198303,0.8461538553237915,0.5,0.10054844617843628,0.06032906845211983,48.3,35
-0.038850160534789804,0.06052446949102599,0.07610319011270038,0.0483690827527386,0.5511656409058213,-0.08713402402406797,6.131881751171854,-0.6991620859651113,0.28754421074719866,-0.11436774846682918,0.010306939671743122,0.0,-0.12323612714832935,-0.1673757160763026,0.2479464418998509,0.05551271651708812,-0.01810245325679231,0.1694788466662943,0.1069432814208934,0.23617169060329665,-0.40037971457290056,0.004735884918706326,0.13730397579195067,0.09780513601630393,0.36843291674292505,0.09438104350077199,-0.33966013852808685,-0.14954276770899433,-0.7056486095319242,0.7872008744159504,35.0,60.0,40.0,435.0,0.3199999928474426,0.949999988079071,51.70000076293945,200.0,139.1999969482422,277.29522705078125,1.5,1.0,0.009499999694526196,2.183907985687256,0.10239999741315842,3.125,6.075345993041992,139.1999969482422,2.625,1225.0,11.199999809265137,15225.0,189225.0,0.47999998927116394,12.428571701049805,0.9107142686843872,0.875,0.4166666567325592,0.311355322599411,0.31501832604408264,54.8,35
-0.12663773986419283,-0.013044170881134758,0.025214930918330793,0.011298829263779224,0.21902346831843394,-0.12760953731586644,5.325809962410487,-0.7796210383000158,0.05956179414461502,0.0256758211617609,0.04033149214458877,0.0,-0.16296144771868068,-0.11324120410297538,0.21737488495635382,0.11267912975996133,-0.05215343357617977,0.1479808171052381,0.06780127725776937,0.06028670636440289,-0.33134462525729474,-0.1660578201368924,0.31040812731023043,-0.023806846159762377,0.10735070576304306,0.008390864194769138,-0.5162092975057504,0.023528391619793095,-0.16629823414657682,0.5671304348975059,35.0,60.0,40.0,435.0,0.3199999928474426,0.949999988079071,49.599998474121094,215.0,139.1999969482422,277.29522705078125,1.5,1.0,0.009499999694526196,2.183907985687256,0.10239999741315842,3.125,6.075345993041992,139.1999969482422,2.625,1225.0,11.199999809265137,15225.0,189225.0,0.47999998927116394,12.428571701049805,0.9107142686843872,0.6976743936538696,1.0833333730697632,0.10237660259008408,0.32358318567276,54.3,35
-0.08106778542927523,0.0004300960031021941,0.04684534091709493,0.020627115108037976,0.3846131164476222,-0.12797512457999313,4.481059744829802,-0.40085238480530755,0.3085499669807647,-0.14922005241041686,0.07966636795418179,0.0,-0.12216146859476246,-0.09796251911169651,0.2874230181980373,0.10152904158157854,-0.05370775750434058,0.28287708012777224,0.37426269260567535,0.07438270126737072,-0.24573761812434908,-0.05160161231016842,0.21679774414772063,0.0680563706181924,0.11245046885412105,0.06733716489179804,-0.5800320042546391,-0.22834079523826364,-0.09295654518129287,0.5028546888448527,35.0,60.0,40.0,435.0,0.30000001192092896,0.949999988079071,47.5,210.0,130.5,268.5952453613281,1.5,1.0,0.009499999694526196,2.183907985687256,0.09000000357627869,3.3333332538604736,6.075345993041992,130.5,2.8333332538604736,1225.0,10.5,15225.0,189225.0,0.44999998807907104,12.428571701049805,0.9444444179534912,0.8095238208770752,0.6666666865348816,0.09506398439407349,0.32358318567276,54.3,35
-0.0670560351235647,0.017028132593109868,0.04905496838483855,0.02158782465603164,0.2201405606216666,-0.10529216961693716,2.0382212115846814,-0.00793099263512291,0.12341342312131494,-0.08860676652351623,-0.024398785708552164,0.0,0.020408456982253086,-0.05994710980692214,0.01665039882640981,0.07525781063698615,0.005825319122692073,0.2570337026636119,0.3110188689265031,0.09845023976118084,-0.31741976609354844,-0.19241730560462245,0.28379190658871023,-0.3051040145062107,0.13219292732209068,-0.03811101865458548,-0.26979822598017084,-0.0754642519748041,-0.3083354489598623,0.4029232230356489,35.0,60.0,40.0,435.0,0.30000001192092896,0.949999988079071,45.400001525878906,160.0,130.5,268.5952453613281,1.5,1.0,0.009499999694526196,2.183907985687256,0.09000000357627869,3.3333332538604736,6.075345993041992,130.5,2.8333332538604736,1225.0,10.5,15225.0,189225.0,0.44999998807907104,12.428571701049805,0.9444444179534912,0.9375,0.1666666716337204,0.05128205195069313,0.3223443329334259,51.9,35
-0.061483671337568505,-0.011396501966148487,0.07283129862760163,0.1591457114372056,0.4126500345147726,-0.11134295169481745,0.9629980983457614,-0.17685032672810164,0.17905338464403742,-0.21142742550761826,0.002487757616755191,0.0,-0.08451440195191867,-0.13239833654475153,0.21945250002089225,0.060316071199844376,-0.054072447017392035,0.16875304270865243,0.13200861279735332,0.27905561557234604,-0.2525745246990729,-0.018292751585933176,0.14026729926292245,0.1569003219645654,0.21077435971510744,0.13635725094993395,-0.3322882296064391,-0.13065269756628758,-0.6809163964486364,0.7187890225613968,35.0,60.0,40.0,435.0,0.33000001311302185,0.949999988079071,45.70000076293945,195.0,143.5500030517578,281.6452331542969,1.5,1.0,0.009499999694526196,2.183907985687256,0.10890000313520432,3.0303030014038086,6.075345993041992,143.5500030517578,2.5303030014038086,1225.0,11.550000190734863,15225.0,189225.0,0.4950000047683716,12.428571701049805,0.8947368264198303,0.7948718070983887,0.6666666865348816,0.311355322599411,0.31501832604408264,50.3,35
-0.10751263221975216,-0.02370694001885672,0.08209330258126145,-0.01651144768705172,0.4505956414161648,-0.16282991392760002,1.0052680661280096,0.5115799649368808,0.30119240835481825,-0.07091038910851026,0.0260823720439641,0.0,-0.17454389853662275,0.010074652945567456,0.2878495402279815,0.08143587917048781,-0.015224270777418536,0.23498955850964864,0.393530014091135,0.12071068504513585,-0.13157996544723277,-0.04685468759038161,0.19982356813230406,-0.03663572715096501,0.10131968397119374,0.08980236305109464,-0.41906281123325245,-0.0611147904884951,-0.15536850291605683,0.6168470555244214,35.0,60.0,40.0,435.0,0.30000001192092896,0.949999988079071,44.900001525878906,190.0,130.5,268.5952453613281,1.5,1.0,0.009499999694526196,2.183907985687256,0.09000000357627869,3.3333332538604736,6.075345993041992,130.5,2.8333332538604736,1225.0,10.5,15225.0,189225.0,0.44999998807907104,12.428571701049805,0.9444444179534912,0.8421052694320679,0.5,0.10237660259008408,0.32358318567276,49.3,35
-0.03523598669488103,0.010400121185105303,0.05147127344259955,-0.05444839457524022,0.3207922929569832,-0.04259962329294252,1.682117260090312,0.3357395404496156,0.08994463472314292,0.001105872163182163,0.07583423683144246,0.0,-0.08515534971739487,0.10743789503637942,0.4077856471433542,0.14725262955844434,-0.01972973934415452,0.13844557018294187,0.18335592190439498,0.12597918055611507,-0.09201490019673607,-0.09006742658331511,0.300385428878946,0.1860756857343894,0.14001237150321846,0.0829764778203172,0.0069059599603445,-0.1334241344857306,-0.8246970472728105,-0.2385309694771041,35.0,60.0,40.0,435.0,0.3400000035762787,0.8999999761581421,43.0,190.0,147.89999389648438,285.9952392578125,1.5,1.0,0.008999999612569809,2.068965435028076,0.11559999734163284,2.941176414489746,6.075345993041992,147.89999389648438,2.441176414489746,1225.0,11.899999618530273,15225.0,189225.0,0.5099999904632568,12.428571701049805,0.8793103694915771,0.8421052694320679,0.5,0.325411319732666,0.04387568682432175,48.3,35
-0.07042463310380538,0.014748052406733377,0.06727261325139425,-0.02682399323578403,0.3615299488102993,-0.14257254136618466,-2.901002975832075,0.13412535323490493,0.014843844673439157,-0.15976925607009487,0.05220097638375281,0.0,-0.08344646223650912,-0.07167431144019017,0.3383781587143425,0.1387523151103083,-0.01991603324025367,0.13484967821699922,0.14509261633280252,0.09695938599794093,-0.15178936360825535,-0.029941487398247812,0.2798886797712011,-0.22418377441158388,0.11169675147160917,0.11545177726684915,-0.21271732615651093,0.030077992275710612,-0.3749322680581289,0.6114518784114715,35.0,60.0,40.0,435.0,0.3400000035762787,0.949999988079071,39.20000076293945,180.0,147.89999389648438,285.9952392578125,1.5,1.0,0.009499999694526196,2.183907985687256,0.11559999734163284,2.941176414489746,6.075345993041992,147.89999389648438,2.441176414489746,1225.0,11.899999618530273,15225.0,189225.0,0.5099999904632568,12.428571701049805,0.8793103694915771,0.8333333134651184,0.5,0.09506398439407349,0.32358318567276,46.9,35
-0.08984212273530871,0.008133922704193743,0.06393170998146812,0.030094910616407542,0.2608516443694859,-0.1144242596736364,5.046411312169887,0.31212698207967,0.03215446710151335,0.06949947704511834,0.10802502891481547,0.0,-0.05170878602643552,-0.07340950276269766,0.3231099001343002,0.128614455832056,-0.02980174444422828,0.07430679915266133,0.15941812928198446,0.1102727885107439,-0.06292416786974053,-0.06485154058220423,0.2492377061292601,0.01369421244415043,0.10356203604122365,0.057375189150200255,-0.21669115286341734,0.005597127081527534,-0.334104845495405,-0.4762241099704354,35.0,60.0,40.0,435.0,0.3400000035762787,0.949999988079071,47.20000076293945,180.0,147.89999389648438,285.9952392578125,1.5,1.0,0.009499999694526196,2.183907985687256,0.11559999734163284,2.941176414489746,6.075345993041992,147.89999389648438,2.441176414489746,1225.0,11.899999618530273,15225.0,189225.0,0.5099999904632568,12.428571701049805,0.8793103694915771,0.8333333134651184,0.5,0.045703839510679245,0.23765996098518372,55.9,35
-0.054375621416009615,0.049652945881936444,0.07703410213004194,0.0020101007541680578,0.06786652806319433,-0.06372404048344851,4.444195753658118,-0.28645119862924767,-0.20108155101000452,-0.030816178705843363,-0.002512480854834527,0.0,-0.05978346867678225,-0.1393809342649763,0.04931668810600033,0.0706824517215539,0.010476358623165951,0.021607539386777688,0.16193802855964382,0.10204483240651999,-0.13440802364423263,-0.16658521810691224,0.2491970039922176,0.12668019384915444,0.14166981923162797,0.00917812560821203,-0.2508306005302824,-0.22691356372895372,0.4522977259384173,0.5292202420416029,35.0,60.0,40.0,435.0,0.33000001311302185,0.8999999761581421,47.900001525878906,200.0,143.5500030517578,281.6452331542969,1.5,1.0,0.008999999612569809,2.068965435028076,0.10890000313520432,3.0303030014038086,6.075345993041992,143.5500030517578,2.5303030014038086,1225.0,11.550000190734863,15225.0,189225.0,0.4950000047683716,12.428571701049805,0.8947368264198303,0.824999988079071,0.5833333134651184,0.012820512987673283,0.3223443329334259,54.7,35
-0.06757787468273374,-0.014872773561138112,-0.023636109613445772,0.06971553944653988,0.16968805231244294,-0.11543800308076456,0.7656517831640957,-0.1838857655502637,-0.04065570813585526,-0.2518783800570625,-0.020124867657870762,0.0,-0.09925700431729885,-0.10746354372905843,0.21906758265965073,0.12946120558751145,-0.06003597192840519,0.02205897211140158,0.2264154059589512,0.12583499545950494,-0.07328518599158898,0.016786232309909214,0.3032918106042831,-0.6706366743184234,0.08199109732769057,-0.004478296007109365,-0.8412425715088543,-0.32463663442310925,-0.41595124107208403,-0.4759359582332193,35.0,60.0,40.0,435.0,0.3400000035762787,0.8999999761581421,43.400001525878906,100.0,147.89999389648438,285.9952392578125,1.5,1.0,0.008999999612569809,2.068965435028076,0.11559999734163284,2.941176414489746,6.075345993041992,147.89999389648438,2.441176414489746,1225.0,11.899999618530273,15225.0,189225.0,0.5099999904632568,12.428571701049805,0.8793103694915771,1.399999976158142,-0.6666666865348816,0.01645338162779808,0.21206581592559814,54.9,35
-0.08331238685191894,0.05763294139896981,0.2160369043457834,0.15965132496845802,0.07269094851343418,-0.031216965325605077,1.7803356279714617,-0.03437171353104295,-0.17215257661113897,-0.07272405453601995,0.04321736961292812,0.0,-0.10519082004593333,0.03486733065600469,0.2771237922660883,-0.03231332742542546,-0.036639571319296266,-0.08632706604815191,0.15239765036605227,0.3056056802363439,-0.3514062252811861,-0.061355276025361546,0.27046693055041515,-0.017584522990176654,0.20846194165480622,0.12908579515440122,-0.09382960625533253,0.12523326657651887,-0.4756834496015637,-0.5054680384294064,35.0,60.0,40.0,435.0,0.3499999940395355,0.8999999761581421,46.400001525878906,120.0,152.25,290.3452453613281,1.5,1.0,0.008999999612569809,2.068965435028076,0.12250000238418579,2.857142925262451,6.075345993041992,152.25,2.357142925262451,1225.0,12.25,15225.0,189225.0,0.5249999761581421,12.428571701049805,0.8644067645072937,1.25,-0.5,0.049450550228357315,0.21794871985912323,54.4,35
-0.04070484369650998,0.0241539566124311,0.08798927453206508,0.07518937017413474,0.4836102466260128,-0.04902800807559612,6.073969038169473,-0.09938315843815768,0.12766777685427838,-0.09348137999543313,-0.0021735217088763455,0.0,-0.08030515130283619,0.1309823918578629,0.24313849718737243,0.10682875847376229,0.042947793493932844,0.14298251634838235,0.044999924848855385,0.25152546809733156,-0.2975995460296744,0.03510409022852498,0.1301011562028663,0.1580347410021237,0.2939193279725683,0.07624610345326466,-0.452689736735545,-0.22024949858491838,0.28696630643637866,0.7701039903445154,35.0,60.0,40.0,435.0,0.33000001311302185,0.8999999761581421,50.70000076293945,190.0,143.5500030517578,281.6452331542969,1.5,1.0,0.008999999612569809,2.068965435028076,0.10890000313520432,3.0303030014038086,6.075345993041992,143.5500030517578,2.5303030014038086,1225.0,11.550000190734863,15225.0,189225.0,0.4950000047683716,12.428571701049805,0.8947368264198303,0.8157894611358643,0.5833333134651184,0.16300366818904877,0.31501832604408264,52.2,35
-0.08127173093459597,0.01841264673896276,0.019892041144428267,-0.01393295907306831,0.3182610872216737,-0.02923464169091493,4.641301059510399,-0.3842415520547028,0.01115246276212234,0.05767936271554759,0.06681688186854373,0.0,-0.07123368031039815,0.11452046520090416,0.3353926024338631,0.12099938343220748,-0.05358266894397075,0.11524701184006127,0.16116372753498062,0.10129040442700783,-0.1272797353317643,-0.1203273350992715,0.26755025545232997,0.012887092539324352,0.09023514211883243,0.028523338793637273,-0.2811912125264222,-0.10643141236966759,0.2280834909621772,0.6515160125073768,35.0,60.0,40.0,435.0,0.3400000035762787,0.8999999761581421,46.70000076293945,200.0,147.89999389648438,285.9952392578125,1.5,1.0,0.008999999612569809,2.068965435028076,0.11559999734163284,2.941176414489746,6.075345993041992,147.89999389648438,2.441176414489746,1225.0,11.899999618530273,15225.0,189225.0,0.5099999904632568,12.428571701049805,0.8793103694915771,0.8500000238418579,0.5,0.1681901216506958,0.32358318567276,55.8,35
-0.11225467137220291,0.007841681918077487,0.15358241060286948,0.0753192015236008,0.19021240975899767,-0.04021492802118273,3.9339338451557277,0.16946764737836256,0.11095046501123049,-0.017122594206056652,0.06646480269247912,0.0,-0.12639190020377283,-0.10557742207298904,0.26863378380425235,0.08405347963928456,0.10591961645275472,0.1865531635233138,0.17264452844333303,0.14734123123555523,-0.12636012164964935,0.04255501628410785,0.07235343078895477,-0.05796776553550839,0.12562665442410545,0.14482059127666932,-0.07940878064469956,-0.0801145043323765,0.05739985133467604,-0.47700396167565784,35.0,60.0,40.0,435.0,0.3400000035762787,0.8999999761581421,47.20000076293945,180.0,147.89999389648438,285.9952392578125,1.5,1.0,0.008999999612569809,2.068965435028076,0.11559999734163284,2.941176414489746,6.075345993041992,147.89999389648438,2.441176414489746,1225.0,11.899999618530273,15225.0,189225.0,0.5099999904632568,12.428571701049805,0.8793103694915771,0.8333333134651184,0.5,0.1684981733560562,0.21978022158145905,55.9,35
-0.016310075836635688,0.06107574894866781,0.11770175889906069,0.11524754472587923,0.19358152111445415,-0.05599490619244816,5.063816078967907,-0.37045381063699584,0.17381684821402954,-0.09011864836635476,0.0008886747832367272,0.0,-0.09848790204981406,0.14860495171568028,0.25300634877914974,0.09112031701168712,0.029938766390345196,0.1714506207831541,0.06878887725770515,0.2765644703768994,-0.27396664683737004,0.06193214966247301,0.21344302795980394,0.06820239281404636,0.2966077724266423,0.041533843154807286,-0.34173279732167855,-0.22830097068435085,0.24028630584172644,-0.6700649742172599,35.0,60.0,40.0,435.0,0.3400000035762787,0.8999999761581421,47.900001525878906,200.0,147.89999389648438,285.9952392578125,1.5,1.0,0.008999999612569809,2.068965435028076,0.11559999734163284,2.941176414489746,6.075345993041992,147.89999389648438,2.441176414489746,1225.0,11.899999618530273,15225.0,189225.0,0.5099999904632568,12.428571701049805,0.8793103694915771,0.824999988079071,0.5833333134651184,0.16300366818904877,0.21794871985912323,54.7,35
-0.06824922000911667,-0.0478774264639822,0.04235789638719911,0.10202359989615238,0.15911075399957056,-0.04909352333388953,4.9525833847927405,-0.4358610736358882,0.05033861798033936,-0.1270148325292294,-0.024733068595143508,0.0,-0.07317618338036254,-0.04977637001919842,0.260612844225263,0.17995802690630058,-0.10185785732487533,0.15491538426971876,0.21641617008920083,0.1459298435489117,-0.11726594196142204,-0.06526649072317597,0.1933920353590946,0.08806992870950416,0.21761030231924952,-0.03268130112307166,-0.06872797956103796,-0.10358297392608502,0.25293315634724034,0.7105465057982541,35.0,60.0,40.0,435.0,0.3400000035762787,0.8999999761581421,47.20000076293945,195.0,147.89999389648438,285.9952392578125,1.5,1.0,0.008999999612569809,2.068965435028076,0.11559999734163284,2.941176414489746,6.075345993041992,147.89999389648438,2.441176414489746,1225.0,11.899999618530273,15225.0,189225.0,0.5099999904632568,12.428571701049805,0.8793103694915771,0.8461538553237915,0.5,0.20109689235687256,0.3363802433013916,56.1,35
-0.05544798961725071,-0.004473488823839288,0.08574505609548563,0.06688199195861379,0.18727093894683985,-0.05509673623391283,1.656744026115459,-0.31006751769812263,0.15206554944511894,-0.12528556528339782,-0.028726906478091924,0.0,-0.05796162772456346,-0.0508372364785539,0.28918985593129604,0.19859085236894125,-0.03562765154713058,0.2247555800225744,0.25307509038096276,0.13832960717219886,-0.024351863891508695,0.012659135865977623,0.2442763900390837,0.42176134230625895,0.2757639316224326,0.0012656055793586283,-0.4482737251278878,-0.31738292663949286,0.048442422250708106,0.6707985330824783,35.0,58.0,42.0,435.0,0.3400000035762787,0.8999999761581421,44.900001525878906,215.0,147.89999389648438,285.9952392578125,1.3809523582458496,1.0,0.008999999612569809,2.068965435028076,0.11559999734163284,2.941176414489746,6.075345993041992,147.89999389648438,2.441176414489746,1225.0,11.899999618530273,15225.0,189225.0,0.4695238173007965,12.428571701049805,0.8793103694915771,0.6976743936538696,1.0833333730697632,0.20109689235687256,0.3363802433013916,52.0,35
-0.1057255572144093,-0.02181558153164301,-0.09865754204152864,0.05916067457119792,0.28610549111927025,-0.061506449461499656,-0.44367310007451444,-0.29702814571893854,-0.03288906292608543,-0.004251390143495355,-0.1028005155406756,0.0,-0.10342330572744066,0.010135468869739686,0.35214664156784625,0.15999447979565085,0.019349953065770843,0.29410518987211215,0.14340360798179064,0.08326970196286768,-0.1610432843178234,-0.01813669387693463,0.3076507143704931,0.07700043025241556,0.12692177999316354,0.0457570678477906,-0.17012779865289637,0.11898687957133715,0.28653824375887993,0.8331541395259987,35.0,58.0,42.0,435.0,0.3400000035762787,0.8999999761581421,40.20000076293945,220.0,147.89999389648438,285.9952392578125,1.3809523582458496,1.0,0.008999999612569809,2.068965435028076,0.11559999734163284,2.941176414489746,6.075345993041992,147.89999389648438,2.441176414489746,1225.0,11.899999618530273,15225.0,189225.0,0.4695238173007965,12.428571701049805,0.8793103694915771,0.6818181872367859,1.1666666269302368,0.014625228941440582,0.32358318567276,54.3,35
-0.035437204019205554,-0.00579140728381462,0.1473059716682912,0.06446156720410252,0.2390168089736915,-0.19738860904916417,1.3525332443218543,-0.18269287541404713,0.1465171130338987,-0.22729952227424866,0.0035207660141030337,0.0,-0.1862012169189077,-0.0494028989764652,0.2741924837641452,0.2210044340378799,-0.05153832499803506,0.07879396229627128,0.2537409294690065,0.13694152691143663,-0.04677031008664901,0.0014886251009336698,0.2615344685882273,1.0501879296507137,0.10928744863749486,0.11339545109050107,-1.3672341101870937,-0.6093667204433902,-0.48763838465840403,-0.26990296301771305,35.0,58.0,42.0,435.0,0.3400000035762787,0.8999999761581421,43.400001525878906,130.0,147.89999389648438,285.9952392578125,1.3809523582458496,1.0,0.008999999612569809,2.068965435028076,0.11559999734163284,2.941176414489746,6.075345993041992,147.89999389648438,2.441176414489746,1225.0,11.899999618530273,15225.0,189225.0,0.4695238173007965,12.428571701049805,0.8793103694915771,1.2692307233810425,-0.5833333134651184,0.3144424259662628,0.21206581592559814,50.1,35
-0.04977407419391603,-0.03215546075781171,-0.14702974665653953,0.12166282095286877,0.21785376740686732,-0.02074510070358748,2.165702815872316,0.26191201429587135,0.14230820626025886,-0.14594037072435906,-0.030050121099632787,0.0,-0.09787252140086594,0.034208744230225706,0.26323358816315007,0.07239066152980242,0.1469515557549516,0.38571924768853516,0.2710968120789081,0.22292941098599237,-0.09460625650233447,0.10145747046083771,0.11603712831911442,0.3082345408517563,0.20228713613698346,0.29184913654872563,0.403196790011319,0.04980395614406155,0.027763959102526742,-0.20699515638865287,35.0,58.0,42.0,435.0,0.3400000035762787,0.8999999761581421,40.900001525878906,190.0,147.89999389648438,285.9952392578125,1.3809523582458496,1.0,0.008999999612569809,2.068965435028076,0.11559999734163284,2.941176414489746,6.075345993041992,147.89999389648438,2.441176414489746,1225.0,11.899999618530273,15225.0,189225.0,0.4695238173007965,12.428571701049805,0.8793103694915771,0.9736841917037964,0.0833333358168602,0.10256410390138626,0.21978022158145905,56.0,35
-0.07310309497106171,0.0027494152912305794,-0.19750367570771477,-0.0004928520438369269,0.3286411688328025,-0.022306576139906577,2.397027361854144,0.3865724858981856,0.09391716266398152,0.09090533127067237,-0.17045974016873405,0.0,-0.05749816680959796,0.09497801728057605,0.3662402972724143,0.14494661378010698,-0.01687594870752225,0.20709233680818523,0.16491132916310347,0.11356815026629519,-0.1379651116764385,-0.04423314841591268,0.2981057017767167,-0.3829993450884305,0.22290113248898036,0.050440815902330086,0.29742240639019873,0.006928496913740421,-0.11999969299270062,0.2100154293053875,35.0,58.0,42.0,435.0,0.3400000035762787,0.8999999761581421,44.0,165.0,147.89999389648438,285.9952392578125,1.3809523582458496,1.0,0.008999999612569809,2.068965435028076,0.11559999734163284,2.941176414489746,6.075345993041992,147.89999389648438,2.441176414489746,1225.0,11.899999618530273,15225.0,189225.0,0.4695238173007965,12.428571701049805,0.8793103694915771,0.7878788113594055,0.5833333134651184,0.09506398439407349,0.04387568682432175,57.3,35
-0.044582644347696945,-0.05187630829751361,-0.14204385517728357,0.07459503083477895,0.433201819972314,-0.059088721846642024,-4.637312339903959,0.5395862911892924,-0.1190748633219908,-0.0011615659258721524,-0.2706368940566965,0.0,-0.14318053204067965,0.17841667379742276,0.3955640709415321,0.17503331613445958,0.14650264927581624,-0.082319027905932,0.2425944566979529,0.15430789232986808,-0.01278737927714932,-0.016799996821424325,0.241919154057358,-0.5917998480808394,0.39816843794810697,0.13859770085799866,0.17183016065255607,0.23054227331674726,0.13082644388384565,-0.4086113448987419,35.0,58.0,42.0,435.0,0.3499999940395355,0.8999999761581421,34.29999923706055,210.0,152.25,290.3452453613281,1.3809523582458496,1.0,0.008999999612569809,2.068965435028076,0.12250000238418579,2.857142925262451,6.075345993041992,152.25,2.357142925262451,1225.0,12.25,15225.0,189225.0,0.4833333194255829,12.428571701049805,0.8644067645072937,0.8333333134651184,0.5833333134651184,0.09506398439407349,0.23765996098518372,53.1,35
-0.12363974990597518,-0.0011371716827687645,-0.13079324001766057,0.03385302222309191,0.26232093488431507,-0.07266831601666454,6.396286342677022,-0.974493242936006,-0.06866217529782244,-0.038215554424456115,-0.11987749391938092,0.0,-0.1087333039543463,0.043844934408240416,0.25592268097141635,0.15393167040009845,-0.02163955494440941,0.16427290540767114,0.16691178613289767,0.07009776594761097,-0.22747260729454055,-0.24539253784456408,0.231819091714557,0.1088322818131006,0.09669773677490064,0.039971269341627196,-0.9648213074854595,-0.13999013537103588,-0.3439236132080313,-0.5700162764313991,35.0,58.0,42.0,435.0,0.3400000035762787,0.8999999761581421,51.900001525878906,215.0,147.89999389648438,285.9952392578125,1.3809523582458496,1.0,0.008999999612569809,2.068965435028076,0.11559999734163284,2.941176414489746,6.075345993041992,147.89999389648438,2.441176414489746,1225.0,11.899999618530273,15225.0,189225.0,0.4695238173007965,12.428571701049805,0.8793103694915771,0.6744186282157898,1.1666666269302368,0.10237660259008408,0.23765996098518372,52.3,35
-0.045212534856692244,-0.03806614122102856,-0.01521107148392966,0.07874784448994333,0.1514393558061539,-0.06871043998324289,4.860653065753383,-0.562347705827418,0.11099163687306254,-0.08643291065771941,-0.03606010199611226,0.0,-0.0559861440141147,-0.042908436060742135,0.30206831996280264,0.1972253953755274,-0.06877180487340928,0.18520883619560854,0.25870885224663415,0.13556736624304325,-0.12192972728040745,-0.038222409615720224,0.20143614979037547,0.21794287866778028,0.24186736803700154,0.04233398789492956,-0.5842895959682953,-0.44701846601081086,-0.0263441295379175,-0.3771610158116448,35.0,58.0,42.0,435.0,0.3400000035762787,0.8999999761581421,47.79999923706055,220.0,147.89999389648438,285.9952392578125,1.3809523582458496,1.0,0.008999999612569809,2.068965435028076,0.11559999734163284,2.941176414489746,6.075345993041992,147.89999389648438,2.441176414489746,1225.0,11.899999618530273,15225.0,189225.0,0.4695238173007965,12.428571701049805,0.8793103694915771,0.7272727489471436,1.0,0.20109689235687256,0.21206581592559814,52.8,35
-0.0661049631465192,-0.04534614018239828,-0.26978147293081545,0.13006137163483583,0.1227185288532634,-0.059413076201361326,1.9095011139992564,-0.561380262253522,0.15914129247893297,-0.13770297039835375,-0.06481978974358374,0.0,-0.09368529112559977,0.004461514108314785,0.2203073829488573,0.10188467414995878,-0.03158367215756087,0.17791133605803544,0.13740096344796227,0.28989013907082006,-0.21113373211332187,0.0627045109259505,0.26313875160493616,0.16711562738477556,0.24529536133164487,0.13264937355922798,-0.25388532154268034,0.0008309190288055175,0.033072387291396575,-0.620014995598408,35.0,58.0,42.0,430.0,0.3400000035762787,0.8999999761581421,43.900001525878906,210.0,146.1999969482422,282.70794677734375,1.3809523582458496,1.0,0.008999999612569809,2.0930233001708984,0.11559999734163284,2.941176414489746,6.063785076141357,146.1999969482422,2.441176414489746,1225.0,11.899999618530273,15050.0,184900.0,0.4695238173007965,12.285714149475098,0.8793103694915771,0.8333333134651184,0.5833333134651184,0.21978022158145905,0.21794871985912323,50.4,35
-0.004670637723042322,-0.07627686230727058,0.007005587169839662,0.10380349688481869,0.18866258187981727,-0.04862836492356403,6.262013500614274,-0.5811844211940387,0.16626984467879197,-0.1982493541031073,-0.022398375926933094,0.0,0.005614739117803495,-0.02285369765736143,0.2580075935276919,0.2387798221189262,-0.052145018275704044,0.18525281438608293,0.22298840431021286,0.1636101132878835,-0.5949814889107856,-0.01884160261502543,0.28692416428574435,0.21621754151409708,0.2284120039365183,0.46636453761894786,-0.16935842837553994,0.07319461143859195,-0.431611616704885,0.7244042608572754,35.0,58.0,42.0,435.0,0.3199999928474426,0.949999988079071,51.70000076293945,200.0,139.1999969482422,277.29522705078125,1.3809523582458496,1.0,0.009499999694526196,2.183907985687256,0.10239999741315842,3.125,6.075345993041992,139.1999969482422,2.625,1225.0,11.199999809265137,15225.0,189225.0,0.441904753446579,12.428571701049805,0.9107142686843872,0.875,0.4166666567325592,0.3144424259662628,0.3363802433013916,54.8,35
-0.04917979860879168,-0.035726567290045454,-0.06181283848003644,0.007627300018489237,0.13228730838109276,-0.05922779226483555,4.752948495532979,-0.35918979482353436,0.07405107129149759,-0.00797085244330486,-0.02564003936480932,0.0,0.08095361041505567,-0.08725294159260646,0.051822991370018535,0.07653373289784358,0.028944956516580553,0.2357237252131116,0.1503683327831818,0.09138661737692622,-0.2321497985489707,-0.1425699332169402,0.27630384308552236,0.04923164495444994,0.08194113262004643,-0.02731973237401863,-0.1852485492114688,-0.0873639383811149,-0.14213134974078612,0.8813401228816652,35.0,58.0,42.0,435.0,0.3199999928474426,0.949999988079071,49.599998474121094,215.0,139.1999969482422,277.29522705078125,1.3809523582458496,1.0,0.009499999694526196,2.183907985687256,0.10239999741315842,3.125,6.075345993041992,139.1999969482422,2.625,1225.0,11.199999809265137,15225.0,189225.0,0.441904753446579,12.428571701049805,0.9107142686843872,0.6976743936538696,1.0833333730697632,0.08974359184503555,0.3223443329334259,54.3,35
-0.03958984855001687,-0.04331524959039117,-0.21250577932779963,0.08153889687531361,0.6019292077037471,-0.04844172615252391,4.178092428626951,-0.3334082584684039,0.29870212619329506,-0.060340430293656475,-0.049310937933021895,0.0,-0.11318730396046066,-0.041703588182078866,0.30195301992993695,0.06772134248365361,0.0239227400205832,0.36472450207629464,0.11236469669718134,0.19795653740465183,-0.3563090545300531,0.0631641723305822,0.15928409145122713,0.5632636291495096,0.29179245735326603,0.10913280124796293,-0.32910087579149067,-0.19796998646777286,-0.30837391743137854,0.693992598136315,35.0,58.0,42.0,435.0,0.30000001192092896,0.949999988079071,47.5,210.0,130.5,268.5952453613281,1.3809523582458496,1.0,0.009499999694526196,2.183907985687256,0.09000000357627869,3.3333332538604736,6.075345993041992,130.5,2.8333332538604736,1225.0,10.5,15225.0,189225.0,0.41428571939468384,12.428571701049805,0.9444444179534912,0.8095238208770752,0.6666666865348816,0.09340659528970718,0.31501832604408264,54.3,35
-0.06953468133572663,-0.04646200034417536,-0.14711012644405363,0.16741297619201115,0.4686427205084362,-0.03654727121738581,1.2324624746453403,0.06004049761606318,0.5344564555061628,0.035904109226082975,-0.06255707095100456,0.0,-0.005761815870211811,-0.14183351217447784,0.24719567719341257,0.08440603742330383,-0.053594183013321056,0.4826779161425478,0.10146392918011503,0.21591383573389236,-0.30289247945696574,0.011475199584853116,0.1957642608696306,0.6555216109826547,0.2736412438412322,0.13753168352611608,-0.14312504698442738,-0.1443147515724595,-0.3123854425238208,0.47701465945993365,35.0,58.0,42.0,435.0,0.30000001192092896,0.949999988079071,45.400001525878906,160.0,130.5,268.5952453613281,1.3809523582458496,1.0,0.009499999694526196,2.183907985687256,0.09000000357627869,3.3333332538604736,6.075345993041992,130.5,2.8333332538604736,1225.0,10.5,15225.0,189225.0,0.41428571939468384,12.428571701049805,0.9444444179534912,0.9375,0.1666666716337204,0.049450550228357315,0.31501832604408264,51.9,35
-0.06723704404281354,-0.026248594155279956,-0.025029117214828724,-0.015545879306845813,0.07541580428935798,0.058381815390242904,2.537642291184617,-0.31592540431591754,-0.18729627554312303,-0.05356216619831703,-0.031823545655828525,0.0,0.018733784030838103,-0.115802790436208,0.12307052821141469,0.05225277325784948,0.02868092672694446,0.15251473423269224,0.18669917341557418,0.0734633640034702,-0.10366187401746246,-0.19801409588993252,0.3788608072904394,-0.012605676882077982,0.017838935569692484,-0.07310620611978606,-0.4934054563609502,-0.1317499608828241,-0.584284943093947,0.905912985387147,35.0,58.0,42.0,435.0,0.33000001311302185,0.949999988079071,45.70000076293945,195.0,143.5500030517578,281.6452331542969,1.3809523582458496,1.0,0.009499999694526196,2.183907985687256,0.10890000313520432,3.0303030014038086,6.075345993041992,143.5500030517578,2.5303030014038086,1225.0,11.550000190734863,15225.0,189225.0,0.45571428537368774,12.428571701049805,0.8947368264198303,0.7948718070983887,0.6666666865348816,0.32967033982276917,0.3223443329334259,50.3,35
-0.11300748249154713,0.0201084971575478,-0.11801191077581437,-0.0020137485926643352,0.46320836042641167,-0.11872221111455981,1.2285670260231085,0.5371270935217285,0.2949404532274689,-0.07011899039718338,-0.08725938946748563,0.0,-0.16577701013462176,0.0014717613659254755,0.289696139736419,0.08462991361936739,0.0001327076151655064,0.2760003232559726,0.3988208202948593,0.12071068504513585,-0.13702194493177816,-0.020410667488192955,0.198122308043247,0.119434506689633,0.10004084954587529,0.07991140880070932,-0.44129659704807195,-0.06538185290094806,-0.15620402406629968,0.6321619771807936,35.0,58.0,42.0,435.0,0.30000001192092896,0.949999988079071,44.900001525878906,190.0,130.5,268.5952453613281,1.3809523582458496,1.0,0.009499999694526196,2.183907985687256,0.09000000357627869,3.3333332538604736,6.075345993041992,130.5,2.8333332538604736,1225.0,10.5,15225.0,189225.0,0.41428571939468384,12.428571701049805,0.9444444179534912,0.8421052694320679,0.5,0.10237660259008408,0.32358318567276,52.4,35
-0.049478594794819974,-0.13649496335197908,-0.19080480387787765,0.14702181686185642,0.17846089730502837,-0.04677455941991268,7.138937550858715,-2.3086049173871013,-0.18754907181971864,0.03902680571048548,-0.04942814601581102,0.0,-0.09306634911151641,-0.004885770825291161,0.08620855308824457,0.17779617917237459,0.03244971229580913,-0.2990187196414183,0.06240609954271604,0.2211726731865381,0.08419531663574037,-0.025032490345118705,0.25035731917211673,0.22758875945781978,0.19510919354467113,0.1446627638109148,-0.34358412845011077,-0.05135332914583887,-0.4421786638199403,-0.0863358394699472,35.0,58.0,42.0,420.0,0.36000001430511475,0.8999999761581421,51.70000076293945,230.0,151.1999969482422,284.5333251953125,1.3809523582458496,1.0,0.008999999612569809,2.142857074737549,0.12960000336170197,2.777777671813965,6.040254592895508,151.1999969482422,2.277777671813965,1225.0,12.600000381469727,14700.0,176400.0,0.49714285135269165,12.0,0.8500000238418579,0.9347826242446899,0.25,0.08974359184503555,0.021978022530674934,51.9,35
-0.056567376289114873,-0.10466037470125152,0.03983769053586563,0.11395537005972663,0.23250170061571526,-0.009871010113161417,-5.583097194169972,-0.36758093046805734,0.06332793249104313,-0.07400196591458963,-0.06895994000621884,0.0,-0.04593719410974595,0.01752383088023371,0.32750123679050536,0.21701612515139868,-0.05486137889767326,0.06620623245601914,0.2247415986868594,0.2799551513499985,0.08995036107938194,0.03225299242057723,0.37379697420837427,0.5379994521492495,0.24742455486208925,0.062438449099704495,-0.25782340669557907,-0.13624810116780292,-0.526955711749659,-0.8249184976690351,35.0,58.0,42.0,440.0,0.3400000035762787,0.8500000238418579,34.599998474121094,225.0,149.60000610351562,289.28253173828125,1.3809523582458496,1.0,0.008500000461935997,1.9318181276321411,0.11559999734163284,2.941176414489746,6.086774826049805,149.60000610351562,2.441176414489746,1225.0,11.899999618530273,15400.0,193600.0,0.4695238173007965,12.571428298950195,0.8793103694915771,0.8444444537162781,0.5833333134651184,0.3144424259662628,0.020109688863158226,49.6,35
-0.04470880743866333,-0.08829811243061593,-0.2708820505755435,0.12953347513008184,0.29779067826495603,0.03530253836736225,2.979371663228173,-0.11257312431550545,0.05169392030531676,-0.20658042767246457,-0.2804468763380174,0.0,0.06397984122831943,0.31264059102806496,0.2664570588135065,0.10621026861553563,0.11394375412757966,0.000504179367005205,0.1627511949276862,0.09660449997648668,-0.11440086120897196,0.010669516075231478,0.12500277292908715,-0.037757160036071505,0.11345682460272359,0.2249515206234051,0.1987331513948152,-0.1345883418742301,-0.8854749439923396,-1.0590196998955101,35.0,58.0,42.0,440.0,0.3400000035762787,0.800000011920929,47.5,205.0,149.60000610351562,289.28253173828125,1.3809523582458496,1.0,0.00800000037997961,1.8181818723678589,0.11559999734163284,2.941176414489746,6.086774826049805,149.60000610351562,2.441176414489746,1225.0,11.899999618530273,15400.0,193600.0,0.4695238173007965,12.571428298950195,0.8793103694915771,0.4878048896789551,1.75,0.31501832604408264,0.025641025975346565,51.2,35
-0.07201997422511407,-0.1476588423731544,-0.2515363782572575,-0.023619995825471314,-0.046293494107684394,-0.06704276818278819,-5.4226896055453135,-0.16974823717146545,-0.2823170759739505,-0.36857508539140516,-0.21058712201572022,0.0,-0.1047455807378767,-0.19537709982444043,0.22643324493079228,0.04796502698596662,0.10999907329326221,-0.6287366948615082,0.0028441153483574387,0.3231458785686899,-0.09262754353572909,0.06507398510964567,0.13357217913728203,-0.44409682708715664,-0.00317799007559858,0.17223284455481364,-0.3838729778107256,-0.21922939465657593,0.11821923726221105,-0.4752352454799143,35.0,58.0,42.0,440.0,0.3499999940395355,0.8999999761581421,35.400001525878906,210.0,154.0,293.6825256347656,1.3809523582458496,1.0,0.008999999612569809,2.045454502105713,0.12250000238418579,2.857142925262451,6.086774826049805,154.0,2.357142925262451,1225.0,12.25,15400.0,193600.0,0.4833333194255829,12.571428298950195,0.8644067645072937,0.9523809552192688,0.1666666716337204,0.20695970952510834,0.21978022158145905,38.82,35
-0.09263515153316239,-0.003714107311498039,-0.1279875904989505,-0.026946947962816548,0.27293123158580274,-0.05290684533252132,1.8138753545445612,-0.17926051836453294,-0.1707585130413508,0.0955296253098784,-0.11508278291409092,0.0,-0.11621859658141426,0.02430647605631594,0.3153607002386807,0.162744246541011,-0.08526161078278796,-0.43067539860077336,0.1728419651086693,0.07695756099231504,-0.1556560718203126,-0.04435358920037376,0.190318662076299,0.05211235419059794,0.08333261424435869,0.051649178940789714,-0.16225916183265607,-0.19182029731903175,-0.7104667993516737,-0.5103946582933138,35.0,58.0,42.0,440.0,0.3499999940395355,0.8999999761581421,45.70000076293945,205.0,154.0,293.6825256347656,1.3809523582458496,1.0,0.008999999612569809,2.045454502105713,0.12250000238418579,2.857142925262451,6.086774826049805,154.0,2.357142925262451,1225.0,12.25,15400.0,193600.0,0.4833333194255829,12.571428298950195,0.8644067645072937,0.9268292784690857,0.25,0.325411319732666,0.06581352651119232,50.3,35
-0.07225973003076203,0.039685345917652784,0.1582017663741784,0.15203215390394692,0.0456710453608487,-0.04488035194974261,1.6019029915062732,-0.043421238431331215,-0.21494225406963052,0.06866138526598846,0.12612931998486296,0.0,-0.11558594560106109,0.21042324543943516,0.2917526365838235,0.06421199916319442,-0.036504209773492,-0.13239385948937654,0.11681744178165239,0.3174856221132526,-0.2670430516197406,0.023342437017287453,0.2736683270454757,0.14190873236300516,0.09010394027784807,0.12084705545190587,0.3499118364454707,0.3187649128529309,0.44842237775247057,-0.35042596919968116,35.0,60.0,40.0,440.0,0.3499999940395355,0.8500000238418579,44.900001525878906,210.0,154.0,293.6825256347656,1.5,1.0,0.008500000461935997,1.9318181276321411,0.12250000238418579,2.857142925262451,6.086774826049805,154.0,2.357142925262451,1225.0,12.25,15400.0,193600.0,0.5249999761581421,12.571428298950195,0.8644067645072937,1.0,0.0,0.21978022158145905,0.06776557117700577,52.4,35
-0.07614105183459689,0.010137351964717623,0.04286962934009764,-0.02931928950159359,0.24757067078995157,0.011611517272568397,1.8959446092490666,0.2534020821793809,0.08123266877371262,-0.010988416044348744,0.03770465901974489,0.0,0.033248165457608864,0.19319436918206992,0.4045656163066599,0.10553822633520864,-0.07280485396682153,0.26315679878972986,0.13801350539946758,0.10337776700442099,-0.16007541638229789,-0.10391572419240143,0.2708010003799507,0.09653636943174283,0.10939074399592692,0.07166884196800825,-0.2571578702709809,-0.19648432883492062,-0.48656543011257314,-0.3447462337106,35.0,60.0,40.0,435.0,0.33000001311302185,0.8500000238418579,45.75,190.0,143.5500030517578,281.6452331542969,1.5,1.0,0.008500000461935997,1.954023003578186,0.10890000313520432,3.0303030014038086,6.075345993041992,143.5500030517578,2.5303030014038086,1225.0,11.550000190734863,15225.0,189225.0,0.4950000047683716,12.428571701049805,0.8947368264198303,0.8421052694320679,0.5,0.325411319732666,0.06581352651119232,48.21,35
-0.09416550195032322,0.026943962166274642,0.0680499423966321,0.032582830012488684,0.3545766082753327,-0.05158832226883092,10.864860261564562,0.23490849929831145,-0.02071323471652453,0.08859870770296571,0.06085648519802329,0.0,-0.11027277156513306,0.07046033936433681,0.3126634997294002,0.11992685364629033,-0.02388912448452566,0.029850919233283132,0.21866287751677846,0.11357135630859096,-0.01905077015946106,-0.07293517346543016,0.30522913734071416,-0.11656714595716389,0.25162845076105017,0.0672966675682727,-0.2641578421528193,-0.10970852076212101,-0.4367414246859955,-0.5254451609458922,35.0,60.0,40.0,435.0,0.3400000035762787,0.8999999761581421,57.59000015258789,190.0,147.89999389648438,285.9952392578125,1.5,1.0,0.008999999612569809,2.068965435028076,0.11559999734163284,2.941176414489746,6.075345993041992,147.89999389648438,2.441176414489746,1225.0,11.899999618530273,15225.0,189225.0,0.5099999904632568,12.428571701049805,0.8793103694915771,0.8947368264198303,0.3333333432674408,0.10237660259008408,0.23765996098518372,61.53,35
-0.016310075836635688,0.06107574894866781,0.11254450094315589,0.1378492215920248,0.19358152111445415,-0.055075098647938574,5.276270350710522,-0.21877215621750787,0.17979823639931478,-0.0843072635520425,-0.0029540162829012925,0.0,-0.09731127870900878,0.1426198833488696,0.26051185786069664,0.09154577748831061,0.02437844191863434,0.1704418364578958,0.06878887725770515,0.29694818108605575,-0.25101160188560434,0.07388289695645901,0.20927834922685928,0.06753157949759403,0.31737254570134565,0.041533843154807286,-0.30826722855928035,-0.21512268572475024,0.2401547213361045,-0.6956780640474091,35.0,60.0,40.0,435.0,0.3400000035762787,0.8999999761581421,48.09000015258789,195.0,147.89999389648438,285.9952392578125,1.5,1.0,0.008999999612569809,2.068965435028076,0.11559999734163284,2.941176414489746,6.075345993041992,147.89999389648438,2.441176414489746,1225.0,11.899999618530273,15225.0,189225.0,0.5099999904632568,12.428571701049805,0.8793103694915771,0.8205128312110901,0.5833333134651184,0.16300366818904877,0.21794871985912323,52.65,35
-0.04990240847032461,0.062120327179887025,0.10462289752545745,0.04133955770147736,0.18163673109670012,-0.051494592680481725,1.9402096469759311,0.259748635299654,0.19656679019831247,0.04834944283545832,0.003574644543743546,0.0,-0.049320449965284764,-0.06865561187941267,0.14739427655917708,0.09585107787475915,0.04741475352019838,0.3793655523929535,0.27860603244504584,0.11484812496835245,-0.07148596662177562,-0.1715930071573934,0.2584427864169574,0.12709643207930885,0.12304095129073656,0.07749887748375339,-0.1232416079789567,-0.11102936542790684,-0.054625631747997096,-0.5655581669546855,35.0,60.0,40.0,435.0,0.3400000035762787,0.8999999761581421,44.900001525878906,170.0,147.89999389648438,285.9952392578125,1.5,1.0,0.008999999612569809,2.068965435028076,0.11559999734163284,2.941176414489746,6.075345993041992,147.89999389648438,2.441176414489746,1225.0,11.899999618530273,15225.0,189225.0,0.5099999904632568,12.428571701049805,0.8793103694915771,0.9411764740943909,0.1666666716337204,0.10256410390138626,0.21794871985912323,48.0,35
-0.09669655692317537,0.019437417008723694,0.04604381302035874,0.038662891675597694,0.16654660806345079,-0.01987790485925006,-2.5858222215634656,-0.09995664150514086,0.06636093586714131,-0.019969142747170775,-0.04580435411918148,0.0,-0.11733464298523492,0.0023445130274943214,0.24911721342391585,0.028055549292032054,0.17749301665877282,0.23561821715226652,0.1942145844263874,0.21966030554983612,-0.06995493345978801,0.10758592773109213,0.08182472696286344,-0.10399738571879705,0.03449070225094725,0.17986215809769793,0.7668438885087372,0.03173257400362816,0.7327110746007075,-0.350531021525578,35.0,60.0,40.0,435.0,0.3400000035762787,0.8999999761581421,39.79999923706055,200.0,147.89999389648438,285.9952392578125,1.5,1.0,0.008999999612569809,2.068965435028076,0.11559999734163284,2.941176414489746,6.075345993041992,147.89999389648438,2.441176414489746,1225.0,11.899999618530273,15225.0,189225.0,0.5099999904632568,12.428571701049805,0.8793103694915771,0.8500000238418579,0.5,0.02380952425301075,0.21978022158145905,47.2,35
-0.0759064262125795,-0.029307059585535963,-0.021220610058918697,0.09288466914216081,0.18953280540828532,-0.042068999542350285,0.5933526486135793,-0.12951946594791333,0.0544451455060753,-0.09056907608892752,-0.03512639757623852,0.0,-0.08606701252272758,-0.0835857441336971,0.2524821982705163,0.13204468491916965,-0.09648576586135336,0.1837760494437247,0.20334765562747922,0.13927164952759052,0.0017896356193031944,0.030292132706528706,0.43805891046788015,-0.4065061872349275,0.20246167753918476,-0.04457924324169445,-0.08555816647858829,-0.03500871535076405,-0.03876546602957275,-0.35972840323315924,35.0,60.0,40.0,435.0,0.3400000035762787,0.8999999761581421,41.29999923706055,195.0,147.89999389648438,285.9952392578125,1.5,1.0,0.008999999612569809,2.068965435028076,0.11559999734163284,2.941176414489746,6.075345993041992,147.89999389648438,2.441176414489746,1225.0,11.899999618530273,15225.0,189225.0,0.5099999904632568,12.428571701049805,0.8793103694915771,0.9487179517745972,0.1666666716337204,0.02376599609851837,0.04387568682432175,52.55,35
-0.09799811480545711,0.02265838595284863,0.11608332689122947,0.010096197039305546,0.17032680778354567,-0.03923491182691009,1.3915848592746523,0.2098981786358683,0.03245525958152348,-0.049039935114867296,0.06257645412869585,0.0,-0.07684414020217843,-0.04939701446730178,0.2429898605184644,0.025662907071882055,0.1043454733076362,0.11338143038106435,0.1602521776632372,0.13676010910569986,-0.14964838177851472,0.0333561499545993,0.08704886789725201,-0.05345957982985769,0.08932681737273758,0.1636652582190916,-0.05073882068785133,-0.015888780910092073,0.5666758675197144,-0.03274800243509944,35.0,60.0,40.0,435.0,0.3400000035762787,0.8500000238418579,45.79999923706055,150.0,147.89999389648438,285.9952392578125,1.5,1.0,0.008500000461935997,1.954023003578186,0.11559999734163284,2.941176414489746,6.075345993041992,147.89999389648438,2.441176414489746,1225.0,11.899999618530273,15225.0,189225.0,0.5099999904632568,12.428571701049805,0.8793103694915771,1.0666667222976685,-0.1666666716337204,0.045787546783685684,0.04029304161667824,51.95,35
-0.10141816211353191,0.02650602243157276,0.03807671789503166,-0.011926171228492028,0.3096480776422994,-0.037995905621965,0.6799507809924646,0.011162356853034188,-0.09079196620916127,0.0859745950018059,0.07465138477438057,0.0,-0.00460021566238128,0.09857268514606915,0.3720258591806551,0.2161139333023155,-0.07999831352235065,-0.09982063657499443,0.20908254831361445,0.11302820270893722,-0.15194751862597167,-0.039779642938551185,0.33547761604218124,0.7686996934089396,0.11465478602281838,0.08526605661690671,-0.3203431975462763,0.08816754448723073,-0.3269476800149321,-0.4995212755306832,35.0,60.0,40.0,435.0,0.3499999940395355,0.8999999761581421,44.900001525878906,170.0,152.25,290.3452453613281,1.5,1.0,0.008999999612569809,2.068965435028076,0.12250000238418579,2.857142925262451,6.075345993041992,152.25,2.357142925262451,1225.0,12.25,15225.0,189225.0,0.5249999761581421,12.428571701049805,0.8644067645072937,0.970588207244873,0.0833333358168602,0.09506398439407349,0.23765996098518372,48.0,35
-0.07586554991414854,0.031934345967349585,0.15173982742413766,0.007932445411462137,0.06930940273025166,-0.06139998221452564,0.6316811334057838,-0.06987312945723757,-0.15735865386427525,-0.15795022246126447,0.16447293740347502,0.0,-0.1446178044756457,-0.1978029821744585,0.28637427793205694,0.08595822477408098,0.13033938434864825,-0.013638860172183402,-0.004333668128983988,0.25544242582932203,-0.3838183789274155,0.028972255409811118,0.04052106749558708,0.24734274945935641,0.05092015275273137,0.18018966675857032,0.016044042731952424,-0.0100314473110013,-1.0928127278706246,-1.0152208462208643,35.0,60.0,40.0,435.0,0.3499999940395355,0.8999999761581421,44.900001525878906,170.0,152.25,290.3452453613281,1.5,1.0,0.008999999612569809,2.068965435028076,0.12250000238418579,2.857142925262451,6.075345993041992,152.25,2.357142925262451,1225.0,12.25,15225.0,189225.0,0.5249999761581421,12.428571701049805,0.8644067645072937,1.0882352590560913,-0.25,0.31501832604408264,0.04029304161667824,46.0,35
-0.08999687662992173,-0.010077505073066257,0.09577261472169431,0.06710118960873333,0.17952378831174673,0.015939653761248097,0.22141575849709638,-0.044035944904437054,0.07556904657338498,0.02441678033991103,-0.018138702896739113,0.0,-0.04215539129243192,0.17880372722418267,0.2704610517237846,0.08577470099884883,0.11514965773231742,0.15793701389649428,0.21146646832456867,0.20638150765330676,-0.0978822641685168,0.027460959369669642,0.02146181073116728,-0.13339124313468692,0.1260706857592445,0.21173576604438274,1.3067095459470086,0.45836038785288263,-0.35469027385767005,1.048454267493642,35.0,60.0,40.0,435.0,0.3400000035762787,0.8500000238418579,41.29999923706055,50.0,147.89999389648438,285.9952392578125,1.5,1.0,0.008500000461935997,1.954023003578186,0.11559999734163284,2.941176414489746,6.075345993041992,147.89999389648438,2.441176414489746,1225.0,11.899999618530273,15225.0,189225.0,0.5099999904632568,12.428571701049805,0.8793103694915771,2.5999999046325684,-1.3333333730697632,0.31501832604408264,0.30586081743240356,52.55,35
-0.07986214319829017,0.03845201857342544,0.11653259694433922,0.1348304125259165,0.23898928940489408,-0.0782017351946472,2.0406383975426605,0.8547947226554155,0.14505354795512787,-0.10288206046719273,0.08513264036595941,0.0,-0.12376829470166878,0.09349573818438058,0.24703903593493662,0.1009017034924289,-0.0462206314631646,0.10435661694732241,0.18051712032423697,0.29251894487481184,-0.3022104842482942,0.014341581277870925,0.24806389602672374,0.028443768089197873,0.26479858841567155,0.14823614633085366,0.8169719026291332,0.4707512035676019,-0.23725611853614514,-0.36172542872827934,35.0,60.0,40.0,435.0,0.3400000035762787,0.8999999761581421,45.79999923706055,220.0,147.89999389648438,285.9952392578125,1.5,1.0,0.008999999612569809,2.068965435028076,0.11559999734163284,2.941176414489746,6.075345993041992,147.89999389648438,2.441176414489746,1225.0,11.899999618530273,15225.0,189225.0,0.5099999904632568,12.428571701049805,0.8793103694915771,0.9847727417945862,0.05583333224058151,0.311355322599411,0.21794871985912323,51.95,35
-0.0521457494090479,0.01233860648012093,0.04560780337778427,-0.012438728432883723,0.31735951345076624,-0.06457847626119817,0.9550831401475336,-0.09337725148189144,-0.027748288987078346,0.004035806567611503,0.05213227446952677,0.0,-0.08855083544363154,0.03172639674788737,0.4131105814350798,0.1436171630722611,-0.04324220002295306,0.17935416859106823,0.20387911745766893,0.12254703817908938,-0.22188370594788692,-0.12791539709920874,0.289944773020324,-0.0380289433254717,0.19177249559135454,0.07018627272488395,-0.12375914387047621,0.10606818753202854,-0.5669236014573993,-0.3851638722428211,35.0,60.0,40.0,435.0,0.3400000035762787,0.8999999761581421,43.400001525878906,130.0,147.89999389648438,285.9952392578125,1.5,1.0,0.008999999612569809,2.068965435028076,0.11559999734163284,2.941176414489746,6.075345993041992,147.89999389648438,2.441176414489746,1225.0,11.899999618530273,15225.0,189225.0,0.5099999904632568,12.428571701049805,0.8793103694915771,1.2692307233810425,-0.5833333134651184,0.325411319732666,0.23765996098518372,43.4,35
-0.1134891202248735,0.0466006010805358,0.14074736601294516,-0.06444237337841174,0.17814024041273263,-0.11447551395287753,-6.450975247416619,0.01017217477117795,-0.052918053869429084,-0.09208067163615762,0.024308231704680123,0.0,-0.06350872679875288,-0.1391090856323306,0.09075677233446666,0.022112726483643114,0.04845879096846807,0.18652670912211908,0.27668073043978403,0.18682318191537145,-0.12861348668436887,-0.10801438630554111,0.2707628082187042,-0.07609905702811992,0.09150741799861575,0.04986552556865306,-0.12024354055761713,0.2103903329233049,-0.4180166458795151,-0.3464506106800665,35.0,60.0,40.0,435.0,0.3400000035762787,0.8999999761581421,35.75,150.0,147.89999389648438,285.9952392578125,1.5,1.0,0.008999999612569809,2.068965435028076,0.11559999734163284,2.941176414489746,6.075345993041992,147.89999389648438,2.441176414489746,1225.0,11.899999618530273,15225.0,189225.0,0.5099999904632568,12.428571701049805,0.8793103694915771,1.0333333015441895,-0.0833333358168602,0.08974359184503555,0.21794871985912323,44.1,35
-0.06682705629155082,0.04966777896947877,0.056562391894708366,-0.03993132317022937,0.38891714780849374,-0.05113314711121811,-4.886655776770071,0.41928162245614725,-0.03661036846036573,-0.14307523697552282,0.0134998836773565,0.0,-0.09427769935598863,0.037625153733622116,0.3392548456540947,0.11773422765761997,0.01990786158230681,0.12475145474749655,0.16824067615008031,0.10731512865895117,-0.11436010255771269,-0.04489493493054881,0.2916990614354265,-0.3804856472634307,0.1122090707079068,0.060002304703053025,0.11802570215991039,0.21596264950397873,-0.42273478037254497,-0.3713931583012219,35.0,60.0,40.0,435.0,0.3400000035762787,0.8999999761581421,37.59000015258789,190.0,147.89999389648438,285.9952392578125,1.5,1.0,0.008999999612569809,2.068965435028076,0.11559999734163284,2.941176414489746,6.075345993041992,147.89999389648438,2.441176414489746,1225.0,11.899999618530273,15225.0,189225.0,0.5099999904632568,12.428571701049805,0.8793103694915771,0.9736841917037964,0.0833333358168602,0.09506398439407349,0.23765996098518372,40.9,35
-0.05980660808826084,-0.021818299074019776,0.0993884865601575,0.12141410551191303,0.21008001275311136,-0.038842224309318385,-3.799587385156191,-0.051678179992365084,-0.04540856425986937,-0.2170267557801946,0.00954821260193237,0.0,-0.08335226127147709,-0.09368921961044138,0.3304042986655138,0.1572243210625036,-0.03354999869317467,0.18364315624064906,0.19484499128523272,0.16852745755448675,0.03255805702033334,-0.09310823492091533,0.2840756332745416,0.025450097798465743,0.25503760361118955,-0.03335495935381118,-0.22210932625236435,-0.08052452859246385,-0.06483926073186153,-0.5036455982873382,35.0,58.0,42.0,435.0,0.3400000035762787,0.8999999761581421,38.09000015258789,165.0,147.89999389648438,285.9952392578125,1.3809523582458496,1.0,0.008999999612569809,2.068965435028076,0.11559999734163284,2.941176414489746,6.075345993041992,147.89999389648438,2.441176414489746,1225.0,11.899999618530273,15225.0,189225.0,0.4695238173007965,12.428571701049805,0.8793103694915771,0.7878788113594055,0.5833333134651184,0.09689214080572128,0.04387568682432175,44.0,35
-0.06132906916401624,-0.11390318559967696,0.04562632200151689,0.10406563667622899,0.23468591718795426,-0.04468372177427785,-0.9722726532526924,0.06384326544021131,0.017323785250976272,0.3183265444125628,-0.0757594405155217,0.0,-0.0938010863980944,0.01956588478001495,0.13828825767530825,0.10868412008076686,-0.025875553133662826,0.11591803468002852,0.19051953024236162,0.17559745715716596,0.2895039005259752,0.011573842460188213,0.26963367331430343,0.29144644580799417,0.34678431917554675,0.01994636931974444,0.44584733923584063,0.04647364417144391,0.3630170425558441,-0.23614231897110366,35.0,58.0,42.0,435.0,0.3499999940395355,0.8999999761581421,39.79999923706055,210.0,152.25,290.3452453613281,1.3809523582458496,1.0,0.008999999612569809,2.068965435028076,0.12250000238418579,2.857142925262451,6.075345993041992,152.25,2.357142925262451,1225.0,12.25,15225.0,189225.0,0.4833333194255829,12.428571701049805,0.8644067645072937,0.8333333134651184,0.5833333134651184,0.09689214080572128,0.21206581592559814,44.3,35
-0.08094348709115184,-0.1153892990120156,-0.20828266280999383,0.13854972045381275,0.035530026760313416,-0.04280655759947569,1.2559281999818965,-0.5505986942175115,-0.024324311383393,-0.0729918740706194,-0.09446001560414134,0.0,-0.058216912964277834,0.024912389255472154,0.2343565073359495,0.06306360473698733,0.07656433639104597,-0.06929890279874998,-0.0031615317825638076,0.4283600757530586,0.4527152882192133,0.11853127437143574,0.36889037515878387,0.16719535865864255,0.8846032808801725,0.2137038393578459,0.07835859785823594,-0.11066639793402286,-0.029441915230359324,-0.0002913707530145322,35.0,58.0,42.0,420.0,0.36000001430511475,0.8999999761581421,41.29999923706055,230.0,151.1999969482422,284.5333251953125,1.3809523582458496,1.0,0.008999999612569809,2.142857074737549,0.12960000336170197,2.777777671813965,6.040254592895508,151.1999969482422,2.277777671813965,1225.0,12.600000381469727,14700.0,176400.0,0.49714285135269165,12.0,0.8500000238418579,0.9347826242446899,0.25,0.10256410390138626,0.018315019086003304,44.3,35
-0.06254446519212158,-0.01614254243097567,-0.13381103199865946,-0.023596829564406237,0.4499323812040949,-0.003560498786999374,-4.974022487001633,-0.05254476345326939,0.005768131503684762,-0.04676539126457814,-0.18011164473086114,0.0,-0.00460988236520947,0.3129018603780021,0.48049349573041333,0.21823956400864766,-0.04447664683440793,-0.09897578922511303,0.17717050407115528,0.15945906356300338,-0.1713167427298818,-0.043229536578712494,0.2868324097125729,0.18942331522849107,0.10055720168120692,0.12904949071697505,-0.19504414562295344,-0.22745336228110505,-0.22381364254464978,-0.24478474044977322,35.0,58.0,42.0,440.0,0.3400000035762787,0.8500000238418579,35.79999923706055,225.0,149.60000610351562,289.28253173828125,1.3809523582458496,1.0,0.008500000461935997,1.9318181276321411,0.11559999734163284,2.941176414489746,6.086774826049805,149.60000610351562,2.441176414489746,1225.0,11.899999618530273,15400.0,193600.0,0.4695238173007965,12.571428298950195,0.8793103694915771,0.8444444537162781,0.5833333134651184,0.325411319732666,0.02376599609851837,45.17,35
-0.029047043309140232,-0.05116041264466713,0.05635244376271967,0.11257027631936878,0.19577494655945976,0.06483123796412586,1.2305346642543766,-0.23547544885261265,-0.07418589447151668,0.06699597374951399,-0.04065651269620464,0.0,0.030868687684498502,0.17834444174897557,0.28466937824635763,0.21279657421358555,-0.06475258292792713,0.012491182056671882,0.18929464969160492,0.1783661864779488,0.004821621807434422,0.04978341190675793,0.2798478910938813,0.6300068146101352,0.2911708537620053,0.06247243969628148,-0.027230337841899245,0.2693326450728626,-0.683905287024026,-0.7920794688577651,35.0,58.0,42.0,440.0,0.3400000035762787,0.800000011920929,44.900001525878906,205.0,149.60000610351562,289.28253173828125,1.3809523582458496,1.0,0.00800000037997961,1.8181818723678589,0.11559999734163284,2.941176414489746,6.086774826049805,149.60000610351562,2.441176414489746,1225.0,11.899999618530273,15400.0,193600.0,0.4695238173007965,12.571428298950195,0.8793103694915771,0.4878048896789551,1.75,0.3144424259662628,0.020109688863158226,51.2,35
-0.07294375061251336,-0.048173788350675435,-0.14752341721452095,-0.09919066217157996,0.36088224075065495,-0.05282303617659923,-5.3975942121617395,-0.05306670551417649,-0.23505776482222204,-0.2881324058287349,-0.23350176211964846,0.0,-0.12224943178794037,-0.02582852823781033,0.36030961532158334,0.1317071842345454,-0.02573102842676481,-0.40695617278818985,0.10958464758308627,0.15207369384349287,-0.25017593899767554,-0.033721472927955985,0.21010479432117035,-0.7088201004806449,-0.015459718639016927,0.10282456812260604,-0.7904582732814084,-0.13403917259928638,0.09022765505713363,-0.4689060045321002,35.0,58.0,42.0,440.0,0.3499999940395355,0.8999999761581421,34.900001525878906,210.0,154.0,293.6825256347656,1.3809523582458496,1.0,0.008999999612569809,2.045454502105713,0.12250000238418579,2.857142925262451,6.086774826049805,154.0,2.357142925262451,1225.0,12.25,15400.0,193600.0,0.4833333194255829,12.571428298950195,0.8644067645072937,0.9523809552192688,0.1666666716337204,0.20658135414123535,0.23765996098518372,38.82,35
-0.07877389465120051,-0.07601989543187047,-0.3550660980708466,0.11658519594592001,0.15697102149252057,-0.06750765766630948,2.31547887607583,0.22592845847756976,-0.2706310370533938,-0.052429463952571545,-0.044248220980194326,0.0,-0.13270450742859277,0.07525190103287233,0.2998360731515124,0.03188158540568682,-0.019564424705365645,-0.2132480892182373,0.133081835364264,0.3018576136442199,-0.21049576465358835,0.13071611542378428,0.28723036112005695,0.12128874575032503,0.13169642863787434,0.18020683724447614,0.3144965208024059,-0.14899463113103825,-0.7755460122760126,-0.6024107220015835,35.0,58.0,42.0,440.0,0.3499999940395355,0.8999999761581421,45.75,205.0,154.0,293.6825256347656,1.3809523582458496,1.0,0.008999999612569809,2.045454502105713,0.12250000238418579,2.857142925262451,6.086774826049805,154.0,2.357142925262451,1225.0,12.25,15400.0,193600.0,0.4833333194255829,12.571428298950195,0.8644067645072937,0.9268292784690857,0.25,0.311355322599411,0.06776557117700577,48.21,35
-0.04943485633629048,0.11533137065191988,0.12539529981334466,0.11399586507990804,0.31064168086531335,0.042234667062843616,12.094414382491518,-0.32778951984453514,-0.06250784249354531,0.4472087031135012,0.03095188264916763,0.0,0.014796709402278702,0.20794009547295186,0.29161713828279834,0.3269060525512877,-0.08385776320917389,-0.029712012942252352,0.1907966531463955,0.15970068712874078,0.3984381785739199,0.22554118561416234,0.30064791452358275,0.18055699387746252,0.29440719813587657,-0.038015687324620705,0.5395402451420407,0.27070311000725006,0.5899251483804344,-0.436959983284097,35.0,60.0,40.0,440.0,0.3499999940395355,0.8500000238418579,57.59000015258789,210.0,154.0,293.6825256347656,1.5,1.0,0.008500000461935997,1.9318181276321411,0.12250000238418579,2.857142925262451,6.086774826049805,154.0,2.357142925262451,1225.0,12.25,15400.0,193600.0,0.5249999761581421,12.571428298950195,0.8644067645072937,1.0,0.0,0.20109689235687256,0.06032906845211983,61.53,35
-0.037981356194271634,-0.045563609106191,0.0019552449037806502,0.0917040348326072,0.15082854957412759,-0.04955566583850209,6.450109463326383,0.3438260741236892,0.09277540260020298,-0.015605879020968818,-0.022577520265752573,0.0,-0.06380120110981274,-0.12161484662474899,0.28700685362925166,0.14516130443342198,-0.04072566370732838,0.06760554430457615,0.28600608735515354,0.1523724584709088,-0.08777445604054088,0.002705389906707074,0.24157963580522096,-0.018260011562662902,0.24247040815335594,0.0324376701288562,-0.4515735982162738,-0.04043035263152452,-0.2631451994186252,-0.5542595132362073,35.0,60.0,40.0,435.0,0.3400000035762787,0.8999999761581421,49.77000045776367,170.0,147.89999389648438,285.9952392578125,1.5,1.0,0.008999999612569809,2.068965435028076,0.11559999734163284,2.941176414489746,6.075345993041992,147.89999389648438,2.441176414489746,1225.0,11.899999618530273,15225.0,189225.0,0.5099999904632568,12.428571701049805,0.8793103694915771,0.7647058963775635,0.6666666865348816,0.09689214080572128,0.21206581592559814,55.23,35
-0.0809999774044152,-0.011381911440207159,0.10254763485182891,0.07045891199866669,0.1733872855401958,0.018150783478031833,-2.03586417893297,-0.03971653638858688,0.023891899760938612,0.004851105166773885,-0.018138702896739113,0.0,-0.04314307028965139,0.19253177122533857,0.2718764404057252,0.08300483482407908,0.17019248060411332,0.1591452399441481,0.2327873860119387,0.25010391293173917,-0.10016783326042583,0.010386853108034113,0.028587004829964267,-0.2742754774999253,0.13334733674998453,0.23192591528992715,1.5070772144941524,0.5376836385603768,-0.11956850586622507,0.9403847654189406,35.0,60.0,40.0,435.0,0.3400000035762787,0.8500000238418579,39.79999923706055,50.0,147.89999389648438,285.9952392578125,1.5,1.0,0.008500000461935997,1.954023003578186,0.11559999734163284,2.941176414489746,6.075345993041992,147.89999389648438,2.441176414489746,1225.0,11.899999618530273,15225.0,189225.0,0.5099999904632568,12.428571701049805,0.8793103694915771,2.5999999046325684,-1.3333333730697632,0.31501832604408264,0.30586081743240356,47.2,35
-0.05093947028160962,0.0206080138939777,0.023327758656887746,-0.01768789823917212,0.20865973585094336,-0.0745828746800395,0.7846484493620981,0.4804271334241146,0.18043903195852035,0.008343526942312475,-0.0070024701841669085,0.0,-0.10086047074313939,-0.0709532697596516,0.23599177070761146,0.1080640029519428,0.07100902488031949,0.38607193986025207,0.289816151447433,0.10477172702614503,-0.10328617509359783,-0.0861989968388293,0.28353857049804926,-0.0795535483749422,0.03679635530754682,0.10545187771187448,0.7265208092231565,0.6809360935764648,-0.5856094399086081,-0.2713541060936993,35.0,60.0,40.0,435.0,0.3400000035762787,0.8999999761581421,41.29999923706055,220.0,147.89999389648438,285.9952392578125,1.5,1.0,0.008999999612569809,2.068965435028076,0.11559999734163284,2.941176414489746,6.075345993041992,147.89999389648438,2.441176414489746,1225.0,11.899999618530273,15225.0,189225.0,0.5099999904632568,12.428571701049805,0.8793103694915771,1.0147727727890015,-0.05416666716337204,0.32967033982276917,0.21794871985912323,52.55,35
-0.08163739350681483,-0.028536624786618107,-0.03423214976846513,0.11575734911937323,0.17003271650397694,-0.055857739620634506,-1.6771755987668409,0.21175516035139388,0.03883307493432078,-0.18228732791929392,-0.019807111680823507,0.0,-0.09835752638576312,-0.11879895456211333,0.20325810280540157,0.11881485139375891,-0.11353945298754206,0.12487734026564973,0.16402891267233408,0.1419749073380434,-0.048897716249794096,-0.0019886215572710465,0.3061136411274222,-0.35527348231050754,0.06729541816479889,-0.017975661575495384,0.00748749794206735,0.02935134190590882,-0.34819373193709324,-0.3518059096371977,35.0,60.0,40.0,435.0,0.3400000035762787,0.8999999761581421,39.77000045776367,150.0,147.89999389648438,285.9952392578125,1.5,1.0,0.008999999612569809,2.068965435028076,0.11559999734163284,2.941176414489746,6.075345993041992,147.89999389648438,2.441176414489746,1225.0,11.899999618530273,15225.0,189225.0,0.5099999904632568,12.428571701049805,0.8793103694915771,1.0333333015441895,-0.0833333358168602,0.10054844617843628,0.21206581592559814,44.1,35
-0.06358382877626015,-0.12386768766679268,0.01470254282395768,0.08457797783749126,0.25717945344099247,-0.04396879106666037,-4.219932099159377,0.14842121296390687,0.15453806560060449,0.3049838535477831,-0.1007396030859359,0.0,-0.09016755230607885,0.03135336182507871,0.22276084172820138,0.10604947403858622,-0.01016284938237857,0.14730048008542135,0.20075351951939505,0.20624290856828353,0.43733255361515744,0.06474101042072011,0.34173419902560176,0.3624994515201688,0.4540694890251564,0.07983697033844336,0.5165414307216633,0.11152796810010186,0.546056182647103,-0.23479823893934676,35.0,58.0,42.0,435.0,0.3499999940395355,0.8999999761581421,37.130001068115234,210.0,152.25,290.3452453613281,1.3809523582458496,1.0,0.008999999612569809,2.068965435028076,0.12250000238418579,2.857142925262451,6.075345993041992,152.25,2.357142925262451,1225.0,12.25,15225.0,189225.0,0.4833333194255829,12.428571701049805,0.8644067645072937,0.8333333134651184,0.5833333134651184,0.09689214080572128,0.21206581592559814,44.3,35
-0.09273803420755272,-0.11588034704826657,-0.20427144389945323,0.13067145349681908,0.17686930183659216,-0.059406276211589,-4.168057825741234,-0.1291321704635392,0.07303747221482625,-0.09588125209792718,-0.13636953049680275,0.0,-0.0553779870979267,0.06186867500385011,0.26717517226564474,0.07633269868607534,0.14395246938323017,0.03623467293054082,-0.0004921806797723585,0.5148496860888445,0.46389224333336027,0.1171580290151772,0.4098351718705005,-0.019508440786365683,0.9192053968551422,0.2642061754373138,0.12087407973331583,-0.13298465567273046,-0.040875641734707854,0.18615750875287454,35.0,58.0,42.0,420.0,0.36000001430511475,0.8999999761581421,36.470001220703125,230.0,151.1999969482422,284.5333251953125,1.3809523582458496,1.0,0.008999999612569809,2.142857074737549,0.12960000336170197,2.777777671813965,6.040254592895508,151.1999969482422,2.277777671813965,1225.0,12.600000381469727,14700.0,176400.0,0.49714285135269165,12.0,0.8500000238418579,0.9347826242446899,0.25,0.10256410390138626,0.018315019086003304,44.3,35
-0.02856694462329838,-0.08376843181884763,0.06586869149396275,0.11929190298385511,0.1890333469749537,0.00625017594922161,2.0408652968614507,-0.38586056558371007,-0.11759542170807484,-0.020633081930488503,-0.042315155380760215,0.0,-0.05921514425160824,0.09424344629053162,0.2861985650621703,0.20685382627176582,-0.07801534538591254,0.027208050083369704,0.22975519400797734,0.16473503556518293,-0.009729406871517052,0.03896218122557438,0.25612606100206736,0.8189235769472342,0.3029774420248251,0.07548028411330497,-0.4035242450826131,-0.25410870267517244,-0.5020272639403395,-0.7271657497951357,35.0,58.0,42.0,440.0,0.3400000035762787,0.8500000238418579,42.689998626708984,225.0,149.60000610351562,289.28253173828125,1.3809523582458496,1.0,0.008500000461935997,1.9318181276321411,0.11559999734163284,2.941176414489746,6.086774826049805,149.60000610351562,2.441176414489746,1225.0,11.899999618530273,15400.0,193600.0,0.4695238173007965,12.571428298950195,0.8793103694915771,0.8444444537162781,0.5833333134651184,0.3144424259662628,0.020109688863158226,45.17,35
-0.10213691261915905,-0.015261075573257255,-0.12864913321888388,-0.0009157027148120546,0.4522224689485934,0.05634730452933345,-5.114134970265958,-0.3902053344078142,0.02829031968623473,-0.11687216954133288,-0.15310970181006656,0.0,0.1392675685813907,0.33176393532061843,0.4646662390850037,0.1757412139840186,-0.049177913039736794,-0.14149057423264558,0.15309907222352506,0.17596625519675527,-0.1700143827379182,-0.04119001122712225,0.2394860948903341,0.03175722702857151,0.08073692859227291,0.13522890367048654,-0.050086152185305245,0.174141146324385,-0.294996704768244,-0.22147454090323915,35.0,58.0,42.0,440.0,0.3400000035762787,0.800000011920929,35.79999923706055,205.0,149.60000610351562,289.28253173828125,1.3809523582458496,1.0,0.00800000037997961,1.8181818723678589,0.11559999734163284,2.941176414489746,6.086774826049805,149.60000610351562,2.441176414489746,1225.0,11.899999618530273,15400.0,193600.0,0.4695238173007965,12.571428298950195,0.8793103694915771,0.4878048896789551,1.75,0.325411319732666,0.02376599609851837,51.2,35
-0.07201997422511407,-0.1476588423731544,-0.22938977608515257,-0.020199819689146047,-0.046293494107684394,-0.06704276818278819,-4.919217454002896,-0.17658949215614625,-0.2597797741039308,-0.3186571467332121,-0.2106466917281548,0.0,-0.10528379205274006,-0.11231890818037632,0.2554136284489221,0.05232170102161475,0.12914152238047868,-0.5752093175080948,0.015413840860037263,0.3231458785686899,-0.0913202108510384,0.06720063360001523,0.13357217913728203,-0.43934844471454737,0.09389996063647826,0.18637837652759226,-0.3801332749814693,-0.19341164080181505,0.14712069128679398,-0.4637491928572545,35.0,58.0,42.0,440.0,0.3499999940395355,0.8999999761581421,36.22999954223633,210.0,154.0,293.6825256347656,1.3809523582458496,1.0,0.008999999612569809,2.045454502105713,0.12250000238418579,2.857142925262451,6.086774826049805,154.0,2.357142925262451,1225.0,12.25,15400.0,193600.0,0.4833333194255829,12.571428298950195,0.8644067645072937,0.9523809552192688,0.1666666716337204,0.20695970952510834,0.21978022158145905,38.82,35
-0.06957021084743399,-0.12365755246896858,-0.19747134590133125,0.008580271541970426,0.17624796812110954,-0.08140848834014379,0.8030928623258953,-0.2739398229856753,-0.27936460383654765,-0.03578148255768154,-0.0343052054811853,0.0,-0.16141967871455787,0.030426142476960467,0.1660993485509836,0.07374284110929981,0.07415670385808275,-0.43121041075266686,0.2537967485217526,0.09262017399052792,0.1964855146603199,-0.18655414110323737,0.2604353859696176,-0.05130531357470296,-0.06353714956479774,0.05366866298845338,-0.31761434323335497,-0.1927585850838673,-0.7131205923516041,-0.5536401265226027,35.0,58.0,42.0,440.0,0.3499999940395355,0.8999999761581421,41.400001525878906,205.0,154.0,293.6825256347656,1.3809523582458496,1.0,0.008999999612569809,2.045454502105713,0.12250000238418579,2.857142925262451,6.086774826049805,154.0,2.357142925262451,1225.0,12.25,15400.0,193600.0,0.4833333194255829,12.571428298950195,0.8644067645072937,0.9268292784690857,0.25,0.32967033982276917,0.06410256773233414,52.51,35
-0.039239892624340716,-0.106419486861976,-0.3480153484992264,0.09388645626216935,0.030125189840851826,-0.006261619677849533,4.6773071531418,-0.241419163137485,-0.22095979754855696,-0.10646889437780246,-0.27177407986088026,0.0,-0.04460421949214166,0.1201700689113299,0.3072705274871247,0.10767337886743594,0.1857889598765877,-0.42257604570557333,0.05074244417402134,0.2496888195853791,-0.14073046516720494,0.023451753396955804,0.12440392376137992,-0.27744938357986776,0.07602848952862805,0.19729646941930662,0.15536382124428336,-0.02366296220364218,0.37920802324570574,-0.428015695372756,35.0,58.0,42.0,440.0,0.3499999940395355,0.8500000238418579,47.130001068115234,210.0,154.0,293.6825256347656,1.3809523582458496,1.0,0.008500000461935997,1.9318181276321411,0.12250000238418579,2.857142925262451,6.086774826049805,154.0,2.357142925262451,1225.0,12.25,15400.0,193600.0,0.4833333194255829,12.571428298950195,0.8644067645072937,1.0,0.0,0.20695970952510834,0.0714285746216774,57.84,35
-0.08786852946782517,0.0314409894676113,0.07918038032547052,0.03096887445357073,0.27596885099976237,-0.057015924621903136,5.426372983838075,0.48921024979032907,0.07643747167296099,-0.00027448817780721516,0.11882962931494252,0.0,-0.0877956996924021,0.079082336806912,0.29964100846382324,0.12135393550173895,-0.028860071854432467,0.07809514820125577,0.14965898328645183,0.10903995430996288,-0.20857319802990987,-0.12323508634747996,0.23195266908649137,0.016254582109293703,0.10785957946415463,0.03438285858132455,-0.07033224190351864,-0.08097316416260802,-0.34411798331776994,-0.5845854925860644,35.0,60.0,40.0,435.0,0.3400000035762787,0.8999999761581421,48.09000015258789,170.0,147.89999389648438,285.9952392578125,1.5,1.0,0.008999999612569809,2.068965435028076,0.11559999734163284,2.941176414489746,6.075345993041992,147.89999389648438,2.441176414489746,1225.0,11.899999618530273,15225.0,189225.0,0.5099999904632568,12.428571701049805,0.8793103694915771,0.7647058963775635,0.6666666865348816,0.09506398439407349,0.23765996098518372,52.65,35
-0.024879132188908068,-0.057904204290297356,-0.2587647272636302,0.12698651700256636,0.18671175350326227,-0.03312123754902214,4.152433114244919,-0.4558540964108506,0.11766283471812652,-0.09040059330390775,-0.007764373266062593,0.0,-0.09662231098599232,0.30089019074021367,0.3585257393771453,0.08472338468786804,-0.011751483419708044,0.09803831422805703,0.14005117677482948,0.3113716919223763,-0.2234294912595028,0.048437663215326006,0.2459023383724445,0.2573115132924904,0.34687235888010803,0.18502368783765052,0.6819872051291418,-0.11485099368661271,-0.47769262489180303,1.063719706818709,35.0,58.0,42.0,435.0,0.3400000035762787,0.8500000238418579,47.130001068115234,50.0,147.89999389648438,285.9952392578125,1.3809523582458496,1.0,0.008500000461935997,1.954023003578186,0.11559999734163284,2.941176414489746,6.075345993041992,147.89999389648438,2.441176414489746,1225.0,11.899999618530273,15225.0,189225.0,0.4695238173007965,12.428571701049805,0.8793103694915771,2.5999999046325684,-1.3333333730697632,0.311355322599411,0.31501832604408264,57.84,35
-0.06479370652769639,-0.010669682541848358,0.0282936159561932,0.08259034295606409,0.17099264317326582,-0.08236787695234069,4.853547386226657,0.3176988308590144,0.11545821393123552,-0.0817633225358073,-0.007232654902924785,0.0,-0.09817883291378927,-0.05623374368159785,0.2545292724820899,0.1891034552613567,-0.09248004894010071,0.1978170232852541,0.25872183586813857,0.15945491527465522,-0.08043515410504629,-0.025023497960811054,0.1944317715202699,-0.20015140073912635,0.10853310282761307,0.05930626044598223,0.5859228032876785,0.3993254117575324,-0.26639803641994636,-0.3083855475781864,35.0,60.0,40.0,435.0,0.3400000035762787,0.8999999761581421,46.470001220703125,220.0,147.89999389648438,285.9952392578125,1.5,1.0,0.008999999612569809,2.068965435028076,0.11559999734163284,2.941176414489746,6.075345993041992,147.89999389648438,2.441176414489746,1225.0,11.899999618530273,15225.0,189225.0,0.5099999904632568,12.428571701049805,0.8793103694915771,0.9846363663673401,0.056333333253860474,0.3144424259662628,0.21206581592559814,57.49,35
-0.06423919625817483,-0.02680090257528743,-0.039192529334001566,0.06646574173092581,0.1856640451710215,-0.21303140470132464,0.402493555794646,-0.1720544859972018,-0.03420120571753323,-0.33618974519184913,-0.031226399675507662,0.0,-0.18356388388437625,-0.11128592503478917,0.21479989184721282,0.18396629499865094,-0.08591392318584132,-0.010885218752920079,0.21508147180096798,0.13442364755006453,-0.08483194625835098,-0.011707612541645752,0.2632780992213986,-0.6766929554085457,0.0411227963051393,0.05715558121407127,-1.6968333853409214,-0.6612079543235193,-0.7181113017627896,-0.3494930879199794,35.0,60.0,40.0,435.0,0.3400000035762787,0.8999999761581421,43.400001525878906,130.0,147.89999389648438,285.9952392578125,1.5,1.0,0.008999999612569809,2.068965435028076,0.11559999734163284,2.941176414489746,6.075345993041992,147.89999389648438,2.441176414489746,1225.0,11.899999618530273,15225.0,189225.0,0.5099999904632568,12.428571701049805,0.8793103694915771,1.2692307233810425,-0.5833333134651184,0.3144424259662628,0.21206581592559814,49.8,35
-0.08894331355716645,0.035267443067371826,0.1533082973841002,0.13886483574178313,0.12144652990389432,-0.03556156398417936,-0.5182803226029222,-0.20229751947980618,0.10880402808132379,-0.15454456713505493,0.013581086161899352,0.0,-0.11068714429442221,0.011131029705112294,0.2301180537162102,0.09943665304460719,-0.08269860594042248,-0.004816939074656144,0.09688835046311904,0.2923684451709706,-0.3542492803617061,-0.024198581925178524,0.25662953062277116,-0.09284547949880037,0.16474736282663813,0.054245038449679976,-0.44685764251604304,-0.013429201524679838,-0.5406942646369093,-0.7001375561070473,35.0,60.0,40.0,435.0,0.3400000035762787,0.8999999761581421,44.099998474121094,150.0,147.89999389648438,285.9952392578125,1.5,1.0,0.008999999612569809,2.068965435028076,0.11559999734163284,2.941176414489746,6.075345993041992,147.89999389648438,2.441176414489746,1225.0,11.899999618530273,15225.0,189225.0,0.5099999904632568,12.428571701049805,0.8793103694915771,1.0333333015441895,-0.0833333358168602,0.10256410390138626,0.21794871985912323,53.4,35
-0.09342539454154261,0.016719419258888375,0.1084119798681029,-0.007413763986651286,0.14492376889449285,-0.06865223993383772,-5.378172329361074,0.08382367598501946,0.013609454744399146,-0.20746598315352743,-7.774478401203866e-05,0.0,-0.14460942887358286,0.0007951442728666777,0.24046943773834462,0.010946574950626379,0.21981233787828136,0.26251148017646153,0.158821970262786,0.24130125940199926,-0.1112561204000077,0.05649971816839423,0.08233390221179017,-0.24926503752817086,-0.04395394591675767,0.17106068441737793,-0.13486645800789554,-0.12650644230350228,-0.4245900319128595,-0.4277205994241253,35.0,60.0,40.0,435.0,0.3400000035762787,0.8999999761581421,36.400001525878906,190.0,147.89999389648438,285.9952392578125,1.5,1.0,0.008999999612569809,2.068965435028076,0.11559999734163284,2.941176414489746,6.075345993041992,147.89999389648438,2.441176414489746,1225.0,11.899999618530273,15225.0,189225.0,0.5099999904632568,12.428571701049805,0.8793103694915771,0.9736841917037964,0.0833333358168602,0.10256410390138626,0.21978022158145905,40.9,35
-0.07330046845549523,-0.07637001920215077,-0.1453463753074658,0.011488395985234946,0.20047431162243895,0.005952566074819512,-3.9297347228596338,0.1440105958753993,0.015960174160644762,-0.05931268127466378,-0.0643905876205433,0.0,-0.10659090493388827,-0.023899561478466967,0.23297406314455266,0.013553242102800815,0.18556798265213828,0.2942741551923523,0.19108555961989193,0.256218093825583,-0.11341985494432368,0.07159268254039838,0.14953439139144983,-0.2890363606125089,0.04927653559988501,0.2577643739171988,0.10064763555670438,-0.1091900300167274,-0.051716119954765986,0.08444428714742955,35.0,58.0,42.0,435.0,0.3400000035762787,0.8999999761581421,38.400001525878906,165.0,147.89999389648438,285.9952392578125,1.3809523582458496,1.0,0.008999999612569809,2.068965435028076,0.11559999734163284,2.941176414489746,6.075345993041992,147.89999389648438,2.441176414489746,1225.0,11.899999618530273,15225.0,189225.0,0.4695238173007965,12.428571701049805,0.8793103694915771,0.7878788113594055,0.5833333134651184,0.10256410390138626,0.04029304161667824,44.0,35
-0.05052018084804936,-0.11390318559967696,0.04562632200151689,0.10455996421112142,0.23468591718795426,-0.04468372177427785,-1.198670988759776,0.07472126747156414,0.038739908179429586,0.3283421139549101,-0.0757594405155217,0.0,-0.0938010863980944,0.020337959518674557,0.13828825767530825,0.10868412008076686,-0.024596435573469938,0.11591803468002852,0.19051953024236162,0.17559745715716596,0.3273237572453125,0.011573842460188213,0.2718126115477958,0.314722111381885,0.34647622197912276,0.016221844448898817,0.45973027896125673,0.04322247532924819,0.374796364816607,-0.2293671221019305,35.0,58.0,42.0,435.0,0.3499999940395355,0.8999999761581421,39.5,210.0,152.25,290.3452453613281,1.3809523582458496,1.0,0.008999999612569809,2.068965435028076,0.12250000238418579,2.857142925262451,6.075345993041992,152.25,2.357142925262451,1225.0,12.25,15225.0,189225.0,0.4833333194255829,12.428571701049805,0.8644067645072937,0.8333333134651184,0.5833333134651184,0.09689214080572128,0.21206581592559814,44.3,35
-0.027638174801978915,-0.024858999590050817,-0.25575088437401655,0.1245417647612702,0.06432937392777342,0.1231176737789567,4.901735087189848,-0.015071536762554641,-0.03164916540543343,0.03750418220409346,-0.20555665344624344,0.0,-0.000810575391719567,0.1890213280506078,0.2574101492366884,0.13344875490629354,0.18186053445189196,-0.03819374676648954,0.07182622928822027,0.27685338662434145,1.0526446639623033,0.21969571787499353,0.2947886901306315,0.13841990590524184,0.37484758392591083,0.18267332001422185,0.16347937644827895,0.34181396298755723,0.659901766661195,0.7859388869735117,35.0,58.0,42.0,400.0,0.3799999952316284,0.800000011920929,47.130001068115234,160.0,152.0,278.984130859375,1.3809523582458496,1.0,0.00800000037997961,2.0,0.1444000005722046,2.6315789222717285,5.991464614868164,152.0,2.1315789222717285,1225.0,13.300000190734863,14000.0,160000.0,0.5247619152069092,11.428571701049805,0.8225806355476379,1.03125,-0.0833333358168602,0.20695970952510834,0.30586081743240356,57.84,35
-0.044993825706206456,-0.09670927860678849,-0.311070665370767,0.12945991653288622,0.17929665084224308,0.08761425304336475,4.360871112458107,0.26408159505209156,-0.08542505141051009,-0.11636805094353284,-0.08336051208859524,0.0,-0.004327164425752368,0.21185258341326516,-0.12143283126499083,0.11553537254196064,0.05326312611879657,-0.00744098798530593,0.013084609533293642,0.4372626017550788,0.7805272980747919,0.1798270872250839,0.33848891408688986,0.26724276878163905,0.20009135565599698,0.17425238802275603,0.057042749800433286,0.20565093690721237,0.5710818253392932,0.17413274106064908,35.0,58.0,42.0,400.0,0.3799999952316284,0.800000011920929,46.470001220703125,160.0,152.0,278.984130859375,1.3809523582458496,1.0,0.00800000037997961,2.0,0.1444000005722046,2.6315789222717285,5.991464614868164,152.0,2.1315789222717285,1225.0,13.300000190734863,14000.0,160000.0,0.5247619152069092,11.428571701049805,0.8225806355476379,1.03125,-0.0833333358168602,0.16300366818904877,0.05677655711770058,57.84,35
-0.0035093730147300866,0.025719583631826453,0.034501269434663306,-0.026638403056206576,0.28691315757771235,-0.02908856302665711,0.8352066814062757,-0.101694817266872,0.032324617077941285,0.004110729716052358,0.014788492644188606,0.0,-0.08476802341226941,0.05784854828623096,0.22509890456679565,0.12646509952645155,0.16517151041067463,-0.25135693991817365,0.07407459255984164,0.22857967515072627,0.7884738873006875,-0.08573513554407704,0.2533243510974931,0.054454980035469204,0.06690661311376057,0.09594857078161735,-0.33106800953869464,-0.22288922044044773,0.33052641432184315,1.0299709809276039,35.0,60.0,40.0,440.0,0.3799999952316284,0.6000000238418579,42.689998626708984,195.0,167.1999969482422,306.8825378417969,1.5,1.0,0.006000000052154064,1.3636363744735718,0.1444000005722046,2.6315789222717285,6.086774826049805,167.1999969482422,2.1315789222717285,1225.0,13.300000190734863,15400.0,193600.0,0.5699999928474426,12.571428298950195,0.8225806355476379,0.9230769276618958,0.25,0.1684981733560562,0.3223443329334259,51.5,35
-0.05981373185548499,0.06265242142745245,0.16080219596036208,0.21269260440693655,0.1377038410715688,-0.06475764989265209,1.7928620569524596,-0.056890330549025474,-0.2898995033360005,0.24520295202572437,0.024936171111737813,0.0,-0.2543881025940052,0.11155884552485673,-0.035154428636635954,0.0923832138625719,-0.01744315475806787,-0.15502464865383764,-0.018039301913201626,0.43417442783071186,0.793017246887751,0.11806877310923977,0.38234961899610714,-0.08372584873585188,0.18136709040921958,0.17620972879556646,-0.35009840053437513,-0.1678194973358648,0.1607705118604528,-0.366865918752106,35.0,60.0,40.0,440.0,0.3799999952316284,0.699999988079071,45.79999923706055,195.0,167.1999969482422,306.8825378417969,1.5,1.0,0.007000000216066837,1.5909091234207153,0.1444000005722046,2.6315789222717285,6.086774826049805,167.1999969482422,2.1315789222717285,1225.0,13.300000190734863,15400.0,193600.0,0.5699999928474426,12.571428298950195,0.8225806355476379,0.9230769276618958,0.25,0.16300366818904877,0.15750916302204132,51.1,35
0.0066005467395062615,0.037755947943523285,0.11139455641346316,0.13513653681389953,0.2899420859017847,-0.03576276976465556,10.45049301360334,0.011101685213567698,0.007816684409133419,0.1885390952488351,0.018479298179962984,0.0,-0.21755174971057298,0.6256296467459206,-0.09271710008369,0.10177390775528308,-0.040225982289722774,0.027577921664136137,0.054248277294327636,0.2960000638381082,0.751699308628744,0.21930094197907438,0.3376017555681235,-0.1302364888403389,0.3239569445960935,0.041933054033208954,-0.1088679866984713,-0.009239184580660406,0.2625510379168835,-0.3052894779641215,35.0,60.0,40.0,440.0,0.3799999952316284,0.699999988079071,56.22999954223633,190.0,167.1999969482422,306.8825378417969,1.5,1.0,0.007000000216066837,1.5909091234207153,0.1444000005722046,2.6315789222717285,6.086774826049805,167.1999969482422,2.1315789222717285,1225.0,13.300000190734863,15400.0,193600.0,0.5699999928474426,12.571428298950195,0.8225806355476379,0.9473684430122375,0.1666666716337204,0.1736745834350586,0.0786106064915657,62.4,35
-0.04296657547229269,0.12241928423988725,0.25816558474356155,0.043964900648998634,0.26628152107822894,0.0232188383520537,8.812387828683075,-0.013941312698763439,0.3645407737925048,0.1305853759176846,0.03978002526047965,0.0,-0.062744687383375,-0.056578680531828685,0.1303335432756845,0.14811776440442725,0.19774517236108652,0.05576211994363001,0.07081407366810644,0.2595322302353343,0.8006054504901579,-0.013241533465356564,0.2277419548928659,-0.18826900425826631,0.7952216306683753,0.15526632053271808,0.37056390881192897,0.2709357885484319,0.7451809780196925,-0.2287502447463585,35.0,60.0,40.0,430.0,0.3799999952316284,0.8999999761581421,52.70000076293945,190.0,163.39999389648438,299.9079284667969,1.5,1.0,0.008999999612569809,2.0930233001708984,0.1444000005722046,2.6315789222717285,6.063785076141357,163.39999389648438,2.1315789222717285,1225.0,13.300000190734863,15050.0,184900.0,0.5699999928474426,12.285714149475098,0.8225806355476379,1.0,0.0,0.1684981733560562,0.07692307978868484,62.2,35
-0.0337062965664464,-0.1500388536840574,-0.3398223583326551,0.10578426538899403,0.13321299288151794,-0.018651382092325714,5.805948538124515,0.09624836526153792,-0.1680014869012896,0.24095027631030427,-0.07041679270117174,0.0,-0.007665104547038752,0.033731563784576826,-0.11579469871516428,0.050201511657408604,0.041898757658665076,0.054892793360709735,-0.028494895063687225,0.407043345223385,0.7011221026058843,0.07791916054408866,0.28413368757616486,0.22943503371573545,0.39295219725328834,0.1670066013895086,-0.22819593993440856,-0.21390056019768455,-0.6552083337464304,-0.4419317647076217,35.0,58.0,42.0,430.0,0.3799999952316284,0.8999999761581421,47.70000076293945,190.0,163.39999389648438,299.9079284667969,1.3809523582458496,1.0,0.008999999612569809,2.0930233001708984,0.1444000005722046,2.6315789222717285,6.063785076141357,163.39999389648438,2.1315789222717285,1225.0,13.300000190734863,15050.0,184900.0,0.5247619152069092,12.285714149475098,0.8225806355476379,0.9473684430122375,0.1666666716337204,0.311355322599411,0.15750916302204132,56.8,35
0.016658904109558385,-0.03458772171625593,0.017957206979436723,0.09654439108538038,0.24230201288295902,-0.060589604057319495,1.1391420735742734,0.12400749844325641,0.22202968720949576,0.33544149753947045,-0.053828977810511616,0.0,-0.0610087485701835,-0.03626372017707955,-0.02463397847837302,0.10059550664463705,-0.07265277053747354,-0.030733897024101384,0.0247097680527281,0.301901218688777,1.0732536708121314,0.10686808558428047,0.382144555332254,0.2289578308779628,0.41034710634328364,0.04652859404427444,-0.2109013980700427,-0.05729446758538372,-0.34478978042001385,0.6157677491035334,35.0,58.0,42.0,430.0,0.3799999952316284,0.8999999761581421,41.400001525878906,190.0,163.39999389648438,299.9079284667969,1.3809523582458496,1.0,0.008999999612569809,2.0930233001708984,0.1444000005722046,2.6315789222717285,6.063785076141357,163.39999389648438,2.1315789222717285,1225.0,13.300000190734863,15050.0,184900.0,0.5247619152069092,12.285714149475098,0.8225806355476379,0.9473684430122375,0.1666666716337204,0.3144424259662628,0.3363802433013916,52.51,35
-0.03891587886188683,-0.010065254487305797,-0.1399875366600401,0.08731053497364523,0.2495812505198508,-0.053497024419444816,5.260962907644714,0.17376091500191312,-0.057492324254322,-0.049822915517841355,-0.12448032799437034,0.0,0.05340653842681375,0.1826583639518624,0.12641825615187208,0.16771247067293094,0.018467617021544997,-0.10596255442818513,-0.026078752685033724,0.21047303609203222,0.6232034018997151,0.009530798077800428,0.3348427111042985,0.29924700357072265,0.04075521072267448,0.14203493538539724,-0.2126555066594035,-0.1522679222116177,0.6317849905483548,0.5898281581644829,35.0,58.0,42.0,400.0,0.3799999952316284,0.800000011920929,47.130001068115234,175.0,152.0,278.984130859375,1.3809523582458496,1.0,0.00800000037997961,2.0,0.1444000005722046,2.6315789222717285,5.991464614868164,152.0,2.1315789222717285,1225.0,13.300000190734863,14000.0,160000.0,0.5247619152069092,11.428571701049805,0.8225806355476379,0.9428571462631226,0.1666666716337204,0.20658135414123535,0.32358318567276,57.84,35
-0.04242524913228958,-0.04461851483814475,-0.20831234474564775,0.14674136831137674,0.2827230096718216,-0.04057442153983371,4.8748229794880675,0.1582475784757624,-0.267633248323487,0.018610910492946112,-0.07025893491372956,0.0,-0.049981173596976285,0.1126144505257282,0.19691311326183447,0.1538216150197668,0.16905293346813835,-0.32352590329439956,0.0493398254403471,0.24105543940053914,0.8379723090040265,0.00815119944624357,0.3853942971809323,0.30255815282874443,0.15270826037071308,0.11183557200306954,0.15392637179253552,0.1713602208032689,0.5902104280751538,0.27915270553535737,35.0,58.0,42.0,400.0,0.3799999952316284,0.800000011920929,46.470001220703125,170.0,152.0,278.984130859375,1.3809523582458496,1.0,0.00800000037997961,2.0,0.1444000005722046,2.6315789222717285,5.991464614868164,152.0,2.1315789222717285,1225.0,13.300000190734863,14000.0,160000.0,0.5247619152069092,11.428571701049805,0.8225806355476379,0.970588207244873,0.0833333358168602,0.1684981733560562,0.05677655711770058,57.49,35
0.47972709108533323,0.19545043925606703,0.4904692257077401,0.2263225167018591,0.5230038778590008,0.03887185889003214,7.105421461296715,0.2901727190368255,0.2633341426721141,0.09775686614623104,0.22779670143152528,0.0,0.005033181636617049,0.09743282027723309,0.19677275248740247,0.10308450326275383,0.3036984623445613,0.1113249877586998,0.14574436783864855,0.8283993529355934,0.5430587885546843,0.3150711078089493,0.3018551394703183,-0.007262906285971851,-0.003788404552763118,0.09636077616033144,0.5557209888028825,0.470209302387865,0.07163548432043684,-0.36077942163178583,40.0,62.0,38.0,460.0,0.3100000023841858,0.800000011920929,52.5,180.0,142.60000610351562,288.6317443847656,1.6315789222717285,1.0,0.00800000037997961,1.7391303777694702,0.09610000252723694,3.225806474685669,6.131226539611816,142.60000610351562,2.725806474685669,1600.0,12.399999618530273,18400.0,211600.0,0.5057894587516785,11.5,0.9272727370262146,0.9722222089767456,0.0833333358168602,0.16300366818904877,0.07326007634401321,60.3,40
0.5064958912515234,0.018753648924577114,0.07925641599602447,0.13852770968840755,0.23934389744052556,-0.08404333128587281,-2.87333421610371,0.14548619596114393,0.05737441438750062,0.3572025700001086,0.14000673854332238,0.0,0.005160182762355168,-0.3734373977880336,0.0760514963567803,0.16269021586836332,0.2027111098471453,-0.12269659350396883,0.2889033621466649,0.7970691937180535,1.0403844753895208,0.48115976187771065,0.2113580378408294,0.03535568187830406,0.2576276674875835,0.03145765196787291,-0.2250551609179733,-0.16645341748665568,0.0648163935634704,-0.01652899071892318,40.0,62.0,38.0,460.0,0.3400000035762787,0.699999988079071,39.29999923706055,160.0,156.39999389648438,302.4317321777344,1.6315789222717285,1.0,0.007000000216066837,1.52173912525177,0.11559999734163284,2.941176414489746,6.131226539611816,156.39999389648438,2.441176414489746,1600.0,13.600000381469727,18400.0,211600.0,0.554736852645874,11.5,0.8793103694915771,0.9375,0.1666666716337204,0.3144424259662628,0.14259597659111023,49.8,40
0.513209185696114,0.1693877547384949,0.7119582824466422,0.22202261879563956,0.7494239787861926,0.11168141423289513,0.312056617435953,-0.08171804941025673,0.00466801628222257,-0.10044855134216905,0.22403351351779932,0.0,0.17735098227912965,0.5150647157264864,0.25902435332104157,0.21510673998632218,0.36475734259594444,0.007257614691841727,0.2702493904278616,0.9000137965958165,0.79558065964404,0.42401653288752583,0.2154024183761943,0.06571785550065778,0.0753405718633197,0.33985389786506087,0.38835086994836737,0.4640159627247685,0.08857247131988118,-0.14304533936271116,40.0,62.0,38.0,460.0,0.33000001311302185,0.800000011920929,41.29999923706055,190.0,151.8000030517578,297.8317565917969,1.6315789222717285,1.0,0.00800000037997961,1.7391303777694702,0.10890000313520432,3.0303030014038086,6.131226539611816,151.8000030517578,2.5303030014038086,1600.0,13.199999809265137,18400.0,211600.0,0.5384210348129272,11.5,0.8947368264198303,1.0526316165924072,-0.1666666716337204,0.311355322599411,0.07326007634401321,53.4,40
0.6092383245237604,0.1232672043429322,0.12495011249390747,0.08979059561546208,0.1612954912332215,-0.1660794639051648,7.133595724071014,0.2862431636937802,0.15279854672770926,0.251889321823785,0.1439412201084854,0.0,-0.17022025050476808,-0.2584906890000887,0.15351136423130374,0.23308155525371005,0.17252397737591663,0.14287597285102033,0.30411031136845146,0.774696009624006,0.9024572133496355,0.41927390712984236,0.3540180943289823,0.09757629814998856,0.3743765126452797,0.019017683598366537,0.5341376856928735,0.37169166872458814,0.18299527573389407,-0.22617408998831917,40.0,62.0,38.0,460.0,0.3449999988079071,0.699999988079071,51.5,160.0,158.6999969482422,304.73175048828125,1.6315789222717285,1.0,0.007000000216066837,1.52173912525177,0.11902499943971634,2.8985507488250732,6.131226539611816,158.6999969482422,2.3985507488250732,1600.0,13.800000190734863,18400.0,211600.0,0.5628947615623474,11.5,0.8717948794364929,1.0625,-0.1666666716337204,0.1736745834350586,0.14259597659111023,58.1,40
0.3885209552737284,0.02599986399696554,0.07346049113983262,-0.002074379195339934,0.2992074991456691,0.011173495478815203,7.745624765676325,0.3108107816003041,-0.13176974510856812,0.1867584982753958,0.07876105708455354,0.0,0.11167611035870915,0.2727141260057987,0.28398049995707025,0.1593529014027817,0.21479684080980385,-0.13863585346083376,0.19564386292654495,0.9811798127503104,0.6205512830178349,0.313340379286735,0.1998138246659666,0.05676927865807521,0.22909607707412763,0.07712193437070897,-0.00939212501179532,0.40335298872173914,0.370694908314658,-0.28562565165155906,40.0,60.0,40.0,460.0,0.33000001311302185,0.800000011920929,52.70000076293945,190.0,151.8000030517578,297.8317565917969,1.5,1.0,0.00800000037997961,1.7391303777694702,0.10890000313520432,3.0303030014038086,6.131226539611816,151.8000030517578,2.5303030014038086,1600.0,13.199999809265137,18400.0,211600.0,0.4950000047683716,11.5,0.8947368264198303,1.0526316165924072,-0.1666666716337204,0.1681901216506958,0.054844606667757034,57.3,40
0.6982815040988415,0.10234583177093297,0.15649084885609787,0.11360845811817097,0.28822339314066264,0.0013599143231634119,10.015891030056833,0.038032263679915655,0.16132490925947338,0.27596068924986616,0.02627436617150711,0.0,-0.09315872435905515,0.18292923092182223,0.28554258437436053,0.21414005855445947,0.2346243249490566,0.1666926235837562,0.3097046649862496,0.7528582869650962,0.6761582648079626,0.3962476575020659,0.34149048446903685,0.29321563295574293,0.5238292613038192,0.13954491500341978,0.1429019530995672,0.012050799969118314,0.2322047412597531,-0.24832593428293773,40.0,60.0,40.0,460.0,0.3499999940395355,0.800000011920929,56.400001525878906,165.0,161.0,307.03173828125,1.5,1.0,0.00800000037997961,1.7391303777694702,0.12250000238418579,2.857142925262451,6.131226539611816,161.0,2.357142925262451,1600.0,14.0,18400.0,211600.0,0.5249999761581421,11.5,0.8644067645072937,0.9696969985961914,0.0833333358168602,0.1736745834350586,0.14259597659111023,63.2,40
0.3193931166718056,0.07687902663613534,0.5918126977087864,0.23460623504146938,0.2715592232150877,0.04914410941755152,3.3200057534881964,0.1979650033030689,-0.006443732120958306,0.16724023723501769,0.2713217822330801,0.0,0.1710221276845385,1.4412896760376392,0.29037259265209864,0.12999431439112955,0.6789027970632816,-0.050001951496481005,0.12473139827026332,0.9575563897243308,1.0417670220099415,0.40425666450985887,0.7813739980616479,0.18586518209849373,0.14986850801147564,0.2296989896799657,0.20263841191591705,-0.1962201763643276,-0.608797387352109,-0.11640120100069203,40.0,62.0,38.0,470.0,0.32499998807907104,0.800000011920929,48.400001525878906,180.0,152.75,301.95635986328125,1.6315789222717285,1.0,0.00800000037997961,1.7021276950836182,0.10562500357627869,3.076923131942749,6.152732849121094,152.75,2.576923131942749,1600.0,13.0,18800.0,220900.0,0.5302631855010986,11.75,0.9026548862457275,0.3333333432674408,2.0,0.31501832604408264,0.06593406945466995,64.7,40
0.3529314126061843,0.13313762179886782,0.48024742818791144,0.26984784698045433,0.7282285085574557,0.08738942720891162,-4.118561520054639,-0.23978281398604429,0.39666283341601,-0.21735838679785158,0.22263054402919355,0.0,0.21606576622356521,0.33013726923011466,0.17282067237950685,0.15110021535448187,0.3611633805443073,0.14473811419371188,0.2261208788498381,0.8081106023745498,0.6495037775746294,0.44046336202618974,0.18985298065382222,-0.1064960021565752,0.06405880677459272,0.19805247844781326,-0.5992823155443346,-0.2262250153001821,-0.053213559524191205,1.1534273769891072,40.0,62.0,38.0,460.0,0.3100000023841858,0.699999988079071,39.5,200.0,142.60000610351562,288.6317443847656,1.6315789222717285,1.0,0.007000000216066837,1.52173912525177,0.09610000252723694,3.225806474685669,6.131226539611816,142.60000610351562,2.725806474685669,1600.0,12.399999618530273,18400.0,211600.0,0.5057894587516785,11.5,0.9272727370262146,0.8999999761581421,0.3333333432674408,0.16300366818904877,0.31501832604408264,41.9,40
0.5279489323440818,0.0811320416565183,0.3403812324732937,0.241147750504122,0.5744764933194151,0.01831129163330189,5.600480348627968,0.5393342052878938,-0.1819435341454385,-0.0948695499284783,0.04878309053078257,0.0,-0.04178438856943661,0.28098860282761245,0.22797004925080733,0.09369697553885291,0.31254257543994807,-0.17095563406843323,0.21836639377394804,0.8709662936680865,0.7560689448341191,0.28586716368658555,0.20970374867877203,-0.09827369241114656,0.08513855864004072,0.16604476110505884,-0.38226421817201606,0.0823663213135986,0.12304171709990316,-0.2421742314687567,40.0,60.0,40.0,460.0,0.33000001311302185,0.699999988079071,50.400001525878906,140.0,151.8000030517578,297.8317565917969,1.5,1.0,0.007000000216066837,1.52173912525177,0.10890000313520432,3.0303030014038086,6.131226539611816,151.8000030517578,2.5303030014038086,1600.0,13.199999809265137,18400.0,211600.0,0.4950000047683716,11.5,0.8947368264198303,1.2142857313156128,-0.5,0.16300366818904877,0.05677655711770058,59.6,40
0.6541535385078131,0.08925884470983023,0.16970308841857568,0.24822136239131012,0.2890060150785957,-0.06232074875978819,11.732091085169074,0.33219621366771085,0.4158132733754675,0.6252369710168241,0.032948994376961346,0.0,-0.1271742372268083,0.23386036620963246,0.29984821977057097,0.08905427545233288,0.3513096408883228,0.19481641190986368,0.2844052199061213,0.8016201134027012,0.9464026711051697,0.36802439156806616,0.3301518735024833,0.21668174355722694,0.39062851324793657,0.15461830587952669,0.32730000803748177,0.25803706061661197,0.5485246424633895,-0.17872153166851495,40.0,60.0,40.0,460.0,0.35499998927116394,0.800000011920929,60.400001525878906,140.0,163.3000030517578,309.3317565917969,1.5,1.0,0.00800000037997961,1.7391303777694702,0.1260250061750412,2.816901445388794,6.131226539611816,163.3000030517578,2.316901445388794,1600.0,14.199999809265137,18400.0,211600.0,0.5325000286102295,11.5,0.8571428656578064,1.25,-0.5833333134651184,0.20109689235687256,0.14259597659111023,69.0,40
0.6190735976541549,0.11340728272266835,0.0697016065788336,0.22530967155372938,0.25112296093245795,0.02231170191321693,11.772604560153876,0.023128323354644844,-0.13684093756183835,0.10575601329380241,0.02188952541891781,0.0,-0.05025879011404825,0.1450925629270178,0.2748459475962848,0.3135442667842105,0.3581858683138118,-0.1357375548834449,0.3353999790533146,0.7881753547956734,0.5055619668944644,0.34083419793646536,0.3191518761220489,-0.035508463492029005,0.40735850176933686,0.4636975437219111,0.05058823151476975,0.06321829494884952,0.47616802393259877,0.501985812781205,40.0,60.0,40.0,460.0,0.33000001311302185,0.800000011920929,60.70000076293945,160.0,151.8000030517578,297.8317565917969,1.5,1.0,0.00800000037997961,1.7391303777694702,0.10890000313520432,3.0303030014038086,6.131226539611816,151.8000030517578,2.5303030014038086,1600.0,13.199999809265137,18400.0,211600.0,0.4950000047683716,11.5,0.8947368264198303,1.0,0.0,0.20109689235687256,0.3363802433013916,69.0,40
0.30587557619609407,0.011152452070877356,0.0822761457454369,0.035082085501749884,0.3244852636504794,-0.009674254785749268,12.120213400526538,0.4419690310142714,-0.11766307130707915,0.46701758947993066,0.0967546200468299,0.0,0.15025796436490418,-0.11052780178546805,0.3866304366328166,0.17786673758127206,0.27528377780922875,-0.23932887210408985,0.15812618194435882,0.982912801515865,0.6853608902676586,0.2764017531162815,0.30368187969092275,0.25511518343761563,0.17479297511338932,0.12398609698893424,0.07509250286492979,0.2928644384829843,0.6736135812698437,-0.21962496404980153,40.0,60.0,40.0,450.0,0.3449999988079071,1.0,62.400001525878906,160.0,155.25,298.1071472167969,1.5,1.0,0.009999999776482582,2.222222328186035,0.11902499943971634,2.8985507488250732,6.10924768447876,155.25,2.3985507488250732,1600.0,13.800000190734863,18000.0,202500.0,0.5174999833106995,11.25,0.8717948794364929,1.0,0.0,0.20658135414123535,0.054844606667757034,69.0,40
0.5636784721166129,0.058355908535051224,0.05343593680677937,0.2231818278443296,0.2556572565667302,-0.017104341125110185,3.8673110231375034,0.27596554394986683,0.2382088159230964,-0.07824933032620407,0.1857363878032501,0.0,-0.04711038255296885,-0.3466239788108532,0.17655323467809841,0.28275284998365835,0.3875418159273662,0.10710168130370191,0.31848787551873275,0.9623037283691179,-0.03944134350468785,0.530639408209412,1.5661433079406615,-0.0027056096464587284,0.7212595292406945,0.31811071948657155,-0.1900431054891826,-0.05232775605589028,-0.08268894277179681,0.44891454076474113,40.0,62.0,38.0,470.0,0.30000001192092896,0.699999988079071,46.599998474121094,160.0,141.0,290.20635986328125,1.6315789222717285,1.0,0.007000000216066837,1.4893616437911987,0.09000000357627869,3.3333332538604736,6.152732849121094,141.0,2.8333332538604736,1600.0,12.0,18800.0,220900.0,0.4894736707210541,11.75,0.9444444179534912,0.9375,0.1666666716337204,0.3144424259662628,0.3363802433013916,62.7,40
0.25204273455477305,0.032627626060703165,0.2770516147995203,0.07624199929451363,0.3460063862484039,0.004669120131938144,-2.0547068878398744,0.08856277386550376,-0.16856700726219212,0.4617720116053251,0.13474958838460957,0.0,0.06327445098191423,0.24133920850935223,0.3767192903047886,0.19328387398547228,0.2719754013358701,-0.27159208547954966,0.2511087613595985,0.9403438896940037,0.6438638562084041,0.48532149849879896,0.6814194487056188,0.18850162073597293,0.22427620841182708,0.15148313784891237,0.3684285076441598,0.3368173189246943,-0.3663474301735795,-0.18865490294512716,40.0,62.0,38.0,470.0,0.33000001311302185,0.800000011920929,40.599998474121094,150.0,155.10000610351562,304.30633544921875,1.6315789222717285,1.0,0.00800000037997961,1.7021276950836182,0.10890000313520432,3.0303030014038086,6.152732849121094,155.10000610351562,2.5303030014038086,1600.0,13.199999809265137,18800.0,220900.0,0.5384210348129272,11.75,0.8947368264198303,1.2000000476837158,-0.5,0.325411319732666,0.13711151480674744,65.1,40
0.5964563506808985,0.21129684668098717,0.16361869508133042,0.24324537589396344,0.27876368322458733,-0.0219174459628153,12.029964319672338,0.2411908244462277,0.09437641624283309,0.6480707423098889,0.1891352276656236,0.0,-0.08504726529434259,0.09867012883895604,0.24667434052777729,0.3755487670085917,0.3190161122240142,0.1633538818389047,0.2839759594666313,0.7983686941862761,0.8125027595524391,0.32789913352155525,0.3336280111085207,-0.033828885300089824,0.594328826436291,0.1224389125736701,0.2510706664990158,0.43694844264029137,0.5132953494385659,-0.17420772186965378,40.0,62.0,38.0,460.0,0.3499999940395355,0.8500000238418579,62.099998474121094,150.0,161.0,307.03173828125,1.6315789222717285,1.0,0.008500000461935997,1.8478261232376099,0.12250000238418579,2.857142925262451,6.131226539611816,161.0,2.357142925262451,1600.0,14.0,18400.0,211600.0,0.571052610874176,11.5,0.8644067645072937,1.2000000476837158,-0.5,0.20109689235687256,0.14259597659111023,65.6,40
0.4364496226367673,0.1719246520484611,0.46013871849941806,0.2974826721625118,0.5321486231161323,0.014613521618112007,11.747636627444415,-0.12701573431229796,0.21886942733654755,0.0491821834948076,0.15389188673846876,0.0,0.029304584940054695,0.3284273291535805,0.19564032340468335,0.14948814098874888,0.36940100181924523,0.12623168205615318,0.11486815182867137,0.8237783279022478,0.6048042636926492,0.269980508779654,0.3554453763842085,0.023345153239626344,0.05907451331070265,0.11396151925144464,-0.29591860588516167,-0.11912890158288682,0.03515122394821898,0.8007819040286462,40.0,62.0,38.0,460.0,0.3100000023841858,0.800000011920929,65.52999877929688,190.0,142.60000610351562,288.6317443847656,1.6315789222717285,1.0,0.00800000037997961,1.7391303777694702,0.09610000252723694,3.225806474685669,6.131226539611816,142.60000610351562,2.725806474685669,1600.0,12.399999618530273,18400.0,211600.0,0.5057894587516785,11.5,0.9272727370262146,0.8947368264198303,0.3333333432674408,0.16300366818904877,0.31501832604408264,69.4,40
0.29849433696734107,0.048106011469311864,0.24440377888465556,0.0982043856756513,0.2295992574518729,-0.10523888595492628,11.314030036522023,0.13339316148749006,-0.04516401381489345,0.05877705820238897,0.11305569477620997,0.0,-0.14736005865076196,0.1457910678494297,0.22977157361767883,0.08497068213240018,0.3375030971499118,0.06907868083235197,0.14377224070874753,0.9996109908296091,0.7140641680499976,0.19466786874295056,0.5688964965810294,0.14315958237040607,0.12784494931360324,0.12533297614314254,-0.11063858940175253,-0.09828333474284108,0.05606159437553112,0.44799221461626426,40.0,60.0,40.0,460.0,0.3199999928474426,0.8999999761581421,60.0,180.0,147.1999969482422,293.23175048828125,1.5,1.0,0.008999999612569809,1.95652174949646,0.10239999741315842,3.125,6.131226539611816,147.1999969482422,2.625,1600.0,12.800000190734863,18400.0,211600.0,0.47999998927116394,11.5,0.9107142686843872,0.9444444179534912,0.1666666716337204,0.1684981733560562,0.30586081743240356,68.2,40
0.48602177172717553,0.1985320582385292,0.4762293319371301,0.285492113435682,0.20421460588083412,-0.06696676796929786,11.926144411342461,0.38225589962262496,-0.18747665045685258,-0.056849164119186536,0.21576438234966652,0.0,-0.15611916241659804,0.3809285756524872,0.24031587622241074,0.13603272158591212,0.22723667731839423,-0.19558394727251538,0.22631288987151313,0.8349801012563224,0.5648015647312764,0.27604317775815085,0.4564923442787141,0.04665660382320854,0.11054895023086524,0.28014286304941277,0.14888035934773627,0.3094148389945236,0.07618640343659461,0.40247346587901667,40.0,62.0,38.0,460.0,0.3400000035762787,0.800000011920929,62.79999923706055,160.0,156.39999389648438,302.4317321777344,1.6315789222717285,1.0,0.00800000037997961,1.7391303777694702,0.11559999734163284,2.941176414489746,6.131226539611816,156.39999389648438,2.441176414489746,1600.0,13.600000381469727,18400.0,211600.0,0.554736852645874,11.5,0.8793103694915771,1.0,0.0,0.16300366818904877,0.05677655711770058,68.8,40
0.3161308496466627,0.04446471934140664,0.06254651806018713,0.05696816085144493,0.36734882569907595,0.011380434927828025,11.995178742811156,0.48376167451814167,-0.05050566042436299,0.36432924835408054,0.10380920886473412,0.0,-0.05324017223415106,0.2801937586188207,0.285356036060065,0.16084662387326978,0.2383970826591874,-0.1862629397123047,0.16300371850914896,1.1030796496868929,0.8087676998250863,0.4770923927091276,0.3382095878328308,-0.04276065375005375,0.20741897865488002,0.04941847515118146,-0.20403515827928906,-0.09458648842193688,-0.6068320163402626,0.6404851030241414,40.0,60.0,40.0,460.0,0.33000001311302185,0.8999999761581421,63.0,190.0,151.8000030517578,297.8317565917969,1.5,1.0,0.008999999612569809,1.95652174949646,0.10890000313520432,3.0303030014038086,6.131226539611816,151.8000030517578,2.5303030014038086,1600.0,13.199999809265137,18400.0,211600.0,0.4950000047683716,11.5,0.8947368264198303,0.9210526347160339,0.25,0.09506398439407349,0.32358318567276,64.7,40
0.34262444673565196,-0.004845835296407188,0.05461183452422293,0.03767105412892684,0.31771570904890645,-0.16559547261139138,11.678556876828416,0.4792729383514689,-0.06032513337138826,0.4542483321916141,0.11664141754780083,0.0,-0.01682977510622403,-0.19954699776839457,0.3157839979265352,0.14795292316688805,0.2934592871979586,-0.10394377143831708,0.17810391811555093,0.9990145967471273,0.5634718352038105,0.305292166682697,0.34979110792817164,-0.01730610192957623,0.14939019110073276,0.07466828089761225,-0.4013691561114624,-0.11100771630274367,0.5194606063797133,-0.40535022685006716,40.0,60.0,40.0,450.0,0.33000001311302185,1.0,63.400001525878906,80.0,148.5,291.3571472167969,1.5,1.0,0.009999999776482582,2.222222328186035,0.10890000313520432,3.0303030014038086,6.10924768447876,148.5,2.5303030014038086,1600.0,13.199999809265137,18000.0,202500.0,0.4950000047683716,11.25,0.8947368264198303,0.6875,0.4166666567325592,0.20658135414123535,0.13711151480674744,68.7,40
0.3455287701762436,-0.01269312537563357,0.039200815348411085,0.06456290697264025,0.2696107857128904,-0.15829936449091164,11.63829236665169,0.3023704127929329,0.08370039536228532,-0.17097597479693355,0.06663083750695989,0.0,0.019858589992696685,-0.13360679579963156,0.26936065391707487,0.10200997550518467,0.3312901462587648,0.07196545203402709,0.12123286845671183,1.0105668281027336,0.1734940866073968,0.26639288694612007,0.39017400078386544,0.04003625781238038,0.11462554628092796,0.060360923930926,-0.46572932463983596,-0.14829571930328186,0.47843356174191,0.6320715197092559,40.0,60.0,40.0,450.0,0.3100000023841858,1.0,65.10800170898438,80.0,139.5,282.3571472167969,1.5,1.0,0.009999999776482582,2.222222328186035,0.09610000252723694,3.225806474685669,6.10924768447876,139.5,2.725806474685669,1600.0,12.399999618530273,18000.0,202500.0,0.4650000035762787,11.25,0.9272727370262146,0.6875,0.4166666567325592,0.20658135414123535,0.32358318567276,68.6,40
0.3388839063413189,0.03557687302496099,0.15407821410531403,0.1678553431656022,0.2593172488369585,-0.02976185662395023,12.49953674896223,0.19009036380875433,0.00047193148958801583,0.16529323046235772,0.140515724193117,0.0,-0.13264998508592132,0.13786274728543624,0.25023392518954635,0.15296582899803554,0.010891387315504025,0.04796259816370887,0.18484104280844077,0.9595210716493894,0.7478905373854046,0.28040826150519554,0.40116343143304317,0.10851947672592452,0.18927237595150814,0.11813121983702646,-0.1379735339830406,-0.026695598212919905,0.03449517499185869,0.44591030609658433,40.0,60.0,40.0,450.0,0.33000001311302185,0.8999999761581421,65.52999877929688,100.0,148.5,291.3571472167969,1.5,1.0,0.008999999612569809,2.0,0.10890000313520432,3.0303030014038086,6.10924768447876,148.5,2.5303030014038086,1600.0,13.199999809265137,18000.0,202500.0,0.4950000047683716,11.25,0.8947368264198303,0.800000011920929,0.3333333432674408,0.1684981733560562,0.30586081743240356,67.7,40
0.2976053302268627,0.028711774133400942,0.064577878471438,0.07199904048333784,0.36593592551815923,-0.05960921841244361,11.428823145496981,0.19044069092654195,-0.05786324047407939,0.433750842719645,0.08455685643770418,0.0,0.13628814797192007,-0.03842698862492147,0.41239722179314425,0.19187844169054658,-0.05346646102597733,0.02457901232414338,0.22179544786943423,0.9276817967340456,1.0884292139845297,-0.11952164495646882,0.4092346302630072,0.7684991332488198,0.1866775762438077,0.21953866987283813,1.3234650706956779,0.3010186122449913,0.6158303038061196,-0.22787475518151837,40.0,60.0,40.0,430.0,0.3499999940395355,1.0,61.0,75.0,150.5,287.0079345703125,1.5,1.0,0.009999999776482582,2.3255813121795654,0.12250000238418579,2.857142925262451,6.063785076141357,150.5,2.357142925262451,1600.0,14.0,17200.0,184900.0,0.5249999761581421,10.75,0.8644067645072937,1.0666667222976685,-0.0833333358168602,0.1681901216506958,0.13711151480674744,64.1,40
0.3080317760472149,-0.016274695175827282,0.06150969134515297,0.05111488815277659,0.2602160304153699,-0.1897026504050134,10.681004475804368,0.444213380467332,0.089872663213706,-0.44328543838874085,0.07114175939076042,0.0,-0.06299919934857691,-0.1212988084994735,0.24232400147609653,0.08005246583066755,-0.024587408694632572,0.0772545898801998,0.14171760935535702,0.9610170684487542,0.18136092419319896,-0.06507997773988607,0.37014846738255847,0.04194158875489438,-0.13682670388267146,0.0474681123759695,0.0090360324728984,0.06549388631425879,0.2446054117524628,0.5414652054213087,40.0,60.0,40.0,430.0,0.3199999928474426,1.0,64.69999694824219,120.0,137.60000610351562,274.1079406738281,1.5,1.0,0.009999999776482582,2.3255813121795654,0.10239999741315842,3.125,6.063785076141357,137.60000610351562,2.625,1600.0,12.800000190734863,17200.0,184900.0,0.47999998927116394,10.75,0.9107142686843872,0.2916666567325592,1.4166666269302368,0.1681901216506958,0.32358318567276,69.0,40
0.3358085737251571,0.04852135214035871,0.07210287898054192,-0.006774995114425678,0.28115555149362403,0.011847858560280693,6.935154794120335,0.4796411271762126,-0.06618232742128653,0.370017080556232,0.09076797992993414,0.0,-0.026690415847540356,0.21715129601519398,0.3048696918528483,0.14964507937692065,-0.1263831867558897,-0.03985001962288321,0.18548151964752776,0.918398218535159,1.1061947189995496,-0.10066789608847808,0.2217438133554907,0.28271665363349957,0.25045348995091615,0.007789162748318626,1.0751104760373018,0.27418594382432165,0.5448816311335003,-0.1819600711354342,40.0,60.0,40.0,435.0,0.3449999988079071,0.8999999761581421,50.20000076293945,160.0,150.0749969482422,288.17022705078125,1.5,1.0,0.008999999612569809,2.068965435028076,0.11902499943971634,2.8985507488250732,6.075345993041992,150.0749969482422,2.3985507488250732,1600.0,13.800000190734863,17400.0,189225.0,0.5174999833106995,10.875,0.8717948794364929,1.125,-0.3333333432674408,0.1681901216506958,0.13711151480674744,56.4,40
0.30462831926691103,0.1012941249733275,0.1975550119339172,0.02775557921681317,0.2631094634272637,-0.07366662396189737,10.344213043692555,0.09728071070121407,-0.09131525226506358,0.02856602909406979,0.028753923726735544,0.0,-0.11943193181379888,-0.20182810709380364,0.13376495835081575,0.13131619074089484,0.034504899685544016,0.03721321438279059,0.3640762997247202,0.9302271501792624,0.7979470524234624,-0.035736241940814845,0.14164394044401246,0.04436135723228809,0.3140789602412331,0.0530885307564031,0.042147556034693355,-0.10041897248685872,0.3557625951979515,-0.3410788045440992,40.0,60.0,40.0,435.0,0.33500000834465027,0.8999999761581421,58.5,140.0,145.72500610351562,283.82025146484375,1.5,1.0,0.008999999612569809,2.068965435028076,0.1122250035405159,2.985074520111084,6.075345993041992,145.72500610351562,2.485074520111084,1600.0,13.399999618530273,17400.0,189225.0,0.5024999976158142,10.875,0.886956512928009,1.2142857313156128,-0.5,0.1684981733560562,0.14652015268802643,62.2,40
0.573491319390124,-0.02926031974748779,0.0318923956557732,0.11132527570642994,0.25108408997691456,-0.07593049599613819,5.864213719127646,0.14990495262298825,0.06563750452918295,-0.20321668748975216,-0.014884701258148786,0.0,-0.06550673338947065,-0.0223782048456908,0.13518073576948414,0.14121499281858424,-0.01746864904380752,-0.0441597843446445,0.23819574076295216,0.6862217504698358,0.33638117691745434,0.11740904233242282,0.22708014863853435,0.2922009665792866,0.5610423588009806,0.2922764539137504,0.24581983756050138,0.08598477806337557,0.23444138394899336,0.29246841104295174,40.0,60.0,40.0,435.0,0.3100000023841858,0.8999999761581421,49.599998474121094,180.0,134.85000610351562,272.94525146484375,1.5,1.0,0.008999999612569809,2.068965435028076,0.09610000252723694,3.225806474685669,6.075345993041992,134.85000610351562,2.725806474685669,1600.0,12.399999618530273,17400.0,189225.0,0.4650000035762787,10.875,0.9272727370262146,0.9722222089767456,0.0833333358168602,0.1736745834350586,0.3363802433013916,59.7,40
0.2375617997018683,0.09990023567514181,0.15005178341641787,-0.03314718713626305,0.2925725073226162,0.01974357930025084,5.187673209997677,0.3735361412562422,0.39724013013779513,0.09898831977597926,0.07950159746473646,0.0,-0.057868824931816,-0.16754105108642678,0.10932449951071078,0.14808524789483177,0.05284520164784274,-0.04721607512739435,-0.03821773873348386,0.810975600623352,0.4135256295111219,-0.0703653431248285,0.20258101412259955,0.00425713596713331,0.06866178410731863,0.1575638193929486,-0.323079141401915,-0.10345474943371673,0.6601762624366293,0.8124844128280799,40.0,60.0,40.0,435.0,0.3700000047683716,0.8999999761581421,49.400001525878906,170.0,160.9499969482422,299.04522705078125,1.5,1.0,0.008999999612569809,2.068965435028076,0.13689999282360077,2.702702760696411,6.075345993041992,160.9499969482422,2.202702760696411,1600.0,14.800000190734863,17400.0,189225.0,0.5550000071525574,10.875,0.8360655903816223,0.8235294222831726,0.5,0.19780220091342926,0.3223443329334259,59.6,40
0.27781963586176,0.06760760695970974,0.21685518320289526,-0.028565780163926833,0.09794688231396687,-0.09760481524365602,4.612902097076424,0.1547388368805553,-0.25809982381959573,0.05665557624556528,0.039885292127111366,0.0,-0.1340042072443364,-0.1647353928461861,0.0923149859405462,0.08157133126585508,-0.005134058038170393,-0.18451114583680955,0.33868657451182976,0.9292572957754327,0.6154787144606042,-0.11461572262326591,0.1893055715580122,0.03428624114937738,0.17016044642867093,0.09603134245370755,0.20745842882860074,0.14863423298738407,0.5791770612685223,-0.29653394703857255,40.0,60.0,40.0,435.0,0.3499999940395355,0.8999999761581421,49.79999923706055,160.0,152.25,290.3452453613281,1.5,1.0,0.008999999612569809,2.068965435028076,0.12250000238418579,2.857142925262451,6.075345993041992,152.25,2.357142925262451,1600.0,14.0,17400.0,189225.0,0.5249999761581421,10.875,0.8644067645072937,1.0625,-0.1666666716337204,0.19780220091342926,0.14652015268802643,68.4,40
0.2893787733864212,0.03169258777729479,0.14324823870181305,0.10120389671681876,0.24692846438855104,-0.0825300055820002,10.036085054505005,0.2618561280255282,0.0952848557745797,-0.16096485893999748,0.06913999913606436,0.0,-0.17309704192412265,-0.19846476881327027,0.24465637612672594,0.11953548241985962,0.01565257098389916,0.15126813277573106,0.1359502076057837,0.8911330816363134,0.7559568009315332,0.19308758321646785,0.17330052561169973,0.058557941591275434,0.18387806149032934,0.1254717664528075,-0.38660454109033165,0.009316601566760594,0.5343455181863107,0.5148800232568314,40.0,60.0,40.0,430.0,0.33000001311302185,0.8999999761581421,57.70000076293945,75.0,141.89999389648438,278.4079284667969,1.5,1.0,0.008999999612569809,2.0930233001708984,0.10890000313520432,3.0303030014038086,6.063785076141357,141.89999389648438,2.5303030014038086,1600.0,13.199999809265137,17200.0,184900.0,0.4950000047683716,10.75,0.8947368264198303,0.7333333492279053,0.3333333432674408,0.20695970952510834,0.30586081743240356,61.6,40
0.461149724922131,0.04299931045680525,0.03302221592289884,-0.008757559415087907,0.1662589435651356,-0.010719826746734863,7.933235582818062,-0.13379228655875863,0.02685308456159894,0.038234312123071997,-0.02174224303310454,0.0,-0.06507824640628672,-0.08698368666430385,0.1934064432769566,0.13140161041290696,-0.12164488370542635,-0.02796663780683134,0.334749514508826,0.7051763161662374,1.0393839934675366,-0.019611476427366766,0.30567378225352176,0.0028638642320318285,0.3680795966468358,0.06954859502731991,-0.1000821901942119,0.08147973350898466,2.11966473790479,0.9585082116616355,40.0,60.0,40.0,435.0,0.3400000035762787,0.8999999761581421,54.5,200.0,147.89999389648438,285.9952392578125,1.5,1.0,0.008999999612569809,2.068965435028076,0.11559999734163284,2.941176414489746,6.075345993041992,147.89999389648438,2.441176414489746,1600.0,13.600000381469727,17400.0,189225.0,0.5099999904632568,10.875,0.8793103694915771,0.625,1.25,0.009140768088400364,0.3363802433013916,63.0,40
0.2694915641264328,0.04758767894399194,0.07646596067347211,0.03416550259467421,0.28386166647874367,0.007955641521467233,6.58437378767844,0.1755627009731951,0.1701082484100608,-0.27074697773991885,0.07482982800286786,0.0,-0.031249828017196026,-0.03874112648840793,0.27613226936723156,0.1526798012816428,-0.0024297125741072462,0.12153092845998398,0.18964783839564386,0.8872924715631944,0.670273716677306,-0.14084216753426693,0.3331740907335747,-0.06404365948079271,-0.1259661169942192,0.0038352378468157816,1.3868074096061582,-0.021242240613244923,-0.3126727474789627,-0.14022115995448417,40.0,60.0,40.0,430.0,0.3400000035762787,0.8999999761581421,49.900001525878906,75.0,146.1999969482422,282.70794677734375,1.5,1.0,0.008999999612569809,2.0930233001708984,0.11559999734163284,2.941176414489746,6.063785076141357,146.1999969482422,2.441176414489746,1600.0,13.600000381469727,17200.0,184900.0,0.5099999904632568,10.75,0.8793103694915771,1.600000023841858,-0.75,0.009140768088400364,0.13711151480674744,57.1,40
0.32163409815560445,0.021230483508986993,0.042286322714653386,0.022474988360139246,0.1878910982229217,0.04928608906991435,7.556041012615598,0.41345958675851446,0.13004497480424188,0.2871632700062131,0.10983962418850948,0.0,-0.05240524275170464,0.06606342191900107,0.269520529408066,0.1672476846781233,-0.056364985569440154,0.03341146398840858,-0.029134157531716918,0.9719917892398298,0.710210489761467,-0.11244880733148738,0.27495713728943283,0.21783974272667628,0.068783738474975,0.1831280147767849,-0.2836995170893228,-0.12295189855627806,0.04303450950769855,-0.3066901925412912,40.0,60.0,40.0,435.0,0.3700000047683716,0.8999999761581421,51.900001525878906,150.0,160.9499969482422,299.04522705078125,1.5,1.0,0.008999999612569809,2.068965435028076,0.13689999282360077,2.702702760696411,6.075345993041992,160.9499969482422,2.202702760696411,1600.0,14.800000190734863,17400.0,189225.0,0.5550000071525574,10.875,0.8360655903816223,0.800000011920929,0.5,0.009140768088400364,0.13711151480674744,58.7,40
0.2698667702573913,0.02116851953092059,0.05461369857872611,-0.011490398280149349,0.2038641172607718,-0.044184364328420586,5.702853919965795,0.1348388049580753,0.06379294680868393,-0.22493597597879106,0.08630067496031067,0.0,-0.09598208628476343,-0.11713806339926573,0.2750845772830923,0.06688734375949866,-0.0035556766964234864,0.07603264078549733,0.17807354996434946,0.8882378945762284,0.45509266553915634,-0.1738161902017226,0.29266040576867963,-0.07228154632764716,-0.35348935190260145,0.04874245011186262,-0.10456088300043455,-0.3457517279778311,-0.2171343235395155,0.1814857300194017,40.0,60.0,40.0,430.0,0.3400000035762787,0.8999999761581421,49.79999923706055,70.0,146.1999969482422,282.70794677734375,1.5,1.0,0.008999999612569809,2.0930233001708984,0.11559999734163284,2.941176414489746,6.063785076141357,146.1999969482422,2.441176414489746,1600.0,13.600000381469727,17200.0,184900.0,0.5099999904632568,10.75,0.8793103694915771,0.7857142686843872,0.25,0.009140768088400364,0.32358318567276,58.9,40
0.4380767378830373,0.09231389220627899,0.1139795628938013,0.15404753728168488,0.5017303482701875,-0.029912336770674765,7.162016105140575,0.058148222324471116,0.1823858113922328,0.1589485211026709,0.015862440547333784,0.0,-0.06960271513869455,-0.05436845700760701,0.2293942525102158,0.17668995381383076,-0.013783143656033293,0.3404735511110336,0.19482007268679027,0.7947298744467878,0.5229456828037475,0.0019073637197054227,0.2910181139737879,0.1595898709638404,0.0012941349411356115,0.16796784649273885,0.374038724359755,-0.20435228175726394,-0.024241567313913543,0.4793345979539916,40.0,60.0,40.0,430.0,0.3199999928474426,0.8999999761581421,52.79999923706055,90.0,137.60000610351562,274.1079406738281,1.5,1.0,0.008999999612569809,2.0930233001708984,0.10239999741315842,3.125,6.063785076141357,137.60000610351562,2.625,1600.0,12.800000190734863,17200.0,184900.0,0.47999998927116394,10.75,0.9107142686843872,0.4444444477558136,0.8333333134651184,0.02747252769768238,0.31501832604408264,59.4,40
0.2682837729197116,0.1226143034845666,0.16912206414919428,0.00612638937387961,0.17083280293688197,-0.024536117139591213,7.047472214301967,-0.059545974293251515,0.10155874770271475,0.06151632885715404,0.010909706012631625,0.0,-0.05065627765845559,-0.11957184490399943,0.01683985957139927,0.12922932777732207,0.018285730115801924,0.23778704452695884,0.3625296120344603,0.96009657255622,0.9093349183110858,-0.013515791510556638,0.1497418815683684,0.07443841885713372,0.10917643592721211,0.09518280041625198,-0.2218768073900436,0.018740915674409303,-0.00023997458932155965,-0.3831051809829726,40.0,60.0,40.0,435.0,0.33500000834465027,0.8999999761581421,53.099998474121094,190.0,145.72500610351562,283.82025146484375,1.5,1.0,0.008999999612569809,2.068965435028076,0.1122250035405159,2.985074520111084,6.075345993041992,145.72500610351562,2.485074520111084,1600.0,13.399999618530273,17400.0,189225.0,0.5024999976158142,10.875,0.886956512928009,0.9210526347160339,0.25,0.02380952425301075,0.14652015268802643,58.7,40
0.6048110288990751,0.030598220677428338,0.03785622627073154,0.0863014632464457,0.13013451572959134,-0.04902114909597675,7.277133750120484,0.3269279348047088,0.2400474975024187,-0.023552684430478994,-0.0263401307412882,0.0,-0.03365914048571682,-0.0025315072725507026,0.16572751225048812,0.1207800169199164,0.06474140916986736,0.07206895539572392,0.30664082637244977,0.6996421452328434,0.896397060869979,-0.01609809940951571,0.2781971132427907,0.20106976017545955,0.1976214626515903,0.0410829137678663,-0.08621639046750977,0.007994885920835988,0.3171532838913038,0.38928500871860316,40.0,60.0,40.0,425.0,0.3400000035762787,0.8999999761581421,48.400001525878906,90.0,144.5,279.4206237792969,1.5,1.0,0.008999999612569809,2.117647171020508,0.11559999734163284,2.941176414489746,6.052089214324951,144.5,2.441176414489746,1600.0,13.600000381469727,17000.0,180625.0,0.5099999904632568,10.625,0.8793103694915771,0.8333333134651184,0.25,0.1736745834350586,0.3363802433013916,54.2,40
0.24301487239538844,0.0814805636980914,0.15136736286108365,0.024296264922530158,0.2625793186389869,0.009008362538348608,3.9174172778265293,0.024269140114376715,-0.07808280651479231,0.0028183218548892526,0.06276761299204553,0.0,-0.09368798074089861,-0.1226976729530937,0.10735830571815376,0.1674641241022886,0.04263429782707898,-0.2692843253051605,-0.007225466759141474,0.7828741144717675,0.6969255783533898,-0.1846851042236925,0.2549163572409525,0.024299335058810368,-0.0715065272514181,0.1679859854122807,-0.18064990062112796,0.05745847054016166,0.5653753383460068,0.7108410437846575,40.0,60.0,40.0,425.0,0.36000001430511475,0.8999999761581421,47.400001525878906,90.0,153.0,287.9206237792969,1.5,1.0,0.008999999612569809,2.117647171020508,0.12960000336170197,2.777777671813965,6.052089214324951,153.0,2.277777671813965,1600.0,14.399999618530273,17000.0,180625.0,0.5400000214576721,10.625,0.8500000238418579,0.7222222089767456,0.4166666567325592,0.19780220091342926,0.3223443329334259,57.5,40
0.32320050275505546,0.030436461131768594,0.05489754217205095,-0.03090622554679911,0.14317500438157252,-0.040032969534475715,5.813282228696726,0.18845567236322797,0.07856849790928601,-0.19252906268883008,0.0812210535392179,0.0,-0.08733107803209564,-0.12846465661257864,0.3426377800074075,0.076931561416804,-0.0035556766964234864,0.006341702333301391,0.131965897306585,0.9075356961365134,0.5184915014009868,-0.15249671040952736,0.26553182331994707,-0.04522527352444425,-0.6812411293670849,0.035594379131017796,-0.3127987469329023,-0.22308764593956987,-0.5480261486290945,0.19720117127569073,40.0,60.0,40.0,425.0,0.33000001311302185,0.8999999761581421,49.20000076293945,90.0,140.25,275.1706237792969,1.5,1.0,0.008999999612569809,2.117647171020508,0.10890000313520432,3.0303030014038086,6.052089214324951,140.25,2.5303030014038086,1600.0,13.199999809265137,17000.0,180625.0,0.4950000047683716,10.625,0.8947368264198303,0.7777777910232544,0.3333333432674408,0.02559415064752102,0.32358318567276,57.5,40
0.36498054139336533,0.07484176952312123,0.03365725062671361,0.09306125943229596,0.09098955431602906,0.01918927772996498,-6.32747741581668,0.10668257196375903,-0.11459561630523188,0.24404587513108658,0.13010931113658505,0.0,-0.00632581052265314,0.06778563796333313,0.3076749793056139,0.14452965621003674,0.18499611231207716,-0.23154927211616666,0.07152369421028458,0.9402092247864171,1.2352510109182684,0.45161361241461584,0.3019313831721091,0.10819876073399828,0.40677500054871724,0.20685194318880043,0.4361107519517828,0.03924336355525695,0.6255349529701898,0.4150104140347877,40.0,60.0,40.0,435.0,0.36000001430511475,0.8999999761581421,33.099998474121094,170.0,156.60000610351562,294.69525146484375,1.5,1.0,0.008999999612569809,2.068965435028076,0.12960000336170197,2.777777671813965,6.075345993041992,156.60000610351562,2.277777671813965,1600.0,14.399999618530273,17400.0,189225.0,0.5400000214576721,10.875,0.8500000238418579,0.8235294222831726,0.5,0.014652014710009098,0.06227106228470802,42.3,40
0.3377047537521716,0.018589935314952604,0.05889589200961632,-0.0073913856507215325,0.3147988812075287,-0.025643266799851204,9.674778063319458,0.17551243970390407,-0.06936889253297808,0.15901165593669445,0.07542634850009713,0.0,0.3137136767042772,0.14307810575150304,0.23681669760231322,0.1177169825280886,0.2613543394574123,0.1600930661524586,0.18861025022220357,0.9723823751023254,0.48812938837633285,0.22449057441895315,0.2182810577933676,0.0068401655821386294,0.3113152567328622,0.0880623101916474,-0.41330601414755397,-0.37276401067841153,0.21123326260679975,-0.5352215065999774,40.0,60.0,40.0,450.0,0.3199999928474426,0.699999988079071,56.060001373291016,190.0,144.0,286.8571472167969,1.5,1.0,0.007000000216066837,1.5555555820465088,0.10239999741315842,3.125,6.10924768447876,144.0,2.625,1600.0,12.800000190734863,18000.0,202500.0,0.47999998927116394,11.25,0.9107142686843872,0.7894737124443054,0.6666666865348816,0.20658135414123535,0.23765996098518372,61.76,40
0.3278643558731685,0.025587888803132234,0.16814331515570918,0.008904570286790729,0.28513246499667494,0.11289958364278072,10.211483429979532,0.2245463819646912,0.01699047633080833,0.12288380693742651,0.11810411505605473,0.0,0.11724455450503235,0.2962852122532112,0.2520790306746252,0.19238649069316993,0.008907980960224705,0.06819797655704922,0.14891000992215275,0.8774814226335469,0.8180609611741618,0.1770081745915609,0.3043077977633952,0.09183720852716142,0.11316651598708687,0.1832118009118293,-0.1033194330786365,-0.07359616549820043,-0.2561728506776084,-0.3238770495964981,40.0,60.0,40.0,450.0,0.33000001311302185,0.699999988079071,57.689998626708984,175.0,148.5,291.3571472167969,1.5,1.0,0.007000000216066837,1.5555555820465088,0.10890000313520432,3.0303030014038086,6.10924768447876,148.5,2.5303030014038086,1600.0,13.199999809265137,18000.0,202500.0,0.4950000047683716,11.25,0.8947368264198303,0.8857142925262451,0.3333333432674408,0.31501832604408264,0.21978022158145905,65.25,40
0.4527558800129135,0.046324249243807,0.2728494414437146,0.1790077424341546,0.6125661775719078,0.06250573438845293,1.1743568309412666,0.15736149481520503,0.3606452698569225,-0.010301965366875516,0.062286163171437633,0.0,0.5192147093229259,-0.002391068978154415,0.28166703510449925,0.06939173397855866,-0.1306241678191266,0.305458098548613,0.24356879853478036,0.7710671283092722,-0.23541885812867347,0.05469732446890461,0.26668632495242217,0.0974199628929349,0.10633931035845146,0.13310059034212474,1.2883659408631163,-0.056193749741254226,-0.0932335757670737,-0.3673460780281492,40.0,60.0,40.0,440.0,0.30000001192092896,1.0,44.0,120.0,132.0,271.6825256347656,1.5,1.0,0.009999999776482582,2.2727272510528564,0.09000000357627869,3.3333332538604736,6.086774826049805,132.0,2.8333332538604736,1600.0,12.0,17600.0,193600.0,0.44999998807907104,11.0,0.9444444179534912,1.375,-0.75,0.10256410390138626,0.21794871985912323,48.2,40
0.27420956668925883,0.010378468652051333,0.0357291715100851,-0.09807034028280436,0.20206547526695579,0.0033271872624261243,0.41914403710424214,-0.23988815103415526,-0.12559712422360908,-0.10581307223668177,-0.007047909614024232,0.0,0.3021035147670966,-0.022813685915497508,-0.054157240837708905,0.11122832042845786,0.010278490233235052,0.07663373133436054,0.39010347716940325,0.8232436211333352,-0.07831848985993078,-0.1362482012241496,0.2605817566574937,-0.32990870297916575,-0.18827506683438822,-0.07244507887401022,0.032309299481522544,0.05267250111903372,-0.738240468547083,-0.465516671813349,40.0,60.0,40.0,440.0,0.30000001192092896,1.0199999809265137,44.900001525878906,130.0,132.0,271.6825256347656,1.5,1.0,0.010200000368058681,2.3181817531585693,0.09000000357627869,3.3333332538604736,6.086774826049805,132.0,2.8333332538604736,1600.0,12.0,17600.0,193600.0,0.44999998807907104,11.0,0.9444444179534912,1.2307692766189575,-0.5,0.08974359184503555,0.21794871985912323,53.4,40
0.43519118061131434,0.15058232176469102,0.2237718381067216,0.17921904846606418,0.6013093251360946,0.06417478572589139,7.620174302834749,0.28283653427600547,0.24707245295535912,0.016698828583377907,0.030344602354963328,0.0,0.5288102501626667,-0.1966882730770629,0.2143890447545921,0.06479175305427187,-0.0332402322081813,0.4146394754460461,0.15112890490591124,0.797759038016019,0.4450589188472795,0.08694719397337941,0.41435232660795546,0.09691864169081475,0.09247376837697466,0.05498552542516357,-0.0872415529815144,-0.15180251405863707,-0.5130502563392019,-0.5627114164944763,40.0,60.0,40.0,445.0,0.3100000023841858,1.0,53.400001525878906,160.0,137.9499969482422,279.2198486328125,1.5,1.0,0.009999999776482582,2.2471909523010254,0.09610000252723694,3.225806474685669,6.098074436187744,137.9499969482422,2.725806474685669,1600.0,12.399999618530273,17800.0,198025.0,0.4650000035762787,11.125,0.9272727370262146,0.875,0.3333333432674408,0.09340659528970718,0.21794871985912323,59.8,40
0.2791938997517296,0.06849011703016915,0.15493789015536508,0.08930964695682542,0.23742489691268667,0.10298061720848858,3.9123557869572787,0.3529492330864792,0.26549954830787814,-0.05609448679821957,0.03905709635232235,0.0,0.318224435685357,0.05410069640043021,0.024141110929017537,0.11207839960124336,-0.009610390385678022,0.427917529820468,0.3055477948621003,0.9796909061065627,0.44323512331855175,-0.022075347106934692,0.32023946770881406,0.2093698512619052,-0.005837300940775494,0.0318100498467933,-0.1459345905123081,0.01127476200760241,-0.7863701372126936,-0.6070175852694419,40.0,60.0,40.0,445.0,0.3100000023841858,1.0,47.79999923706055,170.0,137.9499969482422,279.2198486328125,1.5,1.0,0.009999999776482582,2.2471909523010254,0.09610000252723694,3.225806474685669,6.098074436187744,137.9499969482422,2.725806474685669,1600.0,12.399999618530273,17800.0,198025.0,0.4650000035762787,11.125,0.9272727370262146,0.9411764740943909,0.1666666716337204,0.08974359184503555,0.21794871985912323,56.8,40
0.29334448581876177,0.021188762182452532,0.25102154571317575,0.15452087062541725,0.22231010106392138,-0.001807229498093403,3.987611927260588,0.0666564478602562,0.15537066580567344,-0.0651637686908627,0.12494723998896783,0.0,0.2559025191139286,-0.036914239870961194,0.27052198152805235,0.04702990368488677,0.06765421447038786,0.29866243198438824,0.10480280905196962,0.9642222346489839,-0.2658056900661371,0.23932391783872278,0.22020970445834132,0.1255660788025282,0.14438721345150712,0.2152788564115445,0.46050594797690314,0.2929960868454102,-0.18166061681228377,-0.3346493117397251,40.0,60.0,40.0,445.0,0.3100000023841858,1.0,48.20000076293945,150.0,137.9499969482422,279.2198486328125,1.5,1.0,0.009999999776482582,2.2471909523010254,0.09610000252723694,3.225806474685669,6.098074436187744,137.9499969482422,2.725806474685669,1600.0,12.399999618530273,17800.0,198025.0,0.4650000035762787,11.125,0.9272727370262146,1.0666667222976685,-0.1666666716337204,0.31501832604408264,0.21978022158145905,58.6,40
0.34196066503106864,0.017224557901935438,0.5515646395863985,-0.030560455028145608,0.22789881615333368,0.009260572654645357,6.728204299596342,-0.06670448625246238,-0.09775797450837014,-0.14767187458555872,0.1132000551817833,0.0,0.10289152012845441,0.21812492355051905,0.24952961397934662,0.06959651111769932,0.41595502309517174,-0.07809120481272021,0.13938601096300604,0.9195903246429525,0.8582440777159392,0.28448023168714864,0.782251773512107,-0.04984591768682872,0.00998772034133947,0.10358247956785942,0.23574100295652364,0.18585864467701305,-0.18211680994974544,-0.245805298951879,45.0,62.0,38.0,480.0,0.3199999928474426,0.699999988079071,54.79999923706055,170.0,153.60000610351562,305.98095703125,1.6315789222717285,1.0,0.007000000216066837,1.4583333730697632,0.10239999741315842,3.125,6.173786163330078,153.60000610351562,2.625,2025.0,14.399999618530273,21600.0,230400.0,0.5221052765846252,10.666666984558105,0.9107142686843872,1.1176470518112183,-0.3333333432674408,0.1684981733560562,0.17032967507839203,62.3,45
0.2676025788168155,0.00837852497276276,0.36326410827868405,0.09411535654083532,0.15254887549797574,-0.09159559894378577,4.258963512256306,0.09767833943025135,0.19486996271984494,0.22800989999877372,0.04934100757400403,0.0,-0.183174558852745,0.15287759205820067,0.1419839257857897,0.10567563359635465,1.210428963728833,-0.1856869483774472,0.2969197531946628,1.0925510158176965,0.35742678426301433,0.8856940837136137,0.7957481571121817,0.02634413606767667,0.19461442001076576,0.047080318398952846,0.21936792255830995,0.18837768463009957,0.23021377007486651,-0.14530490649609742,45.0,62.0,38.0,490.0,0.33500000834465027,0.699999988079071,50.5,175.0,164.14999389648438,319.70556640625,1.6315789222717285,1.0,0.007000000216066837,1.4285714626312256,0.1122250035405159,2.985074520111084,6.194405555725098,164.14999389648438,2.485074520111084,2025.0,15.074999809265137,22050.0,240100.0,0.5465789437294006,10.88888931274414,0.886956512928009,1.0285714864730835,-0.0833333358168602,0.1684981733560562,0.14652015268802643,57.2,45
0.589675163946967,0.1224328764720599,0.16758327024018407,0.5673518434606276,0.2054717829699702,-0.11393972081773451,7.73031305020776,0.2321298782289623,-0.06914572933307557,0.23383723437512205,0.17061834726271957,0.0,-0.07285672738930543,-0.08479929180261293,0.17010373265267445,0.19956523302694942,0.22698942700644492,-0.0674960843285934,0.3088174387828941,0.6801514221444457,0.7586170727968294,0.4274931874733853,1.2998605399849033,-0.10272302949525064,0.3421234594152336,0.5117970562483072,0.2934416762457056,0.11080932983037133,0.058631884494857296,-0.2363504882027011,45.0,62.0,38.0,490.0,0.3050000071525574,0.699999988079071,55.599998474121094,160.0,149.4499969482422,305.00555419921875,1.6315789222717285,1.0,0.007000000216066837,1.4285714626312256,0.09302499890327454,3.278688430786133,6.194405555725098,149.4499969482422,2.778688430786133,2025.0,13.725000381469727,22050.0,240100.0,0.49763157963752747,10.88888931274414,0.9357798099517822,1.0625,-0.1666666716337204,0.1736745834350586,0.14259597659111023,64.5,45
0.6768723182357967,0.18729004658348816,0.12504652303278518,0.6890595182950456,0.2485493079227614,0.043133663384198016,11.519330189894061,0.2383863888495615,0.1797685473646254,0.5674871065720195,0.19674998321228812,0.0,0.007960135856860298,0.09871891200582998,0.22439891419210406,0.32813448769187326,0.3474542145029446,0.0999098037647365,0.36718814442870173,0.8930798487364122,0.8394633241095703,0.4293222596276624,1.2737328920627475,0.3311932177082064,0.5624471686265841,0.42671589546557664,0.1169443910061885,0.0873703725204364,0.684511247156105,-0.03157220464880342,45.0,62.0,38.0,490.0,0.33000001311302185,0.8999999761581421,64.86199951171875,160.0,161.6999969482422,317.25555419921875,1.6315789222717285,1.0,0.008999999612569809,1.836734652519226,0.10890000313520432,3.0303030014038086,6.194405555725098,161.6999969482422,2.5303030014038086,2025.0,14.850000381469727,22050.0,240100.0,0.5384210348129272,10.88888931274414,0.8947368264198303,1.09375,-0.25,0.20109689235687256,0.062157221138477325,67.7,45
0.39446232614232896,0.19851417421763326,0.5410564173186103,0.48223545331900014,0.48371849948480167,0.005645290774285919,11.661472871218296,0.25044553089230126,-0.06278560926872312,0.4683757152798966,0.20675239060294567,0.0,0.046935833423216264,0.3669916724787102,0.20730151000287547,0.15236979194229266,0.37001937169767035,0.20253369868830007,0.21037643516236304,0.8221474662971786,0.45054814284676087,0.28852108951320116,0.8181772975665927,0.20904135660293824,0.027980124266995074,0.2802611269599122,0.19199989206366289,-0.2732053044118408,0.5840853063304942,0.6990152926415915,45.0,62.0,38.0,480.0,0.33000001311302185,0.8999999761581421,63.099998474121094,170.0,158.39999389648438,310.78094482421875,1.6315789222717285,1.0,0.008999999612569809,1.875,0.10890000313520432,3.0303030014038086,6.173786163330078,158.39999389648438,2.5303030014038086,2025.0,14.850000381469727,21600.0,230400.0,0.5384210348129272,10.666666984558105,0.8947368264198303,0.9411764740943909,0.1666666716337204,0.21978022158145905,0.05677655711770058,69.6,45
0.26434979828987926,0.08716565566389417,0.30268410144001895,0.2017015873741283,0.4005559450337749,-0.025161838385095874,-0.7271000261888991,0.05932386193147597,0.07663826930852569,0.19701264553184808,0.08347940265103701,0.0,-0.05336196677119841,0.02628818159862907,0.15680283140049056,0.139698487075759,1.3383439396061436,0.1919029334116228,0.4572807292094966,0.9692104766969875,0.8217698401428025,0.9836088608406355,1.0440370510413346,0.11365936421871495,0.3275980935252839,0.12355976530910859,0.5884541580940986,0.12584234127809787,0.2266309458471355,-0.5168669423089078,45.0,62.0,38.0,490.0,0.3100000023841858,0.800000011920929,40.400001525878906,160.0,151.89999389648438,307.45556640625,1.6315789222717285,1.0,0.00800000037997961,1.6326531171798706,0.09610000252723694,3.225806474685669,6.194405555725098,151.89999389648438,2.725806474685669,2025.0,13.949999809265137,22050.0,240100.0,0.5057894587516785,10.88888931274414,0.9272727370262146,1.0625,-0.1666666716337204,0.1684981733560562,0.05677655711770058,56.24,45
0.30863900338017225,0.177913490393574,0.4685275845012576,0.2966358545669697,0.4971166791650069,0.0034145992832932677,7.243641867426268,0.33984194682026014,-0.22778093430508872,0.08767740990806028,0.2725869599887679,0.0,-0.23922394477766992,0.2238178242833668,0.2051801084575853,0.09143418013106805,0.23356833915154296,-0.15101732411463858,0.21544600590877702,0.7272002155783114,0.37680498163153614,0.26919043444224783,0.8403658359582067,0.17144412648819363,-0.055474362443643566,0.16851834962536894,0.08071017099485593,0.301132692519557,0.030386564708221857,0.4454968774459778,45.0,62.0,38.0,480.0,0.3199999928474426,0.800000011920929,53.900001525878906,160.0,153.60000610351562,305.98095703125,1.6315789222717285,1.0,0.00800000037997961,1.6666666269302368,0.10239999741315842,3.125,6.173786163330078,153.60000610351562,2.625,2025.0,14.399999618530273,21600.0,230400.0,0.5221052765846252,10.666666984558105,0.9107142686843872,1.0,0.0,0.16300366818904877,0.05677655711770058,60.2,45
0.31138848336896097,0.03559410633694061,0.2015456780371565,0.01652814314955301,0.3247455562327162,0.09102791756933203,11.540969127734238,0.09221277607198361,0.19440607441130436,0.7643867232089762,0.1772888231776738,0.0,0.0068295800285086625,0.24936209534544784,0.3002295947363187,0.16144990202783335,0.3228969564885992,0.059685798237465504,0.1695764118058581,1.0589890715091286,0.5253816319224364,0.45179753831432645,0.8789987297849429,0.17114037897083403,-0.03913891908285524,0.043434115179666555,0.13014232240366577,0.10590269420310645,0.7974248421021964,0.5422370951393206,45.0,62.0,38.0,480.0,0.3400000035762787,0.8999999761581421,61.29999923706055,175.0,163.1999969482422,315.5809631347656,1.6315789222717285,1.0,0.008999999612569809,1.875,0.11559999734163284,2.941176414489746,6.173786163330078,163.1999969482422,2.441176414489746,2025.0,15.300000190734863,21600.0,230400.0,0.554736852645874,10.666666984558105,0.8793103694915771,0.9714285731315613,0.0833333358168602,0.20658135414123535,0.32358318567276,69.6,45
0.41680176558406146,0.2008395894107153,0.5875387119736465,0.3698143137054258,0.5196902847628047,0.00914736041856083,9.498481152074527,-0.3819414852218448,-0.06250276718011852,0.4724624092422821,0.28018404474916403,0.0,-0.20883646992863292,0.3863687830900277,0.18428379046287408,0.14999432965622161,0.4493555870345298,-0.01708211826381875,0.20806214187325803,0.8093002664562121,0.4550528337832615,0.367307229629711,0.9184992833188035,0.15414813002532235,0.21563085020961267,0.22661425727065015,-0.3308136170919958,-0.2737251597097657,0.3337385890203805,0.8658205045471555,45.0,62.0,38.0,490.0,0.3199999928474426,0.800000011920929,58.400001525878906,210.0,156.8000030517578,312.3555603027344,1.6315789222717285,1.0,0.00800000037997961,1.6326531171798706,0.10239999741315842,3.125,6.194405555725098,156.8000030517578,2.625,2025.0,14.399999618530273,22050.0,240100.0,0.5221052765846252,10.88888931274414,0.9107142686843872,0.8095238208770752,0.6666666865348816,0.21978022158145905,0.31501832604408264,69.5,45
0.28158857563246636,-0.0026107515436781313,0.2062922767758269,0.12480300039090024,0.2751026654818067,-0.09628186005237817,-0.8047063279633497,0.05728110433065193,-0.06709907834214887,0.12180322638511998,0.13628488873051608,0.0,-0.04370478153109225,0.22001543047330363,0.3584913538238942,0.14308877129135492,1.3339785080547149,-0.20840246006491608,0.25005841006264035,0.9808078691078792,0.6103455218984062,0.4555873153932097,0.6731933400754743,0.1998909294178898,0.3421342351867049,0.10518134087058184,0.6580633398831686,0.35836610825813275,-0.4241695372953691,-0.2093388412353617,45.0,62.0,38.0,490.0,0.33000001311302185,0.800000011920929,45.099998474121094,150.0,161.6999969482422,317.25555419921875,1.6315789222717285,1.0,0.00800000037997961,1.6326531171798706,0.10890000313520432,3.0303030014038086,6.194405555725098,161.6999969482422,2.5303030014038086,2025.0,14.850000381469727,22050.0,240100.0,0.5384210348129272,10.88888931274414,0.8947368264198303,1.2666666507720947,-0.6666666865348816,0.325411319732666,0.13711151480674744,55.9,45
0.34433302644032726,0.14401354438699934,0.5988110893842489,0.5668523417510501,0.6833113460516955,0.1433462870717723,1.9428372090968349,0.09778461998891487,0.1969818479726621,0.15639235521401418,0.33048325993187433,0.0,0.16149582901446233,0.5952058332346333,0.28745994620666665,0.14629709856836698,0.49356030903286874,0.21293184104457327,0.2036448629369649,0.8312112739456854,0.8541276596960499,0.4062070228767452,0.8580089440239731,0.3033435461606187,0.19222431666662237,0.21063637791003287,0.38732724105834065,0.2428554771382496,0.11297420325717605,0.9304718120471297,45.0,62.0,38.0,490.0,0.30000001192092896,0.800000011920929,46.5,180.0,147.0,302.5555419921875,1.6315789222717285,1.0,0.00800000037997961,1.6326531171798706,0.09000000357627869,3.3333332538604736,6.194405555725098,147.0,2.8333332538604736,2025.0,13.5,22050.0,240100.0,0.4894736707210541,10.88888931274414,0.9444444179534912,1.0,0.0,0.311355322599411,0.31501832604408264,61.4,45
0.31928986833573253,0.026219240394446928,0.1793806095401147,0.014924071176500681,0.33904026660687814,0.07431310127200799,11.170727335676755,0.12190723498204607,0.1546203696632338,0.34886631122156647,0.18638785215974463,0.0,0.05929755423348578,0.2219948048900659,0.3373821657738685,0.1865996998031852,1.233127042858374,0.1472265549091969,0.18457314524615986,1.0891003377507646,0.6301984421215613,0.4432688972003061,0.9264988973042045,0.02854100229160144,0.16774615384553881,0.14672971229671575,0.35377525135344856,-0.012960742392794308,0.7885144598361253,-0.24044161345042694,45.0,62.0,38.0,490.0,0.3499999940395355,0.8999999761581421,62.79999923706055,140.0,171.5,327.0555419921875,1.6315789222717285,1.0,0.008999999612569809,1.836734652519226,0.12250000238418579,2.857142925262451,6.194405555725098,171.5,2.357142925262451,2025.0,15.75,22050.0,240100.0,0.571052610874176,10.88888931274414,0.8644067645072937,1.2142857313156128,-0.5,0.20658135414123535,0.13711151480674744,69.0,45
0.30192594051200433,0.18193933020062053,0.4634637078915124,0.21280076974639625,0.3475196750203475,-0.0010775344287121383,11.824481192152373,0.12085397700022517,0.38215421034183367,0.30837538958907645,0.0832910113410387,0.0,-0.0969006635577505,0.08696611757110945,0.18244084492494303,0.15085796657431355,0.6815667263312016,0.032655860901904595,0.33825889351932364,1.0762773246851598,0.5200182694385969,0.8791685314157601,0.6676977220136451,-0.025772224340026788,0.38639044988379,0.23882046768831464,0.2371205057114137,0.2495426701120922,0.7809364015371205,-0.21702306834094742,45.0,62.0,38.0,480.0,0.3499999940395355,0.8999999761581421,63.79999923706055,170.0,168.0,320.3809509277344,1.6315789222717285,1.0,0.008999999612569809,1.875,0.12250000238418579,2.857142925262451,6.173786163330078,168.0,2.357142925262451,2025.0,15.75,21600.0,230400.0,0.571052610874176,10.666666984558105,0.8644067645072937,1.0,0.0,0.19780220091342926,0.14652015268802643,69.3,45
0.3304492451390983,0.0923340301938839,0.6376590548997636,-0.10084114704994365,0.2370778909670727,0.07985389431200747,4.374865774603306,0.049446095444899696,-0.047076685932843344,0.0003964054022191797,0.08969609020915044,0.0,0.11840661869143466,0.8052194112776785,0.24288823396650921,0.12088995502446953,0.3650224209624521,0.07229546715115356,0.10576379089178542,0.8906131709426892,1.243365634854247,0.465366951111992,0.6992881285663313,0.05287680107121066,0.08804292955377815,0.27688145295133193,0.8802223118792516,0.5278228192887288,-0.018324194663457364,0.7854980466797861,45.0,62.0,38.0,480.0,0.3199999928474426,0.800000011920929,49.79999923706055,160.0,153.60000610351562,305.98095703125,1.6315789222717285,1.0,0.00800000037997961,1.6666666269302368,0.10239999741315842,3.125,6.173786163330078,153.60000610351562,2.625,2025.0,14.399999618530273,21600.0,230400.0,0.5221052765846252,10.666666984558105,0.9107142686843872,1.125,-0.3333333432674408,0.31501832604408264,0.30586081743240356,59.3,45
0.4456885573528254,0.12103890040114312,0.05265647188669312,0.5629049843047638,0.16522225036743962,-0.06398819477632485,-5.829099909722727,0.44258072955521593,0.14594559770636847,0.47163439888001485,0.10394938331672053,0.0,-0.054151714193431795,0.3566503231115599,0.18954861088108588,0.17331345137323986,0.40839217202764094,-0.002566461813367872,0.21383624813713728,0.5353034065583931,0.3537566665825451,0.5699569179045816,1.3611371844572946,0.14976828467492448,-0.041917209838153446,0.06975715859665169,0.38238944424776095,0.8117083535706198,-0.054795806770485386,-0.05038342835120908,45.0,62.0,38.0,480.0,0.3400000035762787,0.800000011920929,35.79999923706055,150.0,163.1999969482422,315.5809631347656,1.6315789222717285,1.0,0.00800000037997961,1.6666666269302368,0.11559999734163284,2.941176414489746,6.173786163330078,163.1999969482422,2.441176414489746,2025.0,15.300000190734863,21600.0,230400.0,0.554736852645874,10.666666984558105,0.8793103694915771,1.2666666507720947,-0.6666666865348816,0.3144424259662628,0.14259597659111023,50.3,45
0.7371540650838384,0.16839744688778155,0.062098521820651315,0.6221799212866292,0.3781223313220572,-0.009808352667904946,11.538071253978512,0.33758250673984114,0.16132093430716885,0.031177966752323982,0.1460174514328365,0.0,-0.03127592314908124,0.22566509817646954,0.20959410985845267,0.33331973794745784,0.23441819581755366,0.09046879058338772,0.3234529264106354,0.8305420578380736,0.7805630497933267,0.3964163022890472,1.1185831684143577,0.08274712713635493,0.6191662878456785,0.5354402128393021,-0.27257712009166174,-0.01779776101709287,0.16431781934188772,0.48410905787066844,45.0,62.0,38.0,490.0,0.30000001192092896,0.8999999761581421,64.86199951171875,180.0,147.0,302.5555419921875,1.6315789222717285,1.0,0.008999999612569809,1.836734652519226,0.09000000357627869,3.3333332538604736,6.194405555725098,147.0,2.8333332538604736,2025.0,13.5,22050.0,240100.0,0.4894736707210541,10.88888931274414,0.9444444179534912,0.7777777910232544,0.6666666865348816,0.1736745834350586,0.3363802433013916,68.8,45
0.4903227343106092,0.21949939101677307,0.4877075144902145,0.45573920598809803,0.22419405848422178,-0.03077419433388563,10.517452853856913,-0.031596632502920274,-0.0501400490651917,0.2061800934148412,0.24120191592135395,0.0,-0.4799295264970528,0.3779509843085205,0.2122791770437137,0.1416278279569842,0.35675041486580433,-0.2053644558631174,0.2121017712357052,0.859211871626584,0.5774067318632404,0.3571111609902862,1.0051069532586472,0.011627324449430541,0.13352255176374705,0.2700165664623888,0.1924567751160413,0.2760574310210861,-0.8617568082828325,-0.2729557472906632,45.0,62.0,38.0,490.0,0.3400000035762787,0.800000011920929,61.0,160.0,166.60000610351562,322.1555480957031,1.6315789222717285,1.0,0.00800000037997961,1.6326531171798706,0.11559999734163284,2.941176414489746,6.194405555725098,166.60000610351562,2.441176414489746,2025.0,15.300000190734863,22050.0,240100.0,0.554736852645874,10.88888931274414,0.8793103694915771,1.0625,-0.1666666716337204,0.09340659528970718,0.15750916302204132,66.2,45
0.6429258933854961,0.18455960311088088,0.09766454027323865,0.655913772984015,0.2339315985172257,-0.0033170147714116985,11.166175756521968,0.09632855649474696,-0.14984000270880263,0.16534095187697626,0.21762861468542893,0.0,0.012584517997238158,0.22957489242157425,0.2368013698610407,0.3502050871282063,0.2541762592057533,-0.16121901541403605,0.31237523801868583,0.8386291643524152,0.6175027813500416,0.4200269533817606,1.1321811623418958,0.2292328374744192,0.5360383597858682,0.4316378423211062,-0.08844991761150428,0.01578861650600973,0.21770838859086947,0.5482918919313547,45.0,62.0,38.0,480.0,0.3199999928474426,0.8999999761581421,61.79999923706055,175.0,153.60000610351562,305.98095703125,1.6315789222717285,1.0,0.008999999612569809,1.875,0.10239999741315842,3.125,6.173786163330078,153.60000610351562,2.625,2025.0,14.399999618530273,21600.0,230400.0,0.5221052765846252,10.666666984558105,0.9107142686843872,0.9142857193946838,0.25,0.1736745834350586,0.3363802433013916,63.9,45
0.3193338538934701,-0.0014066231410839423,0.1901552482388341,0.0183153545036345,0.3099291518826964,0.07200668080559673,11.187158098251222,0.18920974518188374,0.15098663986760755,0.2981449988368958,0.19004252845138978,0.0,0.010069412461357343,0.40657101379116195,0.29785460268720526,0.14316123081783388,1.3427306989710281,0.015999583139123558,0.15583685537428404,0.9712461084000955,0.41654248753981227,0.4258224591226071,0.8447371981375595,0.3013089376200699,0.14434058914465972,0.078325782051349,-0.06651704538451318,-0.03852535887137986,0.4403333849046913,0.09887454254347522,45.0,62.0,38.0,490.0,0.33000001311302185,0.8999999761581421,60.099998474121094,180.0,161.6999969482422,317.25555419921875,1.6315789222717285,1.0,0.008999999612569809,1.836734652519226,0.10890000313520432,3.0303030014038086,6.194405555725098,161.6999969482422,2.5303030014038086,2025.0,14.850000381469727,22050.0,240100.0,0.5384210348129272,10.88888931274414,0.8947368264198303,0.9444444179534912,0.1666666716337204,0.1681901216506958,0.054844606667757034,68.9,45
0.5668932256395679,0.20840361337029464,0.05042422610204865,0.5545408690281297,0.14174336285898198,0.03664281687822762,8.082102786336177,-0.08692337828369252,0.13504205462842347,0.5946715416210542,0.22022608154158113,0.0,0.004561082849171877,0.19856872395793262,0.1934321857479955,0.16774355598911894,0.2460966018480727,0.1283026602998579,0.35522462514657455,0.7214293965895042,0.8231196483272039,0.5108978300442997,1.3762178578441515,0.3854155077024166,0.4870576823122176,0.4353155413109126,0.05780152397344679,0.3455249465489613,0.15592615205788168,0.5008434615892672,45.0,62.0,38.0,480.0,0.33000001311302185,0.8999999761581421,55.5,170.0,158.39999389648438,310.78094482421875,1.6315789222717285,1.0,0.008999999612569809,1.875,0.10890000313520432,3.0303030014038086,6.173786163330078,158.39999389648438,2.5303030014038086,2025.0,14.850000381469727,21600.0,230400.0,0.5384210348129272,10.666666984558105,0.8947368264198303,1.1176470518112183,-0.3333333432674408,0.1736745834350586,0.3363802433013916,65.4,45
0.25592613985929485,0.062393167408760275,0.3468079518357483,0.13111506215990237,0.07157515896398924,-0.07786221752773474,7.119124576235135,0.16728038742057497,0.22395845050878294,0.22362959085936723,0.01349340841176248,0.0,-0.08791553571797177,0.16005460143045983,0.1639437167462447,0.10881137820136529,0.5871567754730083,-0.11679471229034027,0.2864050055154998,1.1072853361498862,0.09418677266559472,0.8794993473012479,0.5997151691411053,0.08747018147208455,0.027022688312560706,0.08136102787979538,0.2549307645073724,0.09498598324151818,0.4146808561302783,0.8699369996167318,45.0,62.0,38.0,480.0,0.3400000035762787,0.699999988079071,53.5,180.0,163.1999969482422,315.5809631347656,1.6315789222717285,1.0,0.007000000216066837,1.4583333730697632,0.11559999734163284,2.941176414489746,6.173786163330078,163.1999969482422,2.441176414489746,2025.0,15.300000190734863,21600.0,230400.0,0.554736852645874,10.666666984558105,0.8793103694915771,0.9722222089767456,0.0833333358168602,0.1684981733560562,0.3223443329334259,62.7,45
0.32450058510326424,0.0961330151962464,0.42117304413612605,0.043962194208592896,0.24800197802592117,0.007523815149288786,-0.464570538278291,0.1299096189532128,-0.051640678366615435,0.0026523857492000476,0.06254478016268611,0.0,-0.09156191240136792,0.18663922761734936,0.18643237480069497,0.17406660613278488,0.39081002062315473,0.014479731904165778,0.20052814837562485,0.9050578444425048,1.0161153491818389,0.45635172176523736,0.9232828750657742,0.037172971226704245,-0.006305389397639478,0.19534962525662078,-0.2758495909893242,-0.07485945663519168,0.30233572452669005,-0.1663309622124576,45.0,62.0,38.0,480.0,0.3199999928474426,0.8999999761581421,42.400001525878906,190.0,153.60000610351562,305.98095703125,1.6315789222717285,1.0,0.008999999612569809,1.875,0.10239999741315842,3.125,6.173786163330078,153.60000610351562,2.625,2025.0,14.399999618530273,21600.0,230400.0,0.5221052765846252,10.666666984558105,0.9107142686843872,0.9210526347160339,0.25,0.010989011265337467,0.17032967507839203,54.2,45
0.32066596246973145,0.19636303130794,0.5003319384660316,0.39888545005548787,0.46819510004188514,-0.011499268457194414,8.547042980191694,0.04082168015510253,-0.019222992900689892,0.4283722437263294,0.15818232076763744,0.0,0.04509062646879475,0.37860975722273876,0.14309107318564104,0.11115033280842737,0.3517162001142477,0.16059025033877303,0.18565949429420953,0.8045028161671023,0.4222175278341376,0.3064352677425463,0.806631169604374,0.17288463909344517,-0.03836148488157449,0.14349198669739677,-0.1286649762669531,-0.20934868178535884,0.507330037822341,0.7958628857992673,45.0,62.0,38.0,480.0,0.33000001311302185,0.8999999761581421,55.5,185.0,158.39999389648438,310.78094482421875,1.6315789222717285,1.0,0.008999999612569809,1.875,0.10890000313520432,3.0303030014038086,6.173786163330078,158.39999389648438,2.5303030014038086,2025.0,14.850000381469727,21600.0,230400.0,0.5384210348129272,10.666666984558105,0.8947368264198303,0.8648648858070374,0.4166666567325592,0.21978022158145905,0.31501832604408264,67.2,45
0.27863084438430347,0.10575679515588142,0.34439640763882934,0.4150432097898807,0.1689095283001564,0.020539917775609234,-0.5162184477680043,0.2029543941552903,-0.06942733557947811,0.32263512946565914,0.28402132329775087,0.0,0.06255081231504712,0.29423469642957834,0.1962199363464786,0.13654444234522325,0.30555832572474034,0.18439286656886664,0.21379125145376401,0.7938035635933869,0.4138229412429301,0.21396903793502597,0.9116183748743139,-0.07882363029293428,0.030133094304583073,0.20009491574149146,0.09912399428974557,0.33243688136642807,-0.020957457575314142,0.6300312763142272,45.0,62.0,38.0,480.0,0.3400000035762787,0.8999999761581421,43.5,175.0,163.1999969482422,315.5809631347656,1.6315789222717285,1.0,0.008999999612569809,1.875,0.11559999734163284,2.941176414489746,6.173786163330078,163.1999969482422,2.441176414489746,2025.0,15.300000190734863,21600.0,230400.0,0.554736852645874,10.666666984558105,0.8793103694915771,0.9714285731315613,0.0833333358168602,0.014652014710009098,0.31501832604408264,50.7,45
0.08944239524585172,0.09859091155480192,0.3891165550287776,0.22224573775427148,0.12279085421546904,-0.1736526643121292,0.28008225289020805,0.19125838565491057,-0.3376244518012956,-0.07356555657658646,0.20396164555004045,0.0,-0.4459977203308952,-0.05061028676499459,0.17287454135221916,0.10562840366749691,0.19295650663291905,-0.19869045441394248,0.22823807750173333,0.6694813454220717,0.08803763450688805,0.16886138622246666,0.1312456140682634,-0.055517349206836354,-0.23974902510604332,0.13622066506274777,-0.34156624000879976,-0.27466318235595205,-0.3763868944237619,0.16157996886829606,45.0,62.0,38.0,460.0,0.3400000035762787,0.800000011920929,43.900001525878906,180.0,156.39999389648438,302.4317321777344,1.6315789222717285,1.0,0.00800000037997961,1.7391303777694702,0.11559999734163284,2.941176414489746,6.131226539611816,156.39999389648438,2.441176414489746,2025.0,15.300000190734863,20700.0,211600.0,0.554736852645874,10.222222328186035,0.8793103694915771,0.8888888955116272,0.3333333432674408,0.09340659528970718,0.0,48.6,45
0.2892780569536661,0.0022950278415434133,0.16319577301518798,0.011190759013140287,0.2787421611495829,-0.03866258124369139,-1.4015922247840187,0.5357452840152604,-0.23247040666798044,0.3612712643097984,0.14161431230249466,0.0,-0.043508091149152876,0.02652226028667537,0.2476056808350526,0.13138611149836193,0.24944782861924397,-0.24399541423312165,0.1298690686106525,0.7691175232355387,0.15183357936041825,0.3959985057522604,0.11018225070174038,0.04324557408255526,-0.30648704681624384,-0.07825072928946554,-0.26140698818589336,0.011103940766398538,-0.3699256732101739,-0.42090449552353826,45.0,62.0,38.0,460.0,0.3400000035762787,0.800000011920929,44.599998474121094,190.0,156.39999389648438,302.4317321777344,1.6315789222717285,1.0,0.00800000037997961,1.7391303777694702,0.11559999734163284,2.941176414489746,6.131226539611816,156.39999389648438,2.441176414489746,2025.0,15.300000190734863,20700.0,211600.0,0.554736852645874,10.222222328186035,0.8793103694915771,0.8421052694320679,0.5,0.09506398439407349,0.23765996098518372,45.4,45
0.3948404450813785,0.09858708213634378,0.032438591946021195,0.059773435364677205,0.1364963589552884,-0.051350431795954325,-0.7091239417883517,-0.01211408372660143,-0.2784255957626531,0.03442687511578403,0.07605166782475117,0.0,-0.0898659760269715,-0.23041222520791527,0.09916877263215063,0.17100953567373553,0.19150346945105703,-0.21879185966613438,0.20258295001010299,0.658469735564472,-0.1360434079167333,0.29801217846975353,0.011153370972701889,-0.18614756647222533,-0.1578539943178654,0.03313269058191289,-0.3326292871489362,-0.16995287213136448,-0.38032487426999,-0.3626349661561304,45.0,62.0,38.0,460.0,0.3400000035762787,0.800000011920929,42.900001525878906,180.0,156.39999389648438,302.4317321777344,1.6315789222717285,1.0,0.00800000037997961,1.7391303777694702,0.11559999734163284,2.941176414489746,6.131226539611816,156.39999389648438,2.441176414489746,2025.0,15.300000190734863,20700.0,211600.0,0.554736852645874,10.222222328186035,0.8793103694915771,0.9444444179534912,0.1666666716337204,0.3144424259662628,0.21206581592559814,51.8,45
0.2071871495940557,0.05434083832567456,0.3057779442395815,0.1572409005328436,0.09638902945594954,-0.151878928056578,3.1348535389565737,-0.5947383395013388,0.007381383044093675,-0.08641723645362552,-0.05748725388115672,0.0,-0.11393618454314865,-0.1688675436863003,0.11288238780315571,0.08298598182340443,0.28391349364952695,-0.14875725670074896,0.2622805249656569,1.0527643120618375,-0.03001592951341392,0.7968119862207604,0.31685101707560925,-0.03855443720568412,-0.17659799333289986,0.1043823354188037,-0.33867826597726003,-0.3156892429663048,-0.34588473140602466,0.12222126736022335,45.0,62.0,38.0,470.0,0.3400000035762787,0.800000011920929,48.400001525878906,220.0,159.8000030517578,309.00634765625,1.6315789222717285,1.0,0.00800000037997961,1.7021276950836182,0.11559999734163284,2.941176414489746,6.152732849121094,159.8000030517578,2.441176414489746,2025.0,15.300000190734863,21150.0,220900.0,0.554736852645874,10.44444465637207,0.8793103694915771,0.7954545617103577,0.75,0.10256410390138626,0.04212454333901405,64.9,45
0.06549199745036637,0.09818985806256168,0.37923013614579437,0.2904832248872134,0.74530817846654,-0.022537485092766627,-5.080364318596511,-0.08113784040298358,0.11333055974509933,-0.04337760992238894,0.20903592806943125,0.0,-0.3820569792069793,0.35120055295762165,0.2031152787819121,0.1637455726832803,0.3847946220729715,0.20726196614368655,0.27315781955409496,0.6466079555659532,0.5439207609228667,0.38014143116243343,0.7538203172401037,0.1218619212036454,-0.31558372394697753,0.21268016137267845,-0.2425875313653142,-0.2159610040705528,-1.0389912151932463,-0.44614880775903404,45.0,62.0,38.0,470.0,0.3199999928474426,0.800000011920929,38.5,200.0,150.39999389648438,299.6063537597656,1.6315789222717285,1.0,0.00800000037997961,1.7021276950836182,0.10239999741315842,3.125,6.152732849121094,150.39999389648438,2.625,2025.0,14.399999618530273,21150.0,220900.0,0.5221052765846252,10.44444465637207,0.9107142686843872,0.8500000238418579,0.5,0.09340659528970718,0.21794871985912323,55.7,45
0.30742079158491803,0.19001690221501216,0.6142947009095587,0.20796489316295108,0.5170577704298893,0.05018183088969319,6.508414552819372,-0.3002648158033192,-0.07135056049432509,0.15656387657509846,0.19321356206849774,0.0,0.12077544537859765,0.26989715095985567,0.18216207043753993,0.09764540197419624,0.3889763396605139,0.021629559145602138,0.18637448235509255,0.8114493993555777,0.4790939820935213,0.34809113542133074,0.7729087560209124,0.1481008139739869,-0.032913300693892575,0.08689550902138907,-0.3757878583000859,-0.22605606239819787,0.4031724131940623,-0.5726466080633451,45.0,62.0,38.0,475.0,0.3199999928474426,0.949999988079071,52.79999923706055,195.0,152.0,302.79364013671875,1.6315789222717285,1.0,0.009499999694526196,2.0,0.10239999741315842,3.125,6.1633148193359375,152.0,2.625,2025.0,14.399999618530273,21375.0,225625.0,0.5221052765846252,10.55555534362793,0.9107142686843872,0.7948718070983887,0.6666666865348816,0.21978022158145905,0.21794871985912323,57.0,45
0.525022882449225,0.11533244990672892,0.0502972831395272,0.21241476384027852,0.22275597987773801,-0.018995409673839864,-0.2746101947583921,-0.3089685296038781,0.011322481127454034,0.41543269034033103,0.19175812391419556,0.0,-0.07186431727941951,0.16597764912725108,0.1984017089776375,0.2550538870006347,0.24961835763451004,0.08280821614167976,0.6202819833715292,0.6410045261427234,0.8839625712627053,0.601792522416918,1.3190290078655507,0.17139336748957362,0.32971287504123536,0.578046231038003,-0.3472179728160443,-0.17662731483476893,-0.2548944913315523,-0.3343078636549967,45.0,62.0,38.0,475.0,0.3199999928474426,0.8999999761581421,42.0,200.0,152.0,302.79364013671875,1.6315789222717285,1.0,0.008999999612569809,1.894736886024475,0.10239999741315842,3.125,6.1633148193359375,152.0,2.625,2025.0,14.399999618530273,21375.0,225625.0,0.5221052765846252,10.55555534362793,0.9107142686843872,0.75,0.8333333134651184,0.10054844617843628,0.21206581592559814,50.3,45
0.23920800560151467,0.09598063976201741,0.44160095735836924,0.2868111720525026,0.6115078000109176,-0.08032177343477455,-4.265923075567614,-0.04927054453897545,-0.0018853850293342699,0.11397807843185966,0.20088014491800843,0.0,-0.027344296412667227,0.2688931455298497,0.1961393729340059,0.14886671989520733,0.4539803948864262,0.08447705244361567,0.285322746784743,0.7950127939739131,0.6245398983670747,0.39998097447672676,0.6914180082063404,0.2976241732736852,-0.005891472781302733,0.11548862889943623,-0.3365573519249134,-0.30636481659804154,0.18341420168164096,-0.4497895205311317,45.0,62.0,38.0,475.0,0.3199999928474426,0.8999999761581421,39.599998474121094,195.0,152.0,302.79364013671875,1.6315789222717285,1.0,0.008999999612569809,1.894736886024475,0.10239999741315842,3.125,6.1633148193359375,152.0,2.625,2025.0,14.399999618530273,21375.0,225625.0,0.5221052765846252,10.55555534362793,0.9107142686843872,0.8205128312110901,0.5833333134651184,0.21978022158145905,0.21794871985912323,54.2,45
0.24945283382681607,0.1078598438769566,0.2602791850848393,0.125477983407405,0.22164860376021983,-0.005991857622322599,0.08332045014789599,0.026766905995630242,-0.11066946914155905,0.10205642399252296,0.05899617952728589,0.0,-0.08379426083051518,0.06967284779531312,0.16695243384886843,0.09677813715373462,0.5085659767446904,-0.023520298535163405,0.43096901308142965,0.9062296733369927,0.5091389799534287,0.8209134269324287,0.7553300614962435,0.2602250761623153,-0.0688501083793599,0.10678051019617169,-0.3806135108625565,-0.09096616017712679,-0.4142018668007513,-0.5090810923257035,45.0,62.0,38.0,475.0,0.3199999928474426,0.8999999761581421,44.20000076293945,190.0,152.0,302.79364013671875,1.6315789222717285,1.0,0.008999999612569809,1.894736886024475,0.10239999741315842,3.125,6.1633148193359375,152.0,2.625,2025.0,14.399999618530273,21375.0,225625.0,0.5221052765846252,10.55555534362793,0.9107142686843872,0.8421052694320679,0.5,0.10256410390138626,0.21794871985912323,53.8,45
0.5498607052718459,0.12260973353800007,0.0912034034813493,0.15412477892658868,0.10199654273092953,0.016508286594977818,5.069899402009694,0.2714899516283692,-0.08637086386400773,0.2555911754347945,0.19259182013714757,0.0,0.0024030944752355884,0.2252901814786671,0.15919739748909248,0.2682266114245825,0.2812961987635461,-0.08273309494696017,0.32455869884754723,0.7243818779664343,0.9719799045792311,0.5493271950532247,1.2704954289421437,0.2431948484866364,0.41735223345674466,0.44308457673429247,-0.09669776424853731,-0.005862474018468956,0.22770226805336222,-0.41923129599129916,45.0,62.0,38.0,475.0,0.3199999928474426,0.8999999761581421,49.599998474121094,180.0,152.0,302.79364013671875,1.6315789222717285,1.0,0.008999999612569809,1.894736886024475,0.10239999741315842,3.125,6.1633148193359375,152.0,2.625,2025.0,14.399999618530273,21375.0,225625.0,0.5221052765846252,10.55555534362793,0.9107142686843872,0.9166666865348816,0.25,0.1736745834350586,0.21206581592559814,55.1,45
0.23630484196914897,0.11759882774787421,0.32228517892397396,0.27380505173991526,0.4714427334948786,-0.046222771504850796,-0.5307895188890027,0.022298087967845475,-0.1328018096658825,0.12794396586348952,0.199980774392429,0.0,-0.044083469884625415,0.22601225306863287,0.18587237073665205,0.12588719763821007,0.33391936450498094,-0.008726429730622303,0.24512908902427455,0.7171643685948804,0.44047850461118726,0.2461985496741745,0.6934645848068589,0.1361174318991814,-0.013552392425119361,0.09695081265104791,-0.36138824215019455,-0.2523426673884713,0.0038198484215962556,-0.5544103360131685,45.0,62.0,38.0,475.0,0.3199999928474426,0.8999999761581421,43.29999923706055,185.0,152.0,302.79364013671875,1.6315789222717285,1.0,0.008999999612569809,1.894736886024475,0.10239999741315842,3.125,6.1633148193359375,152.0,2.625,2025.0,14.399999618530273,21375.0,225625.0,0.5221052765846252,10.55555534362793,0.9107142686843872,0.8918918967247009,0.3333333432674408,0.16300366818904877,0.21794871985912323,58.9,45
0.30033978516422616,0.1382674468867909,0.4061414674173561,0.059875541908506094,0.2761477485084411,0.12078944235614117,9.526281886417625,-0.024789417361948434,-0.10223769401298059,0.15399749977589297,0.07982125026229715,0.0,0.2661124845573597,-0.21895142104832202,0.10869211560440778,0.12059129925009932,0.6604351912856602,0.020711010709577333,0.30806700354296807,1.0652308452834793,0.4314834495884129,0.8891248202170076,0.6004286161428458,0.11373704400004261,0.09647763782665529,0.06788784162767199,0.3256542328725342,0.34066626021141344,-0.4795992387654042,-0.5389604527768154,45.0,62.0,38.0,480.0,0.3100000023841858,1.0,58.900001525878906,160.0,148.8000030517578,301.1809387207031,1.6315789222717285,1.0,0.009999999776482582,2.0833332538604736,0.09610000252723694,3.225806474685669,6.173786163330078,148.8000030517578,2.725806474685669,2025.0,13.949999809265137,21600.0,230400.0,0.5057894587516785,10.666666984558105,0.9272727370262146,1.0,0.0,0.10256410390138626,0.21794871985912323,62.6,45
0.35622259423213704,0.15375078901005565,0.4828311021023256,0.14431634618942274,0.3273800246721044,0.21544267097103056,7.354993014659445,-0.13008547968056577,0.11927382350860048,0.11095389777494187,0.12830017178738656,0.0,0.3874321477679309,-0.12706618317122348,0.19791399900891998,0.14486626137026118,0.7260859000688636,0.5168765320376659,0.7021831836333096,1.1516840895149636,0.8858204505771831,0.9872935276678971,0.7027186116435845,0.06939786640433226,0.21704032319696032,0.14596695034610263,0.20724821934383783,-0.10192664565520965,-0.7469386811382377,0.25891743327669353,45.0,62.0,38.0,480.0,0.30000001192092896,1.0,55.400001525878906,200.0,144.0,296.3809509277344,1.6315789222717285,1.0,0.009999999776482582,2.0833332538604736,0.09000000357627869,3.3333332538604736,6.173786163330078,144.0,2.8333332538604736,2025.0,13.5,21600.0,230400.0,0.4894736707210541,10.666666984558105,0.9444444179534912,0.8500000238418579,0.5,0.32967033982276917,0.04212454333901405,60.1,45
0.33960989706946454,0.12375721713309389,0.44700580507306054,0.14653409845260798,0.31060765495284515,0.1657343491276591,7.700284480701627,-0.10296067044587381,-0.09206460254510977,0.16706128950895272,0.10069100663491065,0.0,0.22683759101431672,-0.14139454213529157,0.17179097272701238,0.1487981464498668,0.6145147045576003,0.056111296149592226,0.30956924161761035,0.9556158997927794,0.5176511608436555,0.8276943873237188,0.6866449590509042,0.16828503926754806,0.12893490894402737,0.1437626324595522,-0.3639381141114777,-0.15098837108976998,-0.4231143373026071,-0.6173948732244038,45.0,62.0,38.0,480.0,0.3100000023841858,1.0,57.5,190.0,148.8000030517578,301.1809387207031,1.6315789222717285,1.0,0.009999999776482582,2.0833332538604736,0.09610000252723694,3.225806474685669,6.173786163330078,148.8000030517578,2.725806474685669,2025.0,13.949999809265137,21600.0,230400.0,0.5057894587516785,10.666666984558105,0.9272727370262146,0.8421052694320679,0.5,0.32967033982276917,0.21794871985912323,60.7,45
0.32341380388822766,0.1588010597377508,0.4951769870668074,0.09507812135294663,0.44243420544876133,0.264075923803702,8.740342600195003,-0.4502809086772036,0.12120587815081371,0.1130831834386206,0.05611282893466191,0.0,0.4282583675412103,-0.07749421707231034,0.07324706339615819,0.13355363243003313,0.63601975635245,0.5199794707646486,0.6762440168701042,1.2661226661433924,0.9068649277802022,1.0137668558174677,0.6670209558696727,0.05863194139395639,0.2114393410897721,0.08424700293116619,0.18618653935145393,0.20672501956396452,0.5559905916137151,0.6846505074388184,45.0,62.0,38.0,480.0,0.30000001192092896,1.0,56.900001525878906,195.0,144.0,296.3809509277344,1.6315789222717285,1.0,0.009999999776482582,2.0833332538604736,0.09000000357627869,3.3333332538604736,6.173786163330078,144.0,2.8333332538604736,2025.0,13.5,21600.0,230400.0,0.4894736707210541,10.666666984558105,0.9444444179534912,0.8974359035491943,0.3333333432674408,0.19780220091342926,0.04212454333901405,62.0,45
0.298218633129597,0.12341061631290166,0.4291946207825253,0.10215319175241225,0.27695625272983615,0.17484533616963405,8.4956532441027,0.028143596046359493,-0.07872177714225125,0.17015446655082755,0.06033021385036404,0.0,0.26642626030164557,-0.15113481856666466,0.128533432848178,0.12435970369629563,0.6948042714064027,0.04026963633566265,0.2878359495079943,1.0700022050331166,0.5523584598644959,0.851922812678856,0.6369493180134617,0.08476023062790919,0.12955684370187492,0.07943025512097154,0.10203623448136297,0.12740606474294544,0.5740432269112435,-0.6519208384253339,45.0,62.0,38.0,480.0,0.3100000023841858,1.0,58.20000076293945,190.0,148.8000030517578,301.1809387207031,1.6315789222717285,1.0,0.009999999776482582,2.0833332538604736,0.09610000252723694,3.225806474685669,6.173786163330078,148.8000030517578,2.725806474685669,2025.0,13.949999809265137,21600.0,230400.0,0.5057894587516785,10.666666984558105,0.9272727370262146,0.8947368264198303,0.3333333432674408,0.19780220091342926,0.21794871985912323,61.8,45
0.2994388510197591,0.12880391387100643,0.4839854410040272,0.06489699299752358,0.20190623662277402,0.17662301636078992,8.196531409236817,0.30628863806089085,-0.09933238530387253,0.055280507459125,0.09121426421857377,0.0,0.2812488507610995,-0.018684498615506688,0.15669961199849514,0.1213017110119764,0.6505345683093924,-0.044417269740597995,0.2896637470222289,1.0574621912322384,0.3785565568209321,0.8623423564562268,0.5827521006213054,0.05554599643590332,0.028942891811165963,0.08240860869686972,-0.06976630462871411,0.07417778615187184,-0.16154160357511216,0.7786873188571171,45.0,62.0,38.0,480.0,0.3100000023841858,1.0,55.70000076293945,170.0,148.8000030517578,301.1809387207031,1.6315789222717285,1.0,0.009999999776482582,2.0833332538604736,0.09610000252723694,3.225806474685669,6.173786163330078,148.8000030517578,2.725806474685669,2025.0,13.949999809265137,21600.0,230400.0,0.5057894587516785,10.666666984558105,0.9272727370262146,0.9411764740943909,0.1666666716337204,0.10256410390138626,0.04212454333901405,62.4,45
0.23463304436131546,-0.01413875269359691,0.1954782953661814,-0.005709714831364676,0.23986979369930256,0.07748614780931866,5.384106176995535,0.1703851993151014,-0.05927549422259283,0.3616043607822064,0.2126684115664729,0.0,0.3076236146278113,-0.20511584817594178,0.1880383668613865,0.1276995816512474,0.2888009899283544,-0.010967676807559374,0.1157080957778381,1.030021674166172,0.6444034236054955,0.4235115947962076,0.6156484673549055,0.0811788666885597,-0.1128974332927659,0.01571965016983075,-0.09486777778666627,-0.17633844244956634,-0.3985886934376527,0.2161807990695486,45.0,62.0,38.0,480.0,0.3100000023841858,1.0,51.400001525878906,180.0,148.8000030517578,301.1809387207031,1.6315789222717285,1.0,0.009999999776482582,2.0833332538604736,0.09610000252723694,3.225806474685669,6.173786163330078,148.8000030517578,2.725806474685669,2025.0,13.949999809265137,21600.0,230400.0,0.5057894587516785,10.666666984558105,0.9272727370262146,0.8888888955116272,0.3333333432674408,0.045703839510679245,0.04387568682432175,62.5,45
0.34205159482367486,0.05149375106608127,0.5552688882010259,0.020910899018270746,0.20672936732112301,0.08564426806891566,6.529014582363438,0.08262360916461911,-0.09780223645779182,0.09105196016551449,0.13456005579265967,0.0,0.3915797583684793,-0.06408304710703507,0.22016602116178868,0.07190134935920153,0.3700477376706513,-0.09681974730400815,0.15416019483880158,0.9199334230469838,0.7980951826989703,0.2832785706840262,0.7852820197372171,-0.06810996120760152,0.04334918293285565,0.08774492904697885,-0.15713776178943026,-0.013413702318000556,0.19873952327825842,-0.44116948458344873,45.0,62.0,38.0,480.0,0.3100000023841858,1.0,54.400001525878906,190.0,148.8000030517578,301.1809387207031,1.6315789222717285,1.0,0.009999999776482582,2.0833332538604736,0.09610000252723694,3.225806474685669,6.173786163330078,148.8000030517578,2.725806474685669,2025.0,13.949999809265137,21600.0,230400.0,0.5057894587516785,10.666666984558105,0.9272727370262146,0.8947368264198303,0.3333333432674408,0.045787546783685684,0.21978022158145905,60.5,45
0.6635577576846493,0.1871495122041239,0.07336976342809924,0.5718420948781681,0.3291435184414547,0.06552222549668106,8.601066098406193,0.13614732482041544,-0.06293382799446474,0.10962907169650858,0.06570788173716675,0.0,0.046370528175653264,-0.14263023400974637,0.20129545586230757,0.3097627068974486,0.24949494011649107,-0.10767464218065846,0.3494935660382692,0.7198939878027542,0.6642297343733429,0.440832308171489,1.1840743191253749,-0.08344454383711229,0.3049992755942767,0.5286160811130087,-0.1679069900911366,-0.0910181607561469,-0.2638976090400737,-0.43301311579341656,45.0,62.0,38.0,480.0,0.3100000023841858,1.0,58.0,160.0,148.8000030517578,301.1809387207031,1.6315789222717285,1.0,0.009999999776482582,2.0833332538604736,0.09610000252723694,3.225806474685669,6.173786163330078,148.8000030517578,2.725806474685669,2025.0,13.949999809265137,21600.0,230400.0,0.5057894587516785,10.666666984558105,0.9272727370262146,0.9375,0.1666666716337204,0.10054844617843628,0.21206581592559814,59.7,45
0.34205159482367486,0.07429849706357715,0.5961377883943552,0.07811348993966624,0.21901472802237673,0.07325851467097798,7.012440227159618,-0.056724169253088284,-0.1808547278497264,-0.1352392706247149,0.18772362574870075,0.0,0.3869296613673834,-0.10536576164841255,0.23485557340565838,0.06687997586970884,0.2929848377786253,-0.26918822663164677,0.18575650566245244,0.9103739670237933,0.8380264589322068,0.2872006685031147,0.8247080037806497,-0.06041221242061816,-0.013335885585060764,0.10026166314099147,-0.38482587650129424,-0.045656045178151694,-0.47906413224529587,-0.4655466777167917,45.0,62.0,38.0,480.0,0.3199999928474426,1.0,55.79999923706055,170.0,153.60000610351562,305.98095703125,1.6315789222717285,1.0,0.009999999776482582,2.0833332538604736,0.10239999741315842,3.125,6.173786163330078,153.60000610351562,2.625,2025.0,14.399999618530273,21600.0,230400.0,0.5221052765846252,10.666666984558105,0.9107142686843872,0.970588207244873,0.0833333358168602,0.014652014710009098,0.21978022158145905,61.8,45
0.3339625046651511,0.07109867380335369,0.5933746821205498,0.09239607071779092,0.22055546242154386,0.01382362347849401,7.285686122347382,0.21841465377777633,-0.0709279455616122,0.08138196299864718,0.16718449583693537,0.0,0.3925528040750869,-0.1500356005645849,0.24028527654924595,0.0847894769291463,0.3371807864412731,-0.2504686097776111,0.16060495279756476,0.9318394434268397,0.9712192400974275,0.27301809657474296,0.8498088525524086,-0.01415301998021072,0.0635197627739583,0.10569598662357066,0.0052067790055008185,-0.041372039742648636,0.4558222551914492,-0.4343726197696114,45.0,62.0,38.0,480.0,0.3199999928474426,1.0,55.79999923706055,185.0,153.60000610351562,305.98095703125,1.6315789222717285,1.0,0.009999999776482582,2.0833332538604736,0.10239999741315842,3.125,6.173786163330078,153.60000610351562,2.625,2025.0,14.399999618530273,21600.0,230400.0,0.5221052765846252,10.666666984558105,0.9107142686843872,0.8648648858070374,0.4166666567325592,0.20695970952510834,0.21978022158145905,62.4,45
0.2781819139242032,0.0626530493056723,0.3127601525561004,0.03535300306666231,0.16130911778798643,-0.03609986076222055,-0.9852862336856021,0.15753481000411346,-0.28278126662230335,0.08065985538107909,-0.05817454065416583,0.0,0.08080662362967649,-0.005051778395314659,0.15813955690485534,0.0571515673835751,0.175999776455949,-0.41969191297647995,0.2829557922746847,0.7106648915663314,0.04671973914149372,0.7456705533866828,0.2935874022368772,-0.10728205795827649,-0.0717503420095295,0.08096300840743191,-0.16702421408696147,-0.1142541926871383,-0.3429076841538353,-0.45385704994820886,45.0,62.0,38.0,460.0,0.3400000035762787,0.800000011920929,42.900001525878906,180.0,156.39999389648438,302.4317321777344,1.6315789222717285,1.0,0.00800000037997961,1.7391303777694702,0.11559999734163284,2.941176414489746,6.131226539611816,156.39999389648438,2.441176414489746,2025.0,15.300000190734863,20700.0,211600.0,0.554736852645874,10.222222328186035,0.8793103694915771,0.9444444179534912,0.1666666716337204,0.32967033982276917,0.21794871985912323,45.8,45
0.31094258013041787,0.06402254466743725,0.4589358700701486,0.3083777761245314,0.20067930088744518,-0.058712000603476804,-0.5259763206364728,0.32784546830820693,0.05956245705266791,0.24737558620164793,0.1313540761656052,0.0,0.07373854094521237,1.446686326214404,0.21319183113397397,0.0839014229618042,0.6990478818501675,-0.06625243986793433,0.152039678460517,0.7887480695816191,1.1274257760121733,0.5075785596792826,0.6336853713533418,0.056241690398185176,0.07256338567678389,0.23672385873484833,0.248198725672341,-0.09930450496921324,0.07274345344634214,0.45113554487932256,45.0,62.0,38.0,470.0,0.3400000035762787,0.800000011920929,43.900001525878906,220.0,159.8000030517578,309.00634765625,1.6315789222717285,1.0,0.00800000037997961,1.7021276950836182,0.11559999734163284,2.941176414489746,6.152732849121094,159.8000030517578,2.441176414489746,2025.0,15.300000190734863,21150.0,220900.0,0.554736852645874,10.44444465637207,0.8793103694915771,0.7954545617103577,0.75,0.10256410390138626,0.04029304161667824,48.6,45
0.19557569585300905,-0.009984559378816319,0.1595455572815814,-0.008570010764635979,0.2564588742257302,-0.044351628341999245,-0.867728797601582,-0.07701411250810632,-0.3253648791301649,0.3484103076265401,0.12779538900469184,0.0,-0.025042847459618496,0.11367492255151651,0.25614799613018063,0.15729176157310434,0.3185919165760091,-0.38653369486167777,0.15287301915084356,0.819301469050131,-0.07716154678151245,0.3968661968108367,0.1159498356137921,-0.1005285129768316,-0.2359106937690844,-0.06373068907719835,-0.4582562713529943,-0.1423212772755322,-0.5984611152177455,-0.41338441675912896,45.0,62.0,38.0,460.0,0.3400000035762787,0.800000011920929,42.900001525878906,180.0,156.39999389648438,302.4317321777344,1.6315789222717285,1.0,0.00800000037997961,1.7391303777694702,0.11559999734163284,2.941176414489746,6.131226539611816,156.39999389648438,2.441176414489746,2025.0,15.300000190734863,20700.0,211600.0,0.554736852645874,10.222222328186035,0.8793103694915771,0.9444444179534912,0.1666666716337204,0.325411319732666,0.23765996098518372,48.8,45
0.31094258013041787,0.0742956485573186,0.4605236357476092,0.3083777761245314,0.20838870410503066,-0.058712000603476804,-0.3246120543163726,0.31391511080803247,0.06587620036138021,0.2664937737626345,0.1313540761656052,0.0,0.06961970096162601,1.4618150714883782,0.21319183113397397,0.08939139130564665,0.6939493407669814,-0.06521654968860666,0.1685284579179183,0.8440329685157182,1.1515258584372718,0.49445023814251615,0.6786831583263188,0.09937767777708588,0.1585327760734568,0.21760518601355253,0.2492228845927633,-0.10188006637319917,0.052513125277241245,0.47280853613790197,45.0,62.0,38.0,470.0,0.3400000035762787,0.800000011920929,44.599998474121094,220.0,159.8000030517578,309.00634765625,1.6315789222717285,1.0,0.00800000037997961,1.7021276950836182,0.11559999734163284,2.941176414489746,6.152732849121094,159.8000030517578,2.441176414489746,2025.0,15.300000190734863,21150.0,220900.0,0.554736852645874,10.44444465637207,0.8793103694915771,0.7954545617103577,0.75,0.10256410390138626,0.04029304161667824,45.4,45
0.0970586224241431,0.08235948879191145,0.3841051256419516,0.2290322883320632,0.13156081431934072,-0.05766991198315368,-0.9706422711155094,0.1574594697800394,-0.3812098197792393,0.02535628552893163,0.21111130797057842,0.0,-0.24018090482401336,0.189407911608463,0.17038395388508107,0.1183560303066262,0.27481296886539536,-0.2878208086900801,0.22816646471516755,0.7296096487876043,0.010147503115511302,0.24439364090325186,0.12883516589168728,-0.06368093153724148,-0.21226769083327637,0.13704853328562414,-0.33523742925983346,-0.27971050642476425,-0.192818467500338,-0.6215924607369615,45.0,62.0,38.0,460.0,0.3400000035762787,0.800000011920929,42.900001525878906,180.0,156.39999389648438,302.4317321777344,1.6315789222717285,1.0,0.00800000037997961,1.7391303777694702,0.11559999734163284,2.941176414489746,6.131226539611816,156.39999389648438,2.441176414489746,2025.0,15.300000190734863,20700.0,211600.0,0.554736852645874,10.222222328186035,0.8793103694915771,0.9444444179534912,0.1666666716337204,0.311355322599411,0.21794871985912323,47.8,45
0.29910620586221826,0.19848865833010632,0.4943876411452624,0.3341913394847546,0.2851532464370824,-0.056524149325206316,12.187239385043979,-0.27260905304912453,-0.10775589859852677,0.6019545786308459,0.18054923370689738,0.0,-0.23854115610562396,0.5213857087421245,0.18886226219601385,0.16878969485756198,0.33966090841920776,0.021137511413591617,0.23558978895002938,0.8412763442723115,0.66429465685068,0.4000469008080104,0.9178630847978202,0.22824344547800282,0.2337897562588031,0.30809895521741687,-0.025015488596340354,-0.18096867496417846,-0.2155342540810718,0.20739629839098273,45.0,62.0,38.0,470.0,0.3400000035762787,0.800000011920929,61.29999923706055,220.0,159.8000030517578,309.00634765625,1.6315789222717285,1.0,0.00800000037997961,1.7021276950836182,0.11559999734163284,2.941176414489746,6.152732849121094,159.8000030517578,2.441176414489746,2025.0,15.300000190734863,21150.0,220900.0,0.554736852645874,10.44444465637207,0.8793103694915771,0.7954545617103577,0.75,0.09340659528970718,0.049450550228357315,69.6,45
0.30607949060821943,0.040909490708835074,0.22920037170407967,0.02149253984649144,0.3385531206577505,0.08697156868829763,12.069248498854146,0.2975961495440641,0.2199104573137713,0.4306879446164306,0.18027227209846933,0.0,0.026792724329529043,0.30436123854649677,0.3460355647399868,0.2270077633977261,0.32294155455530255,0.08926938868098054,0.1964901779110428,1.0889935930395593,0.6299930566341219,0.42327621624398176,0.8739122508081214,0.10206782239150423,0.07879581764208253,0.16515079747946546,0.3187081800500382,0.21654044186535326,0.81136002308564,-0.2067895869200498,45.0,62.0,38.0,480.0,0.3499999940395355,0.8999999761581421,63.79999923706055,170.0,168.0,320.3809509277344,1.6315789222717285,1.0,0.008999999612569809,1.875,0.12250000238418579,2.857142925262451,6.173786163330078,168.0,2.357142925262451,2025.0,15.75,21600.0,230400.0,0.571052610874176,10.666666984558105,0.8644067645072937,1.0,0.0,0.20658135414123535,0.13711151480674744,69.3,45
1.1269103279418011,0.20626807064802694,0.15944444730156287,0.5514900082426575,0.5445792349506511,-0.023100867353754013,8.010552282038027,0.008206549542267351,0.09311134029312966,0.06477593230896615,0.2363986855569552,0.0,-0.025336540321118175,-0.038934462620266376,0.43263342959157425,0.24655399521409954,0.2767022233992586,0.037363561871231646,0.37118029633995525,0.8626062359304427,0.8147713188523374,0.48687072134428233,1.417575692962683,0.10790748561034952,0.37230909228479175,0.5093959808595565,0.5622019571746149,0.15273550407764902,0.5362148257706884,-0.32157714166328366,50.0,62.0,38.0,500.0,0.28999999165534973,0.8999999761581421,57.20000076293945,170.0,145.0,303.73016357421875,1.6315789222717285,1.0,0.008999999612569809,1.7999999523162842,0.08410000056028366,3.4482758045196533,6.214608192443848,145.0,2.9482758045196533,2500.0,14.5,25000.0,250000.0,0.4731578826904297,10.0,0.9622641801834106,1.058823585510254,-0.1666666716337204,0.20109689235687256,0.14259597659111023,62.3,50
0.388113823097988,0.12821603124099337,0.3805239985738607,0.14015146439859863,0.38107551266828765,-0.05474640578443656,9.649114992593622,0.034971843650074316,-0.026901030169641665,0.06517821638597011,0.08577627927842038,0.0,-0.15861367169317386,0.34695152644549315,0.14937102296391072,0.11414571731124352,1.2513623126675286,0.13404372490584393,0.712537896840515,0.9789504578600448,0.7442248487712674,0.9590236894296781,0.7807148264352766,0.054551942992719,0.215411757815181,0.044882263530162746,0.18604466286164736,0.11491734681117974,0.578365482883403,0.9667553872126059,50.0,62.0,38.0,500.0,0.28999999165534973,0.8999999761581421,58.900001525878906,135.0,145.0,303.73016357421875,1.6315789222717285,1.0,0.008999999612569809,1.7999999523162842,0.08410000056028366,3.4482758045196533,6.214608192443848,145.0,2.9482758045196533,2500.0,14.5,25000.0,250000.0,0.4731578826904297,10.0,0.9622641801834106,1.3333333730697632,-0.75,0.19780220091342926,0.3223443329334259,69.6,50
0.5803660723848484,0.04632766254594983,0.6184381669280662,0.23916176551831492,0.40074480885585684,-0.05980229521477875,9.223037369993252,-0.018438387679667,-0.0726635697254877,0.06847215776587891,0.14412084253122906,0.0,-0.09681075950284584,0.3298872281732399,0.2620892829825689,0.03657283830090623,1.0779480372465147,-0.030971524179459052,0.1539635643175393,0.9411612524373357,0.9229777459659466,0.24379934798580763,0.8314813189232935,0.03551749824410532,-0.10347999245362782,0.583740654277613,-0.04072539511417308,0.3408479355391719,0.5610780936623769,0.7916724411448872,50.0,62.0,38.0,500.0,0.28999999165534973,0.8999999761581421,58.900001525878906,135.0,145.0,303.73016357421875,1.6315789222717285,1.0,0.008999999612569809,1.7999999523162842,0.08410000056028366,3.4482758045196533,6.214608192443848,145.0,2.9482758045196533,2500.0,14.5,25000.0,250000.0,0.4731578826904297,10.0,0.9622641801834106,1.0370370149612427,-0.0833333358168602,0.20695970952510834,0.30586081743240356,69.6,50
0.353467021849642,0.15596860762619516,0.45902513811236,0.14984970137060602,0.3466663140245834,0.1481862410157675,10.16169262845428,0.3928718145503399,0.3653682837056501,0.14668223837225947,0.10749395632510243,0.0,0.14088156309444883,0.14080496446933882,0.1433866629064732,0.13908182105993197,1.3111906422036876,0.34709715409478714,0.7111325454238929,1.1902597161365793,0.46896505007953315,0.8678264385320786,0.8196279405312983,0.08508932370356874,0.3087226060107906,0.24540815091100587,0.22111893445078337,0.40678374811372225,0.6015587276348008,-0.2909798865997067,50.0,63.0,37.0,500.0,0.2800000011920929,0.949999988079071,60.79999923706055,185.0,140.0,298.73016357421875,1.7027027606964111,1.0,0.009499999694526196,1.899999976158142,0.07840000092983246,3.5714285373687744,6.214608192443848,140.0,3.0714285373687744,2500.0,14.0,25000.0,250000.0,0.476756751537323,10.0,0.9807692170143127,1.0378378629684448,-0.11666666716337204,0.19780220091342926,0.14652015268802643,68.2,50
0.38543286484386785,0.07860905483375996,0.1170752776238491,0.1180163406581908,0.26806482723879355,0.01600139602456396,7.28742208542566,0.01724678964084568,-0.09037448360335788,0.0997134022744414,-0.02744644262701656,0.0,-0.1166195729325767,0.1488632759142014,0.058649967119436035,0.10075138122127383,1.2150432300505247,0.0272437224931818,0.7177410554023895,0.9624147558049352,0.42390607573184946,0.8487338860654814,0.6779271280125096,0.0682278948954094,0.06681132471534447,0.04469943346829081,0.1862580059023687,0.15429967393153177,0.6039251785938925,0.5842320440948493,50.0,61.0,39.0,500.0,0.30000001192092896,0.8799999952316284,55.400001525878906,150.0,150.0,308.73016357421875,1.5641025304794312,1.0,0.008799999952316284,1.7599999904632568,0.09000000357627869,3.3333332538604736,6.214608192443848,150.0,2.8333332538604736,2500.0,15.0,25000.0,250000.0,0.4692307710647583,10.0,0.9444444179534912,0.9666666388511658,0.0833333358168602,0.19780220091342926,0.3223443329334259,64.1,50
1.5968921786937857,0.34973150054414537,0.37578601620935426,0.6866216668433361,0.7862609504246243,0.14087410900368713,10.824020079617782,0.1021130345682153,0.09907611291096828,0.36471955369157383,0.5769081983624506,0.0,0.21033669864852883,-0.012060469993159658,0.46877225115127136,0.4976915458984066,0.3276302277973137,0.03131989673871734,0.9571589649515673,0.8871156081589247,0.8824797495996861,0.4897618368134464,1.297077385052388,0.41047511075166376,0.7392069153630113,0.5381485780216911,0.6473214317769854,0.28298070516689666,0.47381170703291375,-0.1588763662699491,50.0,63.0,37.0,500.0,0.27459999918937683,1.0,63.5,200.0,137.3000030517578,296.0301513671875,1.7027027606964111,1.0,0.009999999776482582,2.0,0.07540515810251236,3.641660690307617,6.214608192443848,137.3000030517578,3.141660690307617,2500.0,13.729999542236328,25000.0,250000.0,0.46756216883659363,10.0,0.9910610318183899,1.024999976158142,-0.0833333358168602,0.20109689235687256,0.14259597659111023,72.4,50
0.9422930446914466,0.038286233044676404,0.0612714367604719,0.42481365583861647,0.24591790164185817,0.00044173275437098475,6.4323956972591585,-0.06999541477411929,-0.10846407148448069,0.18406006659677848,-0.04815531946969071,0.0,-0.07072019396529663,-0.03455569581673544,0.1599426518636806,0.19494203328258664,0.313834273238556,-0.06909590037753262,0.3290288620051658,0.863014208154516,0.1441826313114127,0.4310411848818843,1.3345383295953737,0.09516174103132212,-0.06050866808410192,0.5100311717443992,0.15801332717812835,0.013470437177507916,0.37526237334816037,0.43383681324444895,50.0,60.0,40.0,485.0,0.3100000023841858,0.8700000047683716,54.099998474121094,140.0,150.35000610351562,304.3182678222656,1.5,1.0,0.008700000122189522,1.7938144207000732,0.09610000252723694,3.225806474685669,6.184148788452148,150.35000610351562,2.725806474685669,2500.0,15.5,24250.0,235225.0,0.4650000035762787,9.699999809265137,0.9272727370262146,0.9642857313156128,0.0833333358168602,0.20109689235687256,0.3363802433013916,61.7,50
0.9613298627686367,0.16575811844016416,0.5429149432288357,0.43799182017428123,0.6921716955328648,-0.05955572704201341,9.750988982351513,0.005550362250841145,0.45881055743364113,0.2052856116905882,0.3813376459929973,0.0,0.06968641901983115,0.23716422550016503,0.5063082350448588,0.12735672196066034,0.6116858633363108,0.19554876353455217,0.5156791018119216,0.709292594245236,0.5246430029857333,0.3255592913061086,0.9096537807196133,0.11726275786362875,-0.1129177290793698,0.11019808281092709,0.09498319484964025,0.2656955688296296,0.5588172057460619,-0.3127051028970485,50.0,62.0,38.0,500.0,0.2800000011920929,0.9200000166893005,59.599998474121094,180.0,140.0,298.73016357421875,1.6315789222717285,1.0,0.009200000204145908,1.840000033378601,0.07840000092983246,3.5714285373687744,6.214608192443848,140.0,3.0714285373687744,2500.0,14.0,25000.0,250000.0,0.4568420946598053,10.0,0.9807692170143127,1.0333333015441895,-0.10000000149011612,0.21978022158145905,0.15750916302204132,66.9,50
0.5803660723848484,0.12444318966029282,0.9104522457562608,0.2626626166413542,0.6154091124564448,0.08453657692857934,10.06145944080378,0.1543879640291767,0.1969017097027299,0.20356162334747857,0.18886674580259433,0.0,0.15272323644375257,0.2780858714284107,0.28973779800978855,0.34463825992492425,1.1070372709111964,0.37598815778611905,0.2752686482324234,0.953770572595958,1.157064471162942,0.23410988435279975,0.92639301901457,0.16038182095194817,0.05138715318140516,0.9323256866405089,0.0692254400534832,0.04742230191148259,0.6007020643500924,0.3746370161597646,50.0,63.0,37.0,500.0,0.2745000123977661,0.9800000190734863,62.79999923706055,160.0,137.25,295.98016357421875,1.7027027606964111,1.0,0.009800000116229057,1.9600000381469727,0.07535024732351303,3.6429872512817383,6.214608192443848,137.25,3.1429872512817383,2500.0,13.725000381469727,25000.0,250000.0,0.46739187836647034,10.0,0.991253674030304,0.96875,0.0833333358168602,0.20695970952510834,0.30586081743240356,71.5,50
1.036378115436662,0.029156569271075093,0.10966190904456886,0.5675137970439366,0.30018423923631266,-0.0026573039227415465,7.648926674561367,-0.13427426801206602,-0.16899297968404148,0.22226450733821462,0.16884179424698514,0.0,-0.06117583387730114,-0.034945769438603384,0.2672433014382958,0.21377396879698843,0.27110739445768095,-0.09670470200856318,0.2981648056280379,0.8619627466663591,0.5276855945371133,0.49465926923884984,1.5036359670827577,0.21333312372063418,0.2849794206148032,0.5243649146144997,0.19825724065917016,0.041371384658219094,0.4052314333202813,-0.31753598837532,50.0,61.0,39.0,500.0,0.30000001192092896,0.8899999856948853,56.0,170.0,150.0,308.73016357421875,1.5641025304794312,1.0,0.008899999782443047,1.7799999713897705,0.09000000357627869,3.3333332538604736,6.214608192443848,150.0,2.8333332538604736,2500.0,15.0,25000.0,250000.0,0.4692307710647583,10.0,0.9444444179534912,1.029411792755127,-0.0833333358168602,0.20109689235687256,0.14259597659111023,63.5,50
1.0163506269957636,0.24257007429923333,0.5767736566033919,0.45366336723478956,1.1679569529454414,0.08004871133369411,10.487093680902298,0.03213952598571319,0.5793003853653672,0.2904881239730315,0.5359011212943835,0.0,0.4960708857959399,0.20843556715635467,0.5402302170801265,0.4535240866207017,0.706695993436837,0.47191982114360337,0.8601497771422832,0.7534240009805739,0.5721685391236503,0.24484019608792115,0.8543266905322203,0.13783141794678025,0.09580147242255217,0.22546581807901117,0.6997045491544207,0.4095368204120986,0.7076157738814829,0.47544175740511985,50.0,63.0,37.0,500.0,0.2745000123977661,1.0199999809265137,64.0999984741211,165.0,137.25,295.98016357421875,1.7027027606964111,1.0,0.010200000368058681,2.0399999618530273,0.07535024732351303,3.6429872512817383,6.214608192443848,137.25,3.1429872512817383,2500.0,13.725000381469727,25000.0,250000.0,0.46739187836647034,10.0,0.991253674030304,0.9818181991577148,0.05000000074505806,0.21978022158145905,0.31501832604408264,73.2,50
0.34128974679987917,0.044325851479512304,0.16426268189644974,0.09479148074807339,0.19448545592124244,-0.09080999369924286,6.545248768031661,-0.12805569762305516,-0.08431542467622241,0.19605888051908732,-0.07126238518311963,0.0,-0.036431219844599745,0.05235263022551348,0.02966250357083109,0.09337439443741516,0.6612541314344289,0.0794539168467353,0.27734150092112936,0.954805531282784,0.20483587802303266,0.7935238764100218,0.5680132931459498,0.17217817888134868,0.004400772512187537,0.030819073498788124,0.33401193930376044,0.25597707374243334,0.48400540305250156,-0.318927171967522,50.0,60.0,40.0,480.0,0.3100000023841858,0.8500000238418579,53.79999923706055,160.0,148.8000030517578,301.1809387207031,1.5,1.0,0.008500000461935997,1.7708333730697632,0.09610000252723694,3.225806474685669,6.173786163330078,148.8000030517578,2.725806474685669,2500.0,15.5,24000.0,230400.0,0.4650000035762787,9.600000381469727,0.9272727370262146,1.0125000476837158,-0.03333333507180214,0.19780220091342926,0.14652015268802643,60.2,50
0.38543286484386785,0.0958906774580975,0.38626621539301426,0.11751318179302045,0.4103809535016201,0.017077116360712873,8.12104823616602,0.04157664986159303,-0.09645149440695094,0.10294303634658883,0.09629903746292719,0.0,-0.15150301660187063,0.13241501363521657,0.08779217538487653,0.10075138122127383,1.2066709371194477,0.03507165987596467,0.7017913771496923,0.9850145985452642,0.448967567633945,0.920687625813691,0.6961838330038466,-0.0016788676489191134,0.12806684313471858,0.04366984367108469,0.15793436324858146,0.15163847048951154,0.6184044865156285,0.5664199109891064,50.0,62.0,38.0,500.0,0.30000001192092896,0.8999999761581421,56.900001525878906,150.0,150.0,308.73016357421875,1.6315789222717285,1.0,0.008999999612569809,1.7999999523162842,0.09000000357627869,3.3333332538604736,6.214608192443848,150.0,2.8333332538604736,2500.0,15.0,25000.0,250000.0,0.4894736707210541,10.0,0.9444444179534912,0.9666666388511658,0.0833333358168602,0.19780220091342926,0.3223443329334259,65.4,50
0.3534118322113724,0.16089496336427134,0.4591105370270591,0.17934387931200732,0.35704007705394813,0.270958000834346,10.310006445429083,-0.08333129629295885,0.390653915986906,0.20384263342342454,0.10853769462673936,0.0,0.31906403704406916,0.0997148083255557,0.15548110617009783,0.20028883323124982,1.3160976686725818,0.3873109614173537,0.7111325454238929,1.1902597161365793,0.5506344227174295,0.8715394885663038,0.8574239463010915,0.09425331138011711,0.3232117873505632,0.2486024215879081,0.41236604616076566,0.48672623337484866,0.6045946133893835,-0.24213681674912044,50.0,63.0,37.0,500.0,0.2800000011920929,0.9700000286102295,61.5,190.0,140.0,298.73016357421875,1.7027027606964111,1.0,0.009700000286102295,1.940000057220459,0.07840000092983246,3.5714285373687744,6.214608192443848,140.0,3.0714285373687744,2500.0,14.0,25000.0,250000.0,0.476756751537323,10.0,0.9807692170143127,1.0263158082962036,-0.0833333358168602,0.19780220091342926,0.14652015268802643,69.8,50
0.8234672211357021,0.10633145859908978,0.5157795590708416,0.310470347451702,0.42216241721921327,-0.0368688601093063,7.755909651332742,0.012902686025917057,-0.10946959848458027,0.25122295297466724,0.12833509710938154,0.0,-0.04677429633708984,0.4538825042607858,0.18417981193103822,0.09291520813331862,0.3684624740792107,-0.13526672157802294,0.20591195560718603,0.6854151889541255,0.36588824161474287,0.29008321443622315,0.8207059270406069,0.10191998731468577,-0.261445065562606,0.05774158358858798,-0.2591565932237919,0.025722805500490605,0.4670702068965246,0.6777768191196604,50.0,61.0,39.0,490.0,0.3100000023841858,0.8799999952316284,54.599998474121094,145.0,151.89999389648438,307.45556640625,1.5641025304794312,1.0,0.008799999952316284,1.795918345451355,0.09610000252723694,3.225806474685669,6.194405555725098,151.89999389648438,2.725806474685669,2500.0,15.5,24500.0,240100.0,0.4848718047142029,9.800000190734863,0.9272727370262146,0.951724112033844,0.11666666716337204,0.21978022158145905,0.31501832604408264,62.9,50
1.5946657542680467,0.3327805248518748,0.2116021185816407,0.7010900903116906,0.8588152045367629,0.30350089750652354,11.286929467691177,0.21865073667530244,0.11429314235745709,0.3392824360781032,0.20091691878706508,0.0,0.3743456677088943,-0.04118696111317207,0.46182106408849927,0.526333043269402,0.37328532480218596,0.11522695326708857,0.9665032577942642,0.8945332466029333,0.889967306639165,0.4882133307878206,1.3360138120637857,0.5401698585296344,0.7709581399943904,0.5474463511215018,0.6606456139124686,0.322690375134945,0.4783939457513659,-0.15146055280633128,50.0,62.0,38.0,500.0,0.27459999918937683,1.0299999713897705,64.86199951171875,205.0,137.3000030517578,296.0301513671875,1.6315789222717285,1.0,0.010300000198185444,2.059999942779541,0.07540515810251236,3.641660690307617,6.214608192443848,137.3000030517578,3.141660690307617,2500.0,13.729999542236328,25000.0,250000.0,0.44803157448768616,10.0,0.9910610318183899,1.0243902206420898,-0.0833333358168602,0.20109689235687256,0.14259597659111023,74.6,50
0.3485925419051757,0.08361740734583312,0.13815248985243472,0.12145504802894191,0.2158263191495708,-0.009406016252998835,6.284643710061734,-0.012988349080733942,-0.13524424711338504,0.12614737202852908,-0.054447674849723286,0.0,-0.09083877405620748,0.0984187240599694,0.04489069424397326,0.09395053454706284,0.6197992659120076,-0.17123101116440506,0.25330840402826826,0.9605953076911893,0.06880484218893897,0.7076429244178762,0.655758282378145,-0.039432483173853304,-0.07980582500479413,0.027219771924242304,0.06280455144982589,0.1667182259543189,0.6279783282777455,0.653120805368512,50.0,60.0,40.0,485.0,0.3199999928474426,0.8600000143051147,52.70000076293945,135.0,155.1999969482422,309.1682434082031,1.5,1.0,0.00860000029206276,1.7731958627700806,0.10239999741315842,3.125,6.184148788452148,155.1999969482422,2.625,2500.0,16.0,24250.0,235225.0,0.47999998927116394,9.699999809265137,0.9107142686843872,0.9629629850387573,0.0833333358168602,0.19780220091342926,0.3223443329334259,59.4,50
0.3534118322113724,0.1721612580427972,0.44933095533919853,0.20983236677291564,0.3614503166764422,0.2675118708305927,10.661237568253455,-0.08741234551316741,0.43099968866789085,0.20237383665145134,0.08033971133447851,0.0,0.31642782875631587,0.11955753567528303,0.16196726061168754,0.19922364190598935,1.3961021784938776,0.40538585782119074,0.7411694038124017,1.2144154522334067,0.5556688981571409,0.8715394885663038,0.8732739568431618,0.10499719622253048,0.32135360337228014,0.24887916456496992,0.40242799603230156,0.5872264655143428,0.610531081945052,-0.24786253429005634,50.0,63.0,37.0,500.0,0.2800000011920929,0.9900000095367432,62.900001525878906,195.0,140.0,298.73016357421875,1.7027027606964111,1.0,0.00989999994635582,1.9800000190734863,0.07840000092983246,3.5714285373687744,6.214608192443848,140.0,3.0714285373687744,2500.0,14.0,25000.0,250000.0,0.476756751537323,10.0,0.9807692170143127,1.0256410837173462,-0.0833333358168602,0.19780220091342926,0.14652015268802643,71.0,50
1.1493641819773388,0.21530120968335326,0.08091814437887627,0.5499301927058394,0.5737131280239213,-0.060797180975128706,8.688246304612777,0.11893215075900422,0.15735568807811073,0.07794983431760666,0.24192255684885206,0.0,-0.02212216266222294,0.09438251546877191,0.47753968552675324,0.32000351726945236,0.27124355256115634,0.07184175536135587,0.35664222209344076,0.8626062359304427,0.706532500236436,0.4682745056119665,1.3646705356670032,0.13785214326657147,0.2787001248024041,0.5196879984080451,-0.06662691082935161,-0.04087034563147094,0.43305376147700686,0.4490299355650553,50.0,62.0,38.0,500.0,0.28999999165534973,0.9200000166893005,58.400001525878906,155.0,145.0,303.73016357421875,1.6315789222717285,1.0,0.009200000204145908,1.840000033378601,0.08410000056028366,3.4482758045196533,6.214608192443848,145.0,2.9482758045196533,2500.0,14.5,25000.0,250000.0,0.4731578826904297,10.0,0.9622641801834106,0.9548386931419373,0.11666666716337204,0.20109689235687256,0.3363802433013916,67.1,50
0.43996180186278006,-0.020262924909801052,0.6069162662782378,0.27363584457736384,0.6814909630926966,-0.005768508448118489,9.218540616422644,-0.028187762048773022,0.047559492153238084,0.4247126281365451,0.45111322740594206,0.0,-0.10764078805049056,0.2317518818500332,0.26870686490419365,0.07205628223352364,1.4304673868204056,0.19900590600076778,0.5518518096870867,1.2024052877170976,0.588156319323163,0.4703653148743452,0.9261573660558172,0.0077848579082972665,-0.24847241866924064,0.17673093875646437,0.1969817997468559,0.3004555865886444,0.6530959350026019,-0.32557560542383723,50.0,63.0,37.0,500.0,0.28999999165534973,0.9300000071525574,59.900001525878906,178.0,145.0,303.73016357421875,1.7027027606964111,1.0,0.00930000003427267,1.8600000143051147,0.08410000056028366,3.4482758045196533,6.214608192443848,145.0,2.9482758045196533,2500.0,14.5,25000.0,250000.0,0.49378377199172974,10.0,0.9622641801834106,1.033707857131958,-0.10000000149011612,0.20658135414123535,0.13711151480674744,66.4,50
0.6268637722607328,0.05553189213291927,0.2407244748930898,0.16944904059201027,0.33009268253497454,-0.08897751256990953,7.973192050253236,0.03966576402141399,-0.10629694763934167,0.0481002857012501,0.032147349518984486,0.0,-0.10188570459735635,0.40423807087661723,0.25626709178876655,0.08127706094634202,1.0512846611603257,-0.16504072092129649,0.16591176928403084,0.9199279710702374,0.8833591463679974,0.29707356534534396,0.8280587176371091,0.04702885704915145,-0.10513779688721049,0.6125681652592968,-0.1707759395946036,0.00022377986939323916,0.6130790027882057,0.4902644983554253,50.0,61.0,39.0,500.0,0.30000001192092896,0.8999999761581421,56.5,148.0,150.0,308.73016357421875,1.5641025304794312,1.0,0.008999999612569809,1.7999999523162842,0.09000000357627869,3.3333332538604736,6.214608192443848,150.0,2.8333332538604736,2500.0,15.0,25000.0,250000.0,0.4692307710647583,10.0,0.9444444179534912,0.9459459185600281,0.13333334028720856,0.20695970952510834,0.30586081743240356,64.8,50
0.5044130662247285,-0.010166567477092036,0.14766047223414216,0.5064541207282846,1.0249657526346005,0.5192981871636285,10.223573650386038,0.5003943620625418,0.3137786558971937,0.4898930520943449,0.36759616680735036,0.0,0.502311594096506,0.2869109032753066,0.30602531112830433,0.28391591652716747,1.796385657557391,0.33795283663472236,1.156736596259322,1.4972544970761137,0.8165814031265641,0.7581911228963069,0.9718449215664368,0.39783154297859225,0.030132885238772885,0.3236941908551893,0.7641623632317698,0.5121683171690993,0.5202665508525293,-0.22266344329484053,50.0,62.0,38.0,500.0,0.27000001072883606,1.0354000329971313,65.10800170898438,210.0,135.0,293.73016357421875,1.6315789222717285,1.0,0.010354000143706799,2.0708000659942627,0.07289999723434448,3.7037036418914795,6.214608192443848,135.0,3.2037036418914795,2500.0,13.5,25000.0,250000.0,0.4405263066291809,10.0,1.0,1.023809552192688,-0.0833333358168602,0.20658135414123535,0.13711151480674744,75.2,50
0.44018377179114376,0.04902812056610831,0.25189580548323337,0.06139917414090158,0.20919437775779617,-0.06494699935942606,5.495835741804226,0.10596270635599706,-0.23334525383637764,-0.09676761412970865,0.12280692037399832,0.0,-0.08252811928898374,0.21651666665749875,0.1927039551251624,0.0756889843124095,0.3988079677543669,-0.2594328328521562,0.17687334668890456,0.94509905422774,0.498793755647877,0.2725327696739979,0.8661307134033881,-0.10622177104312361,-0.3118268386633198,0.14128163140785377,-0.21682636444591097,-0.002080218964723026,0.5822112084674548,0.45006035588762733,50.0,60.0,40.0,480.0,0.3199999928474426,0.8500000238418579,52.29999923706055,130.0,153.60000610351562,305.98095703125,1.5,1.0,0.008500000461935997,1.7708333730697632,0.10239999741315842,3.125,6.173786163330078,153.60000610351562,2.625,2500.0,16.0,24000.0,230400.0,0.47999998927116394,9.600000381469727,0.9107142686843872,0.9615384340286255,0.0833333358168602,0.20695970952510834,0.30586081743240356,58.7,50
0.3534118322113724,0.1780614197779089,0.47902616702199496,0.20983236677291564,0.33197181469996234,0.15741242294940616,10.014819820670912,-0.07741349350450721,0.39967304254323227,0.1473150162243883,0.10853769462673936,0.0,0.14066960440787324,0.1119637022831384,0.18142363793654936,0.15984382086957424,1.3767142582117557,0.36907412919925625,0.7118626451222511,1.1902597161365793,0.5523729322245425,0.8696546799451436,0.8335235456198373,0.10242344509521117,0.2972044468019247,0.25924266337073953,0.3090346731217052,0.4217203637417426,0.5978409984245532,-0.2636746967564621,50.0,63.0,37.0,500.0,0.2800000011920929,0.9599999785423279,61.79999923706055,192.0,140.0,298.73016357421875,1.7027027606964111,1.0,0.009600000455975533,1.9199999570846558,0.07840000092983246,3.5714285373687744,6.214608192443848,140.0,3.0714285373687744,2500.0,14.0,25000.0,250000.0,0.476756751537323,10.0,0.9807692170143127,1.03125,-0.10000000149011612,0.19780220091342926,0.14652015268802643,70.5,50
0.39763691207815216,0.011237840800940263,0.5973000148564034,0.3001872225847293,0.6703325092001798,0.03168319537974278,9.612231319696663,0.09671415414621226,0.17113774399109036,0.46645296875799,0.476641282978636,0.0,-0.05262390895660113,0.1778717353826578,0.3323951626192959,0.16899247124740246,1.245156594437479,0.25664273232699486,0.5795411962279182,1.1969211179124086,0.6372225033866264,0.4694039914581882,0.8982216289624452,-0.0016033318135631296,-0.24015342113746255,0.20112961994909137,0.02566508064827686,0.06364398197323298,0.704038698146375,0.4074620382246552,50.0,63.0,37.0,500.0,0.2800000011920929,0.9399999976158142,60.29999923706055,158.0,140.0,298.73016357421875,1.7027027606964111,1.0,0.009399999864399433,1.8799999952316284,0.07840000092983246,3.5714285373687744,6.214608192443848,140.0,3.0714285373687744,2500.0,14.0,25000.0,250000.0,0.476756751537323,10.0,0.9807692170143127,0.9620253443717957,0.10000000149011612,0.20658135414123535,0.32358318567276,69.0,50
0.3970984914670813,0.012843955631236867,0.1758448374433209,0.2648499653853818,0.5282258377056683,0.0669869367875187,7.894403269781385,-0.13164568687223946,-0.1320275351113692,0.42012953435076694,0.04437704049729606,0.0,-0.048841396993382066,0.18201124526472506,0.25648136870625093,0.11123620150745468,1.2355577999293486,-0.16501811826321158,0.5850575586004173,1.03606239517462,0.5736469706830654,0.39149318050398574,0.8655468324012866,-0.14076753703232922,-0.21803763612034013,-0.02513721464191616,0.202825830653584,0.2041022218699294,0.6240732626907003,-0.3421377498454422,50.0,61.0,39.0,500.0,0.30000001192092896,0.8899999856948853,55.900001525878906,168.0,150.0,308.73016357421875,1.5641025304794312,1.0,0.008899999782443047,1.7799999713897705,0.09000000357627869,3.3333332538604736,6.214608192443848,150.0,2.8333332538604736,2500.0,15.0,25000.0,250000.0,0.4692307710647583,10.0,0.9444444179534912,1.023809552192688,-0.06666667014360428,0.20658135414123535,0.13711151480674744,63.1,50
0.9688303224446383,0.16187399381418935,0.5138861783829016,0.29953748794417934,0.6800606271874556,-0.047422495340215094,8.315545529154567,0.17006264107762384,0.3390143058893984,0.16163279945826925,0.3441032923678106,0.0,-0.06269102511350401,0.30247581378348154,0.49126225364931836,0.07927201909986512,0.6755709863860871,0.2619916916982533,0.522020630887611,0.7398163814169231,0.47238271052006836,0.3069719013193213,0.7993053700262601,0.24610988029375652,-0.15613908475707797,0.08020417330891655,0.13597161441856076,0.2942684247397776,0.5380275132212596,0.6360508108924001,50.0,62.0,38.0,500.0,0.28999999165534973,0.9100000262260437,57.79999923706055,150.0,145.0,303.73016357421875,1.6315789222717285,1.0,0.009100000374019146,1.8200000524520874,0.08410000056028366,3.4482758045196533,6.214608192443848,145.0,2.9482758045196533,2500.0,14.5,25000.0,250000.0,0.4731578826904297,10.0,0.9622641801834106,0.9666666388511658,0.0833333358168602,0.21978022158145905,0.31501832604408264,66.0,50
1.080235393341877,0.22957565711495842,0.6413510515624461,0.4626855003183203,1.2149370046507044,0.06888773778251663,10.699058548780197,0.06970986546120772,0.536492820485075,0.3012327772269684,0.5724063289740617,0.0,0.7541760808329674,0.29334296323563547,0.6111539512678297,0.4497707750785003,0.6924762496594222,0.5447471948006218,0.8736432051846915,0.829995639721982,0.6366168745659992,0.345739727246763,0.9398330069733489,0.08200287467592711,0.20385895527400819,0.2104570258426226,0.6777277559666516,0.41971876982274486,0.6037988169742697,-0.07849373258667813,50.0,63.0,37.0,500.0,0.2745000123977661,1.0099999904632568,64.4000015258789,205.0,137.25,295.98016357421875,1.7027027606964111,1.0,0.010099999606609344,2.0199999809265137,0.07535024732351303,3.6429872512817383,6.214608192443848,137.25,3.1429872512817383,2500.0,13.725000381469727,25000.0,250000.0,0.46739187836647034,10.0,0.991253674030304,1.014634132385254,-0.05000000074505806,0.21978022158145905,0.15750916302204132,73.8,50
0.44018377179114376,0.04902812056610831,0.2547272998283797,0.03410144602943489,0.24871134637696884,0.0009291436512217943,6.048238367055971,0.046562893162163915,-0.05887126997685834,-0.01377075690439683,0.09007630279959139,0.0,-0.11134353601471766,0.31726796004389557,0.19187475331343798,0.07597348539301042,0.39764066748687177,-0.14378546915906507,0.17364303883013266,0.9003833327764716,0.7980243379959139,0.2583563342206397,0.8198705837857767,0.022163539834805,-0.258407242781137,0.15011215838079148,-0.08673776557455656,-0.0069489455482936325,0.5726456526889209,0.452762257362826,50.0,60.0,40.0,485.0,0.3100000023841858,0.8700000047683716,53.599998474121094,140.0,150.35000610351562,304.3182678222656,1.5,1.0,0.008700000122189522,1.7938144207000732,0.09610000252723694,3.225806474685669,6.184148788452148,150.35000610351562,2.725806474685669,2500.0,15.5,24250.0,235225.0,0.4650000035762787,9.699999809265137,0.9272727370262146,0.9571428298950195,0.10000000149011612,0.20695970952510834,0.30586081743240356,61.2,50
1.001122288791838,0.16575811844016416,0.5414525364277462,0.43799182017428123,0.7011369199333585,-0.017338760047478204,9.894517496015155,-0.0014396572332733533,0.46671980482633496,0.22398412367570844,0.38139827054573083,0.0,0.06990685044095217,0.24261214175743037,0.5063082350448588,0.12004911514217659,0.6159745233383688,0.18981958661211576,0.5156791018119216,0.7523983702749176,0.5246430029857333,0.33598694878563984,0.934960161837869,0.12272907218168944,-0.1129177290793698,0.1204051044219719,0.11699214418656355,0.28400845061324315,0.5667217458361375,-0.29172177323923415,50.0,62.0,38.0,500.0,0.2800000011920929,0.9399999976158142,60.70000076293945,182.0,140.0,298.73016357421875,1.6315789222717285,1.0,0.009399999864399433,1.8799999952316284,0.07840000092983246,3.5714285373687744,6.214608192443848,140.0,3.0714285373687744,2500.0,14.0,25000.0,250000.0,0.4568420946598053,10.0,0.9807692170143127,1.0329670906066895,-0.10000000149011612,0.21978022158145905,0.15750916302204132,68.5,50
0.9206016672345732,0.03738514037198626,0.06608449739123902,0.49420808476669875,0.21319970543991515,0.018076233833646115,7.604656537968845,0.06496070865508309,0.059290000632158606,0.19000854845912446,0.1649735080366026,0.0,-0.02431980535710318,0.14656991091216878,0.2337952186542611,0.1989568824453141,0.29078798970882946,-0.05249619407255542,0.3173454290802345,0.861885419153923,0.5905662531625173,0.511588936928539,1.3701249450903878,0.12841509578662355,0.24740250447768725,0.5180484778491269,-0.03452278531009911,-0.036950705908973876,0.39220376729106243,0.511250158821597,50.0,61.0,39.0,495.0,0.30000001192092896,0.8899999856948853,55.70000076293945,148.0,148.5,305.6428527832031,1.5641025304794312,1.0,0.008899999782443047,1.7979798316955566,0.09000000357627869,3.3333332538604736,6.2045578956604,148.5,2.8333332538604736,2500.0,15.0,24750.0,245025.0,0.4692307710647583,9.899999618530273,0.9444444179534912,0.9459459185600281,0.13333334028720856,0.20109689235687256,0.3363802433013916,63.9,50
0.401888793111775,0.20812362015126556,0.4850708277382261,0.22639214817943773,0.569950891223002,0.6230192097101663,10.65611162156704,0.5413023068082333,0.43232323163970987,0.21097641536443404,0.08033971133447851,0.0,0.7655545665994796,0.1868933151572546,0.14371237648632051,0.28476035014106715,1.7402346846935053,0.4031738971559243,0.7495679934568895,1.2837355371275867,1.01639487997862,0.9505816356076386,0.8725791446231281,0.14664289830291313,0.3973671512542776,0.36120079896036683,0.6983150765989256,0.625679365888756,0.5789246839637358,-0.1794125317320145,50.0,63.0,37.0,500.0,0.27000001072883606,1.0199999809265137,65.63999938964844,212.0,135.0,293.73016357421875,1.7027027606964111,1.0,0.010200000368058681,2.0399999618530273,0.07289999723434448,3.7037036418914795,6.214608192443848,135.0,3.2037036418914795,2500.0,13.5,25000.0,250000.0,0.45972973108291626,10.0,1.0,1.0283018350601196,-0.10000000149011612,0.19780220091342926,0.14652015268802643,74.9,50
0.5803660723848484,0.048070802836811484,0.5807582968687639,0.2528116398160996,0.3596468932899849,-0.042891271642122364,8.887021619777174,0.12809226374647242,0.01257998127752179,0.028483168495908245,0.13789301797291564,0.0,-0.04578869326604312,0.3247813653179008,0.24909092184162268,0.0766132374973805,1.0948826879180622,0.05290570018736117,0.171756070633718,0.9403942698705189,0.9575293620901859,0.23472133218433283,0.8363186115020872,0.07039910988015814,-0.12806382392399457,0.5913711339924227,-0.0008180336478056,-0.0030120529292425252,0.5821874076465661,0.5011087903290393,50.0,62.0,38.0,500.0,0.28999999165534973,0.9300000071525574,58.599998474121094,155.0,145.0,303.73016357421875,1.6315789222717285,1.0,0.00930000003427267,1.8600000143051147,0.08410000056028366,3.4482758045196533,6.214608192443848,145.0,2.9482758045196533,2500.0,14.5,25000.0,250000.0,0.4731578826904297,10.0,0.9622641801834106,0.9548386931419373,0.11666666716337204,0.20695970952510834,0.30586081743240356,67.8,50
1.0002756964721375,0.24602387139369128,0.6205254218891008,0.4477288867790603,0.7580963145542151,0.06305382191997712,9.681785887199217,-0.03705053907089971,0.5417502337706905,0.22256193664347845,0.5748665993079403,0.0,0.688041363592532,0.30370335366900575,0.5042582209869128,0.12536656536491397,0.62085554388363,0.1763055220866494,0.518247213838698,0.7639256011963467,0.563099537946072,0.33598694878563984,0.9429896825075463,0.1729441744865624,-0.05833177255406303,0.11210028243246944,0.44759809879038187,0.31942947423004214,0.5481930809378127,-0.1640426987282057,50.0,63.0,37.0,500.0,0.2800000011920929,0.9700000286102295,61.29999923706055,190.0,140.0,298.73016357421875,1.7027027606964111,1.0,0.009700000286102295,1.940000057220459,0.07840000092983246,3.5714285373687744,6.214608192443848,140.0,3.0714285373687744,2500.0,14.0,25000.0,250000.0,0.476756751537323,10.0,0.9807692170143127,1.0315788984298706,-0.10000000149011612,0.21978022158145905,0.15750916302204132,69.9,50
0.9125480743833185,0.04649448733913484,0.057546504389221265,0.4133154528357341,0.10596492541118888,-0.011367361631937177,5.9554144977104935,-0.1857446169976383,-0.17914225847751591,0.10516022449245252,-0.033429607261786516,0.0,-0.0771916247412643,-0.05245062975741962,0.15483020080049734,0.21983045614119612,0.32592638890755016,-0.14759300299862813,0.2581320523925707,0.8651622468221135,-0.1906370926255727,0.4085615654665182,1.3506915221003646,-0.06246978618650737,-0.08080840020853496,0.4096188500885024,-0.01416624181660643,-0.02131253053780606,0.3885506925277481,0.3998353265734328,50.0,60.0,40.0,480.0,0.3199999928474426,0.8600000143051147,52.5,132.0,153.60000610351562,305.98095703125,1.5,1.0,0.00860000029206276,1.7916666269302368,0.10239999741315842,3.125,6.173786163330078,153.60000610351562,2.625,2500.0,16.0,24000.0,230400.0,0.47999998927116394,9.600000381469727,0.9107142686843872,0.9621211886405945,0.0833333358168602,0.20109689235687256,0.3363802433013916,59.1,50
0.44034322862522046,-0.015473222643392914,0.17958633296008528,0.25249027336287955,0.6649116283394896,-0.0031770623871358755,9.07903313667939,-0.024935153208127933,0.053267153419899814,0.4142108830108164,0.28192927923373445,0.0,-0.1045579731503166,0.2682765305775722,0.2676875535321811,0.07652127373819326,1.4304673868204056,0.2564078182881008,0.5776527233075749,1.1072870096970477,0.6467149541646854,0.5013419508555509,0.9057010413249071,0.024593701467277348,-0.2548029859624434,0.12400975629450986,0.18151958615432784,0.2711316543777988,0.5902129775375554,-0.3594120139205692,50.0,62.0,38.0,500.0,0.28999999165534973,0.9200000166893005,58.79999923706055,176.0,145.0,303.73016357421875,1.6315789222717285,1.0,0.009200000204145908,1.840000033378601,0.08410000056028366,3.4482758045196533,6.214608192443848,145.0,2.9482758045196533,2500.0,14.5,25000.0,250000.0,0.4731578826904297,10.0,0.9622641801834106,1.0340908765792847,-0.10000000149011612,0.20658135414123535,0.13711151480674744,65.9,50
0.44538405120027996,0.04982133081439926,0.23530649694645567,0.12583250447060487,0.236169831540194,-0.02018364326470466,6.897038259880358,-0.008072437168871644,-0.1616619835008746,0.013981626745239088,0.07840027066213788,0.0,-0.13995800825171154,0.37005704300784026,0.1936912719228971,0.07255508354386518,0.9801660118528643,-0.19749612432380625,0.18318091116819976,0.9091874521805146,0.6751844343060462,0.2999105162911458,0.8721746062539052,-0.061002101501328565,-0.10788694489171549,0.13500211788346456,-0.07828858633996563,-0.01036014463882259,0.6016952259386431,0.461399890558282,50.0,61.0,39.0,490.0,0.3100000023841858,0.8799999952316284,54.20000076293945,142.0,151.89999389648438,307.45556640625,1.5641025304794312,1.0,0.008799999952316284,1.795918345451355,0.09610000252723694,3.225806474685669,6.194405555725098,151.89999389648438,2.725806474685669,2500.0,15.5,24500.0,240100.0,0.4848718047142029,9.800000190734863,0.9272727370262146,0.9577465057373047,0.10000000149011612,0.20695970952510834,0.30586081743240356,62.4,50
0.7165839592111551,0.11627265933756346,0.9735068348226468,0.34174425216947174,0.6978412566639635,0.5985949760933025,10.69659633684898,0.3523953247453993,0.19641153917258725,0.2768353928711055,0.20714777086225114,0.0,0.8619205640385644,0.41761205196637835,0.3131780513225368,0.30378027439915106,1.1096206009571004,0.4865771668299211,0.32366001286808677,1.0752436396618497,1.2599572469909948,0.24217118428334433,0.9418253515437389,0.16457096475779204,0.10616453071352866,0.9146367105625341,0.552805638746271,0.681302768731995,0.5374168113131176,-0.06662546452940239,50.0,63.0,37.0,500.0,0.2745000123977661,1.0154999494552612,65.0,208.0,137.25,295.98016357421875,1.7027027606964111,1.0,0.010154999792575836,2.0309998989105225,0.07535024732351303,3.6429872512817383,6.214608192443848,137.25,3.1429872512817383,2500.0,13.725000381469727,25000.0,250000.0,0.46739187836647034,10.0,0.991253674030304,1.0192307233810425,-0.06666667014360428,0.20695970952510834,0.17032967507839203,74.1,50
0.361131494127018,0.02048673163658398,0.5973000148564034,0.27906928813844994,0.6463179627244231,0.041115052969589956,8.262255403634843,0.08819164814421461,-0.003186683261018951,0.3711595160582051,0.4708470156707285,0.0,-0.09882922926228925,0.16035515480598267,0.32982358484650454,0.07541601763518692,1.246479258400873,0.21496053791712708,0.5704203321886947,1.0976800846471364,0.534710634888427,0.4534727224413591,0.8646713676069993,0.005888216007985602,-0.29191922259874237,0.17796601269791915,-0.015197369889773254,0.15709696729561504,0.6899508927713052,0.4547465484473112,50.0,63.0,37.0,500.0,0.28999999165534973,0.9100000262260437,57.599998474121094,150.0,145.0,303.73016357421875,1.7027027606964111,1.0,0.009100000374019146,1.8200000524520874,0.08410000056028366,3.4482758045196533,6.214608192443848,145.0,2.9482758045196533,2500.0,14.5,25000.0,250000.0,0.49378377199172974,10.0,0.9622641801834106,0.9599999785423279,0.10000000149011612,0.20658135414123535,0.32358318567276,66.7,50
0.9286582822505496,0.03187696185662433,0.10108862975386755,0.4306097031526969,0.22884862326616717,-0.03349838685540822,6.224443954950654,-0.11785980203094747,-0.1891651608117641,0.1941486701537218,-0.03728625965934257,0.0,-0.06965915640764496,-0.12429240576010926,0.14884490399027453,0.2012590649149475,0.31685633443409034,-0.09454291549504569,0.33125117939797105,0.863014208154516,0.14186277102857492,0.4401686685943572,1.3630470198247502,0.1572396407577316,0.030631810708927943,0.5045711101633222,0.2828351594905352,0.04353481838968346,0.37658618961292917,-0.2717224473651858,50.0,60.0,40.0,485.0,0.3100000023841858,0.8700000047683716,53.900001525878906,162.0,150.35000610351562,304.3182678222656,1.5,1.0,0.008700000122189522,1.7938144207000732,0.09610000252723694,3.225806474685669,6.184148788452148,150.35000610351562,2.725806474685669,2500.0,15.5,24250.0,235225.0,0.4650000035762787,9.699999809265137,0.9272727370262146,1.0185185670852661,-0.05000000074505806,0.20109689235687256,0.14259597659111023,60.6,50
0.3845319306994008,0.11427934703350029,0.37458343787768733,0.10314867294720267,0.40594157769860756,0.017077116360712873,8.159432204291495,0.09352933044820098,-0.05486749639738576,0.0539113109052778,0.09629903746292719,0.0,-0.15421478131271713,0.16188422612146097,0.09510397166764616,0.10328095165169796,1.2066709371194477,0.05249875685472633,0.7018569183538762,0.9850145985452642,0.4276854516483477,0.9311596405222822,0.706048544374295,0.05467778336897624,0.1372924568520401,0.04366984367108469,-0.1507261906954351,0.029078755045451436,0.6290183698680708,0.633193103041257,50.0,62.0,38.0,500.0,0.30000001192092896,0.8999999761581421,56.70000076293945,148.0,150.0,308.73016357421875,1.6315789222717285,1.0,0.008999999612569809,1.7999999523162842,0.09000000357627869,3.3333332538604736,6.214608192443848,150.0,2.8333332538604736,2500.0,15.0,25000.0,250000.0,0.4894736707210541,10.0,0.9444444179534912,0.9459459185600281,0.13333334028720856,0.19780220091342926,0.3223443329334259,65.2,50
