shap__Concrete_Class,shap__CA,shap__FA,shap__Cement_Content,shap__WC_Ratio,shap__Admixture_Dose,shap__Strength_7d,shap__Slump_30,shap__Water_Content,shap__Paste_Volume,shap__CA_FA_Ratio,shap__Agg_Volume_Frac,shap__Admix_pct_bwoc,shap__Admix_per_Cement,shap__WC_Ratio_sq,shap__WC_Ratio_inv,shap__log_Cement,shap__Cement_x_WC,shap__Bolomey_Feature,shap__Concrete_Class_sq,shap__Class_x_WC,shap__Class_x_Cement,shap__Cement_sq,shap__CA_FA_x_WC,shap__Binder_Intensity,shap__Gel_Space_Ratio_28d,shap__Slump_Retention,shap__Slump_Loss_Rate,shap__Cement_Freq,shap__Admix_Freq,val__Concrete_Class,val__CA,val__FA,val__Cement_Content,val__WC_Ratio,val__Admixture_Dose,val__Strength_7d,val__Slump_30,val__Water_Content,val__Paste_Volume,val__CA_FA_Ratio,val__Agg_Volume_Frac,val__Admix_pct_bwoc,val__Admix_per_Cement,val__WC_Ratio_sq,val__WC_Ratio_inv,val__log_Cement,val__Cement_x_WC,val__Bolomey_Feature,val__Concrete_Class_sq,val__Class_x_WC,val__Class_x_Cement,val__Cement_sq,val__CA_FA_x_WC,val__Binder_Intensity,val__Gel_Space_Ratio_28d,val__Slump_Retention,val__Slump_Loss_Rate,val__Cement_Freq,val__Admix_Freq,y_true,Concrete_Class
-0.241255624470363,-0.08889711122608553,0.06305343876156115,-0.29959523297446455,-0.38683785819947786,0.08069887278559845,-11.933515899322419,0.16946463517339258,-0.13913520043835326,-0.023052451367495563,-0.06549470096974017,0.0,0.20594643662793458,0.48808395245344655,0.006074957619015893,-0.40125942890154326,-0.04238882664676119,-0.3728973692219319,-0.3989538689253597,-0.5325187563191977,0.12611485386041024,-0.357186354817571,-0.21055032340447447,-0.3180173076404901,-0.15342200642805312,-0.6314056983946466,0.9410814365055084,0.4006505724723187,0.5627928161601579,0.7322720458706362,15.0,58.0,42.0,360.0,0.4489000141620636,0.699999988079071,25.200000762939453,180.0,161.60400390625,275.88970947265625,1.3809523582458496,1.0,0.007000000216066837,1.9444444179534912,0.2015112042427063,2.2276675701141357,5.886104106903076,161.60400390625,1.7276676893234253,225.0,6.733500003814697,5400.0,129600.0,0.6199095249176025,24.0,0.7403106689453125,0.6388888955116272,1.0833333730697632,0.17483660578727722,0.33169934153556824,32.2,15
-0.3067642548536838,-0.0973594666741319,-0.10844212744017034,-0.2951516139736376,-0.3551701139264368,-0.04567745051554905,-12.294206333177213,0.3728003952196119,0.05250362089037737,-0.22202695254004118,-0.08026272097706814,0.0,-0.011924521836597377,-0.16152865994109422,-0.059879545739286104,-0.40848545959025667,0.012968820770231019,-0.13224385076662817,-0.4450684048266432,-0.5687754190371515,-0.2472826145918574,-0.2239154190446495,-0.29546413290930135,-0.08006482733836082,-0.19092832282555167,-0.3764463115695657,0.24298928987149107,0.3018537390966099,-0.4018864199930236,-0.017875830651180393,15.0,58.0,42.0,360.0,0.4489000141620636,0.8999999761581421,22.18000030517578,95.0,161.60400390625,275.88970947265625,1.3809523582458496,1.0,0.008999999612569809,2.5,0.2015112042427063,2.2276675701141357,5.886104106903076,161.60400390625,1.7276676893234253,225.0,6.733500003814697,5400.0,129600.0,0.6199095249176025,24.0,0.7403106689453125,1.1578947305679321,-0.25,0.3104575276374817,0.14869281649589539,25.4,15
-0.3071277000730882,-0.05981509186689362,-0.06629674823497503,-0.308233526439997,-0.37604536988530674,0.22365449041137522,-12.93021153988356,0.42266993381043794,0.09081466829242929,-0.04766939479601639,-0.06282940232882663,0.0,0.3145729377575784,-0.4421591399755413,-0.05694008472380398,-0.40676978320950985,-0.0013130478242121798,-0.1863463686899192,-0.3578672933043646,-0.5732350220946936,-0.20393325043423358,-0.36910241007640393,-0.2591656807086896,-0.2684283211688362,-0.1900109998564533,-0.5916660885734172,-0.33796941741606273,-0.04502321686488342,0.25188531958504307,0.1561453180219054,15.0,58.0,42.0,360.0,0.4489000141620636,1.0,22.18000030517578,150.0,161.60400390625,275.88970947265625,1.3809523582458496,1.0,0.009999999776482582,2.777777671813965,0.2015112042427063,2.2276675701141357,5.886104106903076,161.60400390625,1.7276676893234253,225.0,6.733500003814697,5400.0,129600.0,0.6199095249176025,24.0,0.7403106689453125,0.9333333373069763,0.1666666716337204,0.17483660578727722,0.057189542800188065,27.0,15
-0.23933574033298785,0.08758768922348723,0.01889211718769579,-0.3929966565230085,-0.3272920910471441,-0.0297433564001746,-7.9272828725880355,0.4855871694705413,0.22333228002243866,-0.07622795416678112,-0.00833595920063958,0.0,0.0887642118760844,0.3508217303093804,-0.4488265503067089,-0.4608740571432061,-0.014846063089527755,-0.11525833258532903,-0.4593372546737883,-0.4267933057521525,-0.19842835793054792,-0.28582217766840307,-0.28568621708288555,-0.016122277724472563,-0.2062619801205646,-0.6344998185057105,0.6240710778719814,0.27357772849550216,0.2933243502726018,0.13859490317290607,15.0,60.0,40.0,360.0,0.4489000141620636,0.699999988079071,27.200000762939453,60.0,161.60400390625,275.88970947265625,1.5,1.0,0.007000000216066837,1.9444444179534912,0.2015112042427063,2.2276675701141357,5.886104106903076,161.60400390625,1.7276676893234253,225.0,6.733500003814697,5400.0,129600.0,0.6733499765396118,24.0,0.7403106689453125,1.9166666269302368,-0.9166666865348816,0.17483660578727722,0.14869281649589539,32.2,15
-0.2993477628702791,-0.05648285527049205,0.14540232616982693,-0.3247448589006535,-0.3578083389897679,0.15980004959299016,-12.768198822514655,0.05462374302110616,-0.049881942891532784,-0.13426083067619915,0.0016769930597993104,0.0,0.36224923094822353,-0.45842774483255877,-0.08071498665753794,-0.4026541239911784,-0.02685184614758992,-0.30019105045655475,-0.37661085174917663,-0.5696217663352331,-0.10332736464339992,-0.36420994941060614,-0.2546696093445061,-0.32684553511730524,-0.1932998703636451,-0.5868116340887111,0.19011713627905896,0.09553728179143166,0.31154734457641925,0.48355805767427334,15.0,57.0,43.0,360.0,0.4489000141620636,1.0,22.18000030517578,150.0,161.60400390625,275.88970947265625,1.325581431388855,1.0,0.009999999776482582,2.777777671813965,0.2015112042427063,2.2276675701141357,5.886104106903076,161.60400390625,1.7276676893234253,225.0,6.733500003814697,5400.0,129600.0,0.595053493976593,24.0,0.7403106689453125,0.7333333492279053,0.6666666865348816,0.17483660578727722,0.33169934153556824,26.4,15
-0.29755640374075676,-0.10856809126840397,0.06441833120467458,-0.3766147483883168,-0.3803266211917344,0.31958528950246595,-11.446031917919571,0.1386401883078552,0.09688791810493913,-0.16399534362573628,-0.06402939871912892,0.0,0.43440474492103215,-0.33773834895316734,-0.484210036552951,-0.3698747266211527,-0.11351405202084022,-0.24242205231330663,-0.35483654487504235,-0.4918839238635125,-0.12122157121281321,-0.27887632853025085,-0.3166811666411172,-0.08820496745707336,-0.1540592325929183,-0.6469949508877375,-0.04097632842138621,0.06071865191601392,0.8192844260916173,-0.002525061951608981,15.0,57.0,43.0,360.0,0.4489000141620636,1.0089000463485718,26.200000762939453,120.0,161.60400390625,275.88970947265625,1.325581431388855,1.0,0.010088999755680561,2.802500009536743,0.2015112042427063,2.2276675701141357,5.886104106903076,161.60400390625,1.7276676893234253,225.0,6.733500003814697,5400.0,129600.0,0.595053493976593,24.0,0.7403106689453125,1.1666666269302368,-0.3333333432674408,0.009803921915590763,0.33169934153556824,30.5,15
-0.2993477628702791,0.01199766135820308,0.1425577417267896,-0.3274376070049111,-0.3411322080831909,0.2134358300071184,-12.597557905677537,-0.05269365694688962,-0.05449752460522609,-0.13546825435312027,0.0016769930597993104,0.0,0.4464874302746604,-0.40923425169908745,-0.04843311240113641,-0.4026541239911784,-0.026514596868915538,-0.30806922190389513,-0.38559188655252613,-0.5696217663352331,-0.09762119871453308,-0.3703934571008052,-0.2543946655584402,-0.10110054546125759,-0.28973450413906376,-0.5854245791653058,0.44206671718090007,0.10862464719479945,0.3218326718317105,0.5809515380389236,15.0,56.0,44.0,360.0,0.4489000141620636,1.0089000463485718,22.18000030517578,140.0,161.60400390625,275.88970947265625,1.2727272510528564,1.0,0.010088999755680561,2.802500009536743,0.2015112042427063,2.2276675701141357,5.886104106903076,161.60400390625,1.7276676893234253,225.0,6.733500003814697,5400.0,129600.0,0.571327269077301,24.0,0.7403106689453125,0.7142857313156128,0.6666666865348816,0.17483660578727722,0.33169934153556824,25.7,15
-0.2993477628702791,-0.04262358079394819,0.16218357190484137,-0.32642340907498724,-0.34553368219198977,0.19199666417314634,-12.945188065709742,-0.11270436769200354,-0.027540404037246915,-0.0476870238931252,-0.037248390120702794,0.0,0.3333403344599991,-0.40674324244065185,-0.05453718115080127,-0.37346870110727315,-0.09881524490675793,-0.27551458374700827,-0.33527471390163455,-0.48837172951812136,-0.2066425223518089,-0.4097843170709313,-0.271385868596096,-0.334558484145791,-0.08820960053757687,-0.5620210779606508,0.7094817636221726,0.4896271624659281,1.2654378610555383,0.6630836860445577,15.0,57.0,43.0,360.0,0.4489000141620636,1.0,22.18000030517578,170.0,161.60400390625,275.88970947265625,1.325581431388855,1.0,0.009999999776482582,2.777777671813965,0.2015112042427063,2.2276675701141357,5.886104106903076,161.60400390625,1.7276676893234253,225.0,6.733500003814697,5400.0,129600.0,0.595053493976593,24.0,0.7403106689453125,0.5882353186607361,1.1666666269302368,0.009803921915590763,0.33169934153556824,28.1,15
-0.27403143321132367,-0.08612347513226949,0.07009138403277759,-0.28410396127037574,-0.4199290338363995,0.004759793158858092,-12.28734104546489,0.1400258904876262,-0.11937386359450547,-0.043804414871967186,0.03451149009639995,0.0,0.23390637927708297,-0.3184376234480511,-0.07128749229018971,-0.450189499321386,-0.004855838649005498,-0.4191004038303089,-0.40032884409883435,-0.5494292489527113,0.06399064423767707,-0.3476658862327563,-0.2277263561395549,-0.2811113313798046,-0.1834755603393599,-0.6382963315908522,0.11118522352048128,0.13314888597381236,0.5564650582291918,0.5581251618880914,15.0,57.0,43.0,360.0,0.4489000141620636,0.800000011920929,22.18000030517578,175.0,161.60400390625,275.88970947265625,1.325581431388855,1.0,0.00800000037997961,2.222222328186035,0.2015112042427063,2.2276675701141357,5.886104106903076,161.60400390625,1.7276676893234253,225.0,6.733500003814697,5400.0,129600.0,0.595053493976593,24.0,0.7403106689453125,0.7428571581840515,0.75,0.20261438190937042,0.33169934153556824,29.1,15
-0.2993126065721922,-0.0023578909406746056,0.013466920809437465,-0.30775098069990364,-0.3036798336766872,0.2238980518659752,-12.550452619910608,0.06853481560142044,0.05028876656632308,-0.11309768430766945,-0.0018912818494971843,0.0,0.3688861590410407,-0.39718156861010795,-0.07850379698236158,-0.41848042994859164,-0.01500299745093738,-0.16897122998611827,-0.37196462047891593,-0.5565135690260947,-0.06787028464484633,-0.3152669158113124,-0.24846484907244198,-0.10331233966122431,-0.2043462814280413,-0.33978464857303997,-0.03398327850043661,-0.20486242449719513,-0.5047507965945942,-0.08080190048467538,15.0,56.0,44.0,360.0,0.4489000141620636,1.0,22.18000030517578,175.0,161.60400390625,275.88970947265625,1.2727272510528564,1.0,0.009999999776482582,2.777777671813965,0.2015112042427063,2.2276675701141357,5.886104106903076,161.60400390625,1.7276676893234253,225.0,6.733500003814697,5400.0,129600.0,0.571327269077301,24.0,0.7403106689453125,0.8285714387893677,0.5,0.3104575276374817,0.057189542800188065,22.355,15
-0.2993477628702791,0.0032097650670476264,0.02501304679198271,-0.2881712846008015,-0.34127903414037114,0.12501111732112644,-12.33831297024137,0.13795461416319219,0.05714139918413247,-0.09849488011559066,-0.004700871970865391,0.0,0.31789713492634003,-0.45529571407535513,-0.07449071433998176,-0.40312377259179577,-0.02719693826850173,-0.2290709267453498,-0.3740635771112805,-0.5648818983752173,-0.04579136686086247,-0.30042500443737835,-0.25307333889557926,-0.07526906240619224,-0.18261271688158254,-0.5892540288595148,0.14538504271720049,0.10541011603398799,0.4188936435308318,-0.13583908494689723,15.0,56.0,44.0,360.0,0.4489000141620636,1.0,24.302000045776367,180.0,161.60400390625,275.88970947265625,1.2727272510528564,1.0,0.009999999776482582,2.777777671813965,0.2015112042427063,2.2276675701141357,5.886104106903076,161.60400390625,1.7276676893234253,225.0,6.733500003814697,5400.0,129600.0,0.571327269077301,24.0,0.7403106689453125,0.7777777910232544,0.6666666865348816,0.20261438190937042,0.057189542800188065,28.657,15
-0.30760788061474875,0.020485613133977783,0.027882133227057924,-0.2997356056076581,-0.32557620632191553,0.2690167468597186,-12.574745225340182,0.15397705529353592,0.04736427615716738,-0.08139441410487952,-0.0018912818494971843,0.0,0.33043412367281433,-0.28954261371783635,-0.060920393584914315,-0.4260367535448003,0.025364376998525156,-0.17496324660352677,-0.3484292289196988,-0.5592439225474863,-0.16094694029868598,-0.28277930992707423,-0.25754955533460216,-0.102849205333297,-0.24136078228865093,-0.32636824585107643,-0.44926801074968065,-0.07949701323986051,-0.3471793509712356,-0.06294493760411554,15.0,56.0,44.0,360.0,0.4489000141620636,1.0,22.18000030517578,155.0,161.60400390625,275.88970947265625,1.2727272510528564,1.0,0.009999999776482582,2.777777671813965,0.2015112042427063,2.2276675701141357,5.886104106903076,161.60400390625,1.7276676893234253,225.0,6.733500003814697,5400.0,129600.0,0.571327269077301,24.0,0.7403106689453125,0.9032257795333862,0.25,0.3104575276374817,0.057189542800188065,21.96666666666667,15
-0.2407864115595567,-0.01786693492910181,-0.06835259383882777,-0.30149683008236966,-0.36999732054485185,0.03647507215369012,-11.33182396633542,0.20998646357153417,0.0033921122416680984,-0.08262943419166757,0.028794639586332785,0.0,-0.017841738760298615,0.39794454522045886,0.0036405377573031947,-0.4431430559514851,-0.01574194403025165,-0.18822317665335564,-0.39170700703066924,-0.5357490075716029,0.012695798605013053,-0.36557660695481015,-0.24316377696414251,0.11936777956154751,-0.12334166907582808,-0.6112673923085651,0.08539523312796511,-0.1293096304631197,0.29131279727832937,0.08704746955603722,15.0,56.0,44.0,360.0,0.4489000141620636,0.699999988079071,25.700000762939453,65.0,161.60400390625,275.88970947265625,1.2727272510528564,1.0,0.007000000216066837,1.9444444179534912,0.2015112042427063,2.2276675701141357,5.886104106903076,161.60400390625,1.7276676893234253,225.0,6.733500003814697,5400.0,129600.0,0.571327269077301,24.0,0.7403106689453125,0.8512307405471802,0.16116666793823242,0.08496732264757156,0.057189542800188065,29.93,15
-0.2498673977486404,-0.032089519644117645,-0.09670907122260777,-0.35054144112034785,-0.3660239612603672,0.006046959012318231,-12.12796239917586,0.37120127115582857,0.005432477517760673,-0.05178225329357719,-0.014187148089998141,0.0,0.07947086525835294,0.2633932974769968,0.014790076475975753,-0.46015042652280475,-0.0027345636080600712,-0.24389362181753435,-0.42479490325242253,-0.5428225866336195,-0.1602838102603847,-0.3124244244888414,-0.2552725454818326,0.05134877966163549,-0.15878450174955558,-0.6579864720732463,0.12747243581244747,0.07418406046008909,0.3510769646307763,-0.2987550223840607,15.0,56.0,44.0,360.0,0.4489000141620636,0.699999988079071,22.18000030517578,62.0,161.60400390625,275.88970947265625,1.2727272510528564,1.0,0.007000000216066837,1.9444444179534912,0.2015112042427063,2.2276675701141357,5.886104106903076,161.60400390625,1.7276676893234253,225.0,6.733500003814697,5400.0,129600.0,0.571327269077301,24.0,0.7403106689453125,1.0967742204666138,-0.10000000149011612,0.20261438190937042,0.057189542800188065,28.02,15
-0.2498673977486404,-0.02285278915329667,-0.07587598239883328,-0.3034727561537157,-0.37307766837295314,0.07305516927416204,-12.61719312828856,0.25444763536536336,-0.1015323843697346,-0.04287378796259895,0.028794639586332785,0.0,0.014143978994444504,0.3626232475704753,0.011341617629660797,-0.4426270731794806,0.005384774234011686,-0.24983104012104182,-0.38331595686809655,-0.5467235208707069,-0.12601253281866,-0.35047041753947505,-0.2869053357520531,0.04876715970959758,-0.18382412582584168,-0.6511445636491439,-0.6687524510475614,-0.19017003751804346,0.3920561805736357,-0.2389103854262363,15.0,56.0,44.0,360.0,0.4489000141620636,0.699999988079071,22.18000030517578,62.0,161.60400390625,275.88970947265625,1.2727272510528564,1.0,0.007000000216066837,1.9444444179534912,0.2015112042427063,2.2276675701141357,5.886104106903076,161.60400390625,1.7276676893234253,225.0,6.733500003814697,5400.0,129600.0,0.571327269077301,24.0,0.7403106689453125,0.8924193382263184,0.11116666346788406,0.20261438190937042,0.14869281649589539,26.67,15
-0.2498673977486404,0.0018052371102660386,-0.007739408040519317,-0.3074214129396127,-0.37946792543556723,0.06940051218717208,-12.476646288306274,0.19731486614256888,-0.1166899749396914,-0.12840913247295532,0.036828839852643326,0.0,0.19507874139548775,0.391942962112184,0.015614230043227812,-0.4545982374402798,-0.03328046188851755,-0.30539440475428525,-0.3843142069887849,-0.5461909629832297,-0.1252248589308224,-0.37421305218849676,-0.2785458900296952,-0.10369576491667588,-0.19797503081069354,-0.6901466468326178,-0.5740111847678423,-0.17174474470083076,0.3672760373906904,0.5043963536604854,15.0,56.0,44.0,360.0,0.4489000141620636,0.699999988079071,22.18000030517578,60.0,161.60400390625,275.88970947265625,1.2727272510528564,1.0,0.007000000216066837,1.9444444179534912,0.2015112042427063,2.2276675701141357,5.886104106903076,161.60400390625,1.7276676893234253,225.0,6.733500003814697,5400.0,129600.0,0.571327269077301,24.0,0.7403106689453125,0.922166645526886,0.07783333212137222,0.20261438190937042,0.33169934153556824,31.64,15
-0.27324572106479655,0.0060200198898733015,-0.02947443740201176,-0.2622881004937079,-0.34582235313776344,0.02273860959969787,-8.113326149917395,0.47064014045368174,-0.012894256126900977,-0.01458028474407322,-0.0024654474516315125,0.0,0.13497402980535966,-0.08898644736611838,-0.3017873455707152,-0.37056421491978825,-0.12232510563034106,-0.24103111823134243,-0.4276713176622585,-0.4307413081708422,-0.30130922440035396,-0.37417886424395663,-0.24502016668166351,-0.11075549571202782,-0.2674144201942599,-0.3530498614376674,0.2908903322856425,-0.16266850730939694,-0.32815330452175984,-0.16263827883698911,15.0,56.0,44.0,360.0,0.4489000141620636,0.75,28.799999237060547,77.0,161.60400390625,275.88970947265625,1.2727272510528564,1.0,0.007499999832361937,2.0833332538604736,0.2015112042427063,2.2276675701141357,5.886104106903076,161.60400390625,1.7276676893234253,225.0,6.733500003814697,5400.0,129600.0,0.571327269077301,24.0,0.7403106689453125,0.7185714244842529,0.36116665601730347,0.3104575276374817,0.14869281649589539,35.03,15
-0.2155466631464206,0.061211768240913955,-0.08832682268706787,-0.2714619790754132,-0.3308909134487486,0.006231246766131017,-3.892719150361737,0.43292747564270656,0.01998425564996387,0.003969076905972667,-0.047000372104581044,0.0,0.04572299338251623,-0.18501679290071704,-0.40273993898221727,-0.38751082923624897,-0.17311568739182548,-0.15874927832421232,-0.3989417212298735,-0.41407797429118576,-0.4531833198295627,-0.34804273211627973,-0.23899802355839772,-0.1260036006289858,-0.20367451156104244,-0.3703524209401923,-0.3136023206414335,0.10689658938914365,-0.5009409255982935,-0.11690575412327964,15.0,56.0,44.0,360.0,0.4489000141620636,0.75,35.1879997253418,60.0,161.60400390625,275.88970947265625,1.2727272510528564,1.0,0.007499999832361937,2.0833332538604736,0.2015112042427063,2.2276675701141357,5.886104106903076,161.60400390625,1.7276676893234253,225.0,6.733500003814697,5400.0,129600.0,0.571327269077301,24.0,0.7403106689453125,0.922166645526886,0.07783333212137222,0.3104575276374817,0.057189542800188065,40.55,15
-0.2721115490739485,0.04149833072632789,0.04411846065069338,-0.2544972843670206,-0.3385647315946022,-0.026081231140681456,-7.462198607649213,0.28022313874368887,-0.0310965541173487,-0.07208754399975581,0.004763377505025048,0.0,0.21740658420270167,-0.251368794432421,-0.34305167339292564,-0.39182786100822725,-0.12095560554851797,-0.2919367255746245,-0.4172295965601322,-0.43694912616753834,-0.4061644509042143,-0.44409097414960813,-0.26515639386051537,-0.16537362526939273,-0.3031193838814302,-0.4081395200846367,-0.38866592263665894,-0.020007490471067358,-0.29362953515808166,0.5055717145676109,15.0,56.0,44.0,360.0,0.4489000141620636,0.75,30.097000122070312,60.0,161.60400390625,275.88970947265625,1.2727272510528564,1.0,0.007499999832361937,2.0833332538604736,0.2015112042427063,2.2276675701141357,5.886104106903076,161.60400390625,1.7276676893234253,225.0,6.733500003814697,5400.0,129600.0,0.571327269077301,24.0,0.7403106689453125,0.922166645526886,0.07783333212137222,0.3104575276374817,0.33169934153556824,38.22,15
-0.2821630259479405,0.0015638343093047973,-0.0009607637237118154,-0.3032189256966033,-0.36025000045018757,0.012574339634789695,-12.62616013036719,0.2381620529554293,0.006961575002650626,-0.04819829574424521,-0.0004124055546107016,0.0,0.1864333356155822,-0.2988877910606597,0.017551695629694587,-0.44002355737130805,0.003098035914707721,-0.24716857431921715,-0.38331595686809655,-0.5451781041017856,-0.13822957039789618,-0.33820651132197344,-0.25627996180155455,-0.0058513548689418495,-0.19662000711100586,-0.650642472836994,-0.6071167679039681,0.02670823080307443,0.3549982327977176,-0.022339307268232033,15.0,56.0,44.0,360.0,0.4489000141620636,0.75,22.746000289916992,60.0,161.60400390625,275.88970947265625,1.2727272510528564,1.0,0.007499999832361937,2.0833332538604736,0.2015112042427063,2.2276675701141357,5.886104106903076,161.60400390625,1.7276676893234253,225.0,6.733500003814697,5400.0,129600.0,0.571327269077301,24.0,0.7403106689453125,0.922166645526886,0.07783333212137222,0.20261438190937042,0.057189542800188065,31.25,15
-0.2721115490739485,0.02959975422497505,-0.028753058739278844,-0.26675459696615894,-0.3301934340410555,0.05510243481913198,-7.406893036755227,0.41711548326077424,-0.01025969222848701,-0.014791916814118887,-0.012101552895938282,0.0,0.19517637935726273,-0.22451731109557416,-0.32169029364474966,-0.3249739670372016,-0.08762190758919229,-0.28106491882388396,-0.36918467878497013,-0.43082216632483794,-0.40304628455850783,-0.3964432492000986,-0.23687807037547862,-0.0694329877080153,-0.2949721399434226,-0.33057315398672055,-0.43555334422146086,0.09385080709546383,-0.6449995889419371,-0.348377532508845,15.0,56.0,44.0,360.0,0.4489000141620636,0.75,30.829999923706055,60.0,161.60400390625,275.88970947265625,1.2727272510528564,1.0,0.007499999832361937,2.0833332538604736,0.2015112042427063,2.2276675701141357,5.886104106903076,161.60400390625,1.7276676893234253,225.0,6.733500003814697,5400.0,129600.0,0.571327269077301,24.0,0.7403106689453125,0.922166645526886,0.07783333212137222,0.3104575276374817,0.011437908746302128,38.98,15
-0.2721115490739485,-0.01947840221636701,-0.0012923130634707339,-0.27642447593455577,-0.33872889895122416,-0.006713387390041338,-8.052058440827748,0.35707116128714245,0.005924801224240517,0.003367190255854273,-0.0004124055546107016,0.0,0.15965951890588928,-0.2653255107751834,-0.3521930224772595,-0.3614874762099968,0.017307886211480113,-0.29180657518087627,-0.3614207451585722,-0.43886414929074974,-0.21394730304780551,-0.3602183592833203,-0.24689549267614344,0.004569373804690709,-0.2507322100610976,-0.5980310404096235,-0.4504023183979636,0.004953253317471546,0.48593103992511455,0.1590464874792976,15.0,56.0,44.0,360.0,0.4489000141620636,0.75,27.049999237060547,60.0,161.60400390625,275.88970947265625,1.2727272510528564,1.0,0.007499999832361937,2.0833332538604736,0.2015112042427063,2.2276675701141357,5.886104106903076,161.60400390625,1.7276676893234253,225.0,6.733500003814697,5400.0,129600.0,0.571327269077301,24.0,0.7403106689453125,0.922166645526886,0.07783333212137222,0.20261438190937042,0.011437908746302128,37.94,15
-0.2721115490739485,-0.03525248009588655,-0.03344176974328006,-0.2644916595226829,-0.36955199448592324,-0.07676396971151113,-5.769942453544294,0.3861519483978817,0.0027211648320840344,-0.010525627794263723,-0.0004124055546107016,0.0,0.09686319237602517,-0.20011372986014833,-0.3479210583667426,-0.3443546788507504,-0.006575097758845145,-0.23776010957563468,-0.3371362558549393,-0.4389106924734813,-0.09890782931233441,-0.4001324905275357,-0.25049253473187516,-0.038738408800889176,-0.20583348135668822,-0.5657352994806328,-0.365403931653316,0.13399911802406467,0.2627442203158402,0.1329640076542214,15.0,56.0,44.0,360.0,0.4489000141620636,0.75,28.100000381469727,60.0,161.60400390625,275.88970947265625,1.2727272510528564,1.0,0.007499999832361937,2.0833332538604736,0.2015112042427063,2.2276675701141357,5.886104106903076,161.60400390625,1.7276676893234253,225.0,6.733500003814697,5400.0,129600.0,0.571327269077301,24.0,0.7403106689453125,0.922166645526886,0.07783333212137222,0.08496732264757156,0.011437908746302128,36.7,15
-0.2821630259479405,-0.0005171360123719141,0.009521209653193,-0.3018347281211595,-0.40993419864744907,-0.04555005241824698,-12.34947095970458,-0.06805684960185833,-0.0729544689511697,-0.047775584501954155,-0.0004124055546107016,0.0,0.1878948069953581,-0.23838445677794542,0.02233069943218647,-0.4534746250297795,-0.0200695249329704,-0.20678396272090235,-0.3840615936551655,-0.5467700640534384,0.05291022948574854,-0.3400488740266379,-0.29577622122445313,-0.022152312551939946,-0.16493412939242308,-0.6286329352581176,-0.5756209793982214,-0.1678012547681668,0.1397563300333076,-0.20910149751189058,15.0,56.0,44.0,360.0,0.4489000141620636,0.75,22.18000030517578,60.0,161.60400390625,275.88970947265625,1.2727272510528564,1.0,0.007499999832361937,2.0833332538604736,0.2015112042427063,2.2276675701141357,5.886104106903076,161.60400390625,1.7276676893234253,225.0,6.733500003814697,5400.0,129600.0,0.571327269077301,24.0,0.7403106689453125,0.922166645526886,0.07783333212137222,0.08496732264757156,0.14869281649589539,29.73,15
-0.2721115490739485,0.03552803745375198,-0.004480055060287859,-0.2766284652439755,-0.36955199448592324,-0.06143348310203294,-8.85316870125549,0.3352040278867484,0.006749382352106698,-0.0047841246361284015,-0.0004124055546107016,0.0,0.12356412748898148,-0.17400940668638185,-0.3097439650875129,-0.3752826551241108,-0.10675901723613654,-0.16793693633003234,-0.4217903042641508,-0.4430062768567064,0.029958048232713603,-0.4222045345540865,-0.2404751124312103,0.050144176317440094,-0.23144025991052083,-0.6041227906641455,-0.5374268499689437,0.06858152914349099,0.11567401485862333,0.09731542208979314,15.0,56.0,44.0,360.0,0.4489000141620636,0.75,29.75,60.0,161.60400390625,275.88970947265625,1.2727272510528564,1.0,0.007499999832361937,2.0833332538604736,0.2015112042427063,2.2276675701141357,5.886104106903076,161.60400390625,1.7276676893234253,225.0,6.733500003814697,5400.0,129600.0,0.571327269077301,24.0,0.7403106689453125,0.922166645526886,0.07783333212137222,0.08496732264757156,0.057189542800188065,35.72,15
-0.2721115490739485,0.07114199801187904,0.07969068925197294,-0.26762925212595556,-0.3777204980252967,-0.06502666720002624,-9.147173170308212,0.14898727276657198,-0.032591162136790294,-0.08381838711000814,0.00534385029959466,0.0,0.2679236285943799,-0.1545238575643516,-0.3307967299411157,-0.39163778508551633,-0.1431375150393619,-0.23168528533605984,-0.42278855438483914,-0.4450376523161817,0.0330584730450305,-0.4179135756222387,-0.26875343591624706,-0.06090274253440012,-0.22914458509483057,-0.6449727058984325,-0.5258743648203709,-0.16620183781524153,-0.022702024336900828,0.18327626746526424,15.0,56.0,44.0,360.0,0.4489000141620636,0.75,29.719999313354492,60.0,161.60400390625,275.88970947265625,1.2727272510528564,1.0,0.007499999832361937,2.0833332538604736,0.2015112042427063,2.2276675701141357,5.886104106903076,161.60400390625,1.7276676893234253,225.0,6.733500003814697,5400.0,129600.0,0.571327269077301,24.0,0.7403106689453125,0.922166645526886,0.07783333212137222,0.08496732264757156,0.33169934153556824,33.92,15
-0.2821630259479405,0.0015638343093047973,0.0015490098123703703,-0.3018347281211595,-0.39107309598488665,-0.07202568741849762,-12.213691571740078,0.09582965224020042,0.0540810545613008,-0.060282308643842625,-0.0004124055546107016,0.0,0.1236370090857181,-0.26733458191397114,0.021823659740211443,-0.4467478841777453,-0.0200695249329704,-0.2042016659117758,-0.3840615936551655,-0.5431888372766742,0.05305542364329995,-0.37584475511433696,-0.25987700385728624,0.0030284886591768236,-0.15632186578513396,-0.6183467319080033,-0.5318249836697245,0.04184585777815367,0.1700881699611337,0.06267700726654754,15.0,56.0,44.0,360.0,0.4489000141620636,0.75,25.229999542236328,60.0,161.60400390625,275.88970947265625,1.2727272510528564,1.0,0.007499999832361937,2.0833332538604736,0.2015112042427063,2.2276675701141357,5.886104106903076,161.60400390625,1.7276676893234253,225.0,6.733500003814697,5400.0,129600.0,0.571327269077301,24.0,0.7403106689453125,0.922166645526886,0.07783333212137222,0.08496732264757156,0.057189542800188065,32.35,15
-0.2721115490739485,0.03552803745375198,-0.004480055060287859,-0.2766284652439755,-0.36955199448592324,-0.1024344162235796,-8.943806258613638,0.3656932407584612,0.012406931416954968,0.001506153124244697,-0.0004124055546107016,0.0,0.08254305624033478,-0.1666563307420268,-0.2827183106044123,-0.3194331455424623,-0.10390808370458571,-0.1842991552425042,-0.39986010452944515,-0.4389106924734813,-0.10891509880734823,-0.40398850743224934,-0.24051024977108057,0.035494300286261576,-0.2436821299690732,-0.5619624835910083,-0.4959918465202785,0.06991139465260025,0.25695442666099055,0.0934874952902089,15.0,56.0,44.0,360.0,0.4489000141620636,0.75,29.479999542236328,60.0,161.60400390625,275.88970947265625,1.2727272510528564,1.0,0.007499999832361937,2.0833332538604736,0.2015112042427063,2.2276675701141357,5.886104106903076,161.60400390625,1.7276676893234253,225.0,6.733500003814697,5400.0,129600.0,0.571327269077301,24.0,0.7403106689453125,0.922166645526886,0.07783333212137222,0.08496732264757156,0.009803921915590763,34.62,15
-0.30724443539534435,-0.01114609301520912,-0.012894534311955693,-0.3189651983293996,-0.3135551719204774,0.03817919233777237,-12.233640417303246,0.03794151976557547,0.061153956571848314,-0.08427880326919653,-0.06290269450452311,0.0,0.037497139279355746,-0.26941351021474774,-0.057729599506781,-0.40596464292241813,0.0175029207914692,-0.18638929018928757,-0.41418807730430557,-0.5686128464977244,-0.1938432150099093,-0.45743938849058624,-0.26637700174490075,-0.06152683622633371,-0.20816023178221546,-0.3328024752938141,0.16551057460937738,-0.13226339208816223,-0.41436068608813015,-0.16324562830069717,15.0,56.0,44.0,360.0,0.4489000141620636,0.949999988079071,22.18000030517578,165.0,161.60400390625,275.88970947265625,1.2727272510528564,1.0,0.009499999694526196,2.6388888359069824,0.2015112042427063,2.2276675701141357,5.886104106903076,161.60400390625,1.7276676893234253,225.0,6.733500003814697,5400.0,129600.0,0.571327269077301,24.0,0.7403106689453125,1.0181818008422852,-0.05000000074505806,0.3104575276374817,0.057189542800188065,24.21,15
-0.30760788061474875,0.02811243481566383,0.025265133072853965,-0.2997356056076581,-0.3311656543931577,0.25374737854884805,-12.531650060583951,0.20717055337802834,0.05061605498427537,-0.06217590203257606,-0.0018912818494971843,0.0,0.3317278423698324,-0.2501159581953795,-0.061718251258616776,-0.426927334259233,0.02307763867922119,-0.16332527650550668,-0.3555705969248915,-0.5592439225474863,-0.19590980391390383,-0.3029087326496867,-0.2591656807086896,-0.094425465139406,-0.25369642136754245,-0.32636824585107643,-0.34292972113184583,-0.05867633162370662,-0.3686765434527745,-0.012623772002993269,15.0,56.0,44.0,360.0,0.4489000141620636,1.0,22.18000030517578,168.0,161.60400390625,275.88970947265625,1.2727272510528564,1.0,0.009999999776482582,2.777777671813965,0.2015112042427063,2.2276675701141357,5.886104106903076,161.60400390625,1.7276676893234253,225.0,6.733500003814697,5400.0,129600.0,0.571327269077301,24.0,0.7403106689453125,0.9226190447807312,0.21666666865348816,0.3104575276374817,0.057189542800188065,26.8,15
-0.30724443539534435,-0.02614589942914058,-0.009548457972190462,-0.319059187370156,-0.32500476839384873,0.06557846364359254,-12.3116746593581,0.2262006853583381,0.0031756162490881126,-0.21192318096457438,-0.05724563784465124,0.0,0.0342486268089668,-0.11150931996510235,-0.05784128293194478,-0.3978245673305671,0.013550879852292525,-0.12898540905632497,-0.3967409926415684,-0.5701582632666456,-0.24665379853840538,-0.23556200102184222,-0.3021053785868629,-0.048501981879017185,-0.21779155421865917,-0.3757637819995034,0.14659062608396956,0.23357790850362858,-0.3902016709230301,-0.004288325868862269,15.0,56.0,44.0,360.0,0.4489000141620636,0.949999988079071,22.18000030517578,149.0,161.60400390625,275.88970947265625,1.2727272510528564,1.0,0.009499999694526196,2.6388888359069824,0.2015112042427063,2.2276675701141357,5.886104106903076,161.60400390625,1.7276676893234253,225.0,6.733500003814697,5400.0,129600.0,0.571327269077301,24.0,0.7403106689453125,1.1610738039016724,-0.4000000059604645,0.3104575276374817,0.14869281649589539,29.92,15
-0.30724443539534435,-0.01114609301520912,-0.015966825566009094,-0.32276970344129835,-0.3504578954865352,0.05557897427466914,-12.551357240306658,0.13520877368307635,0.07418770443554558,-0.0546062358541653,-0.013489642860989576,0.0,0.03956585853786972,-0.32109196861351336,-0.05570565453847938,-0.3736675345140365,0.012630609595548401,-0.20027021465642983,-0.3985494560177351,-0.5769811758468469,-0.16544051744386556,-0.2939264334260653,-0.26637700174490075,-0.011511754776932894,-0.14948387644446182,-0.5903408509261765,0.18968293671058312,-0.015723386328505937,0.3096001657628441,0.11376261668913286,15.0,56.0,44.0,360.0,0.4489000141620636,0.949999988079071,24.65999984741211,156.0,161.60400390625,275.88970947265625,1.2727272510528564,1.0,0.009499999694526196,2.6388888359069824,0.2015112042427063,2.2276675701141357,5.886104106903076,161.60400390625,1.7276676893234253,225.0,6.733500003814697,5400.0,129600.0,0.571327269077301,24.0,0.7403106689453125,0.9743589758872986,0.06666667014360428,0.20261438190937042,0.057189542800188065,34.49,15
-0.2989491613527878,0.01359488507741123,0.025692862273323156,-0.30137721982022714,-0.3272575511496186,0.028213891689065313,-12.881041951220613,-0.021730644383597238,-0.03674805213572428,-0.03113125732070569,-0.007905194503329044,0.0,0.01810767910921762,-0.461453662684409,-0.07299636819620386,-0.4025095727888028,-0.01458934031165971,-0.1795452931607027,-0.39521274167221443,-0.5781249819520199,-0.12349078926552241,-0.3776320998568554,-0.2884803492253235,-0.002852221171338101,-0.2009698188563281,-0.6095911450600314,-0.07284078558883011,-0.1774015684865476,0.42594519061479585,-0.3151788157483634,15.0,56.0,44.0,360.0,0.4489000141620636,0.949999988079071,22.719999313354492,172.0,161.60400390625,275.88970947265625,1.2727272510528564,1.0,0.009499999694526196,2.6388888359069824,0.2015112042427063,2.2276675701141357,5.886104106903076,161.60400390625,1.7276676893234253,225.0,6.733500003814697,5400.0,129600.0,0.571327269077301,24.0,0.7403106689453125,0.8488371968269348,0.4333333373069763,0.20261438190937042,0.14869281649589539,31.21,15
-0.29719295852135236,0.019233295967520672,-0.03883056479574899,-0.3866508983262386,-0.29203407042151397,0.03600331851058647,-7.285515150264529,0.19315012038864512,0.015331527380336666,0.0007485679648540809,-0.06290269450452311,0.0,0.08569499112907056,-0.20101309684767682,-0.38929722433450537,-0.3117898979565289,-0.07504453406445201,-0.16398149112390073,-0.4419992532378026,-0.46271963327702553,-0.21502173977257444,-0.4932272347707541,-0.2500711940587385,-0.041104743118478275,-0.2488601679241724,-0.3194363621355757,0.1516024433100849,-0.07037796865876321,-0.3992489430683165,-0.23679559455920968,15.0,56.0,44.0,360.0,0.4489000141620636,0.949999988079071,30.09000015258789,165.0,161.60400390625,275.88970947265625,1.2727272510528564,1.0,0.009499999694526196,2.6388888359069824,0.2015112042427063,2.2276675701141357,5.886104106903076,161.60400390625,1.7276676893234253,225.0,6.733500003814697,5400.0,129600.0,0.571327269077301,24.0,0.7403106689453125,1.0181818008422852,-0.05000000074505806,0.3104575276374817,0.057189542800188065,36.27,15
-0.30724443539534435,-0.02151037665720457,0.02091235295305236,-0.32286724995127525,-0.371007177387969,0.05751683867558031,-12.483812652279363,-0.19357101136998367,-0.026407935320725592,-0.12023985957608348,-0.013489642860989576,0.0,-0.011540346307681816,-0.4169164084836509,-0.04740115314624638,-0.3930410806926434,-0.06669754463568565,-0.2340340678550701,-0.399412621177156,-0.5785731357984998,0.01403490687879601,-0.4262882616072949,-0.3051830865806018,-0.06024841005019484,-0.114385473805201,-0.5801645156250951,0.15308102971596957,-0.1331811953547688,0.009745464120068912,-0.5266505460780408,15.0,56.0,44.0,360.0,0.4489000141620636,0.949999988079071,24.65999984741211,156.0,161.60400390625,275.88970947265625,1.2727272510528564,1.0,0.009499999694526196,2.6388888359069824,0.2015112042427063,2.2276675701141357,5.886104106903076,161.60400390625,1.7276676893234253,225.0,6.733500003814697,5400.0,129600.0,0.571327269077301,24.0,0.7403106689453125,0.9743589758872986,0.06666667014360428,0.08496732264757156,0.23366013169288635,34.49,15
-0.29719295852135236,0.054475034897892204,0.021649777098244685,-0.2800590857804727,-0.3580137937423061,0.05918701056952971,-9.099736731728635,0.4202191265528669,0.11724484298695727,-0.03957738129225587,-0.008315464964426596,0.0,0.030393707450226813,-0.44860320062145287,-0.3814194196369523,-0.323049738812063,-0.14523595905496023,-0.15457960097566112,-0.4234051918400851,-0.48236929180132043,-0.06828296374720803,-0.39482370779104853,-0.25020249170074604,0.06722474225371836,-0.23455587687575852,-0.5598121928877431,-0.43253152966388253,0.026606882420851092,0.07641749204233614,0.17113173330552933,15.0,56.0,44.0,360.0,0.4489000141620636,0.949999988079071,29.75,60.0,161.60400390625,275.88970947265625,1.2727272510528564,1.0,0.009499999694526196,2.6388888359069824,0.2015112042427063,2.2276675701141357,5.886104106903076,161.60400390625,1.7276676893234253,225.0,6.733500003814697,5400.0,129600.0,0.571327269077301,24.0,0.7403106689453125,0.922166645526886,0.07783333212137222,0.08496732264757156,0.057189542800188065,35.72,15
-0.27324572106479655,0.03127866947991649,0.03349781545942128,-0.3004465611867361,-0.3389445100549602,-0.01100282252035224,-10.661740891051878,-0.06087101763665892,-0.07205450016811582,-0.04545102991462852,0.022999216015918443,0.0,0.09520979420311916,-0.41376279752063444,-0.06193892391670087,-0.3788170980122824,-0.019452305590788116,-0.3645859007914936,-0.3721206170982155,-0.5281836993714368,-0.36279841421689896,-0.2525920663017171,-0.278099149659872,-0.06144758579627327,-0.21172873766152334,-0.36656666044263414,0.3272231628997118,0.2593435382421037,-0.5829854924030871,-0.25053184810772705,15.0,56.0,44.0,360.0,0.4489000141620636,0.800000011920929,25.850000381469727,195.0,161.60400390625,275.88970947265625,1.2727272510528564,1.0,0.00800000037997961,2.222222328186035,0.2015112042427063,2.2276675701141357,5.886104106903076,161.60400390625,1.7276676893234253,225.0,6.733500003814697,5400.0,129600.0,0.571327269077301,24.0,0.7403106689453125,0.7435897588729858,0.8333333134651184,0.3104575276374817,0.022875817492604256,31.19,15
-0.27324572106479655,0.03824765814770775,0.0694345277062177,-0.2169707171422725,-0.35430754943114506,-0.04665519886975034,-6.033023367760559,-0.12079826403018037,-0.11326207339167257,-0.032596931310776844,0.005715965913357791,0.0,0.14374662829570695,-0.2912707316167767,-0.4396227629329358,-0.3572069755162492,-0.09139110797286643,-0.34105423943709073,-0.3798184195700481,-0.41486591814412194,-0.15718227783920327,-0.39998685578565524,-0.25670546308355313,-0.23603839111126731,-0.2762090952314396,-0.3827275623768169,0.4443416147800175,-0.18303924039094013,-0.5427160233789046,0.34845843269912286,15.0,56.0,44.0,360.0,0.4489000141620636,0.800000011920929,28.59000015258789,200.0,161.60400390625,275.88970947265625,1.2727272510528564,1.0,0.00800000037997961,2.222222328186035,0.2015112042427063,2.2276675701141357,5.886104106903076,161.60400390625,1.7276676893234253,225.0,6.733500003814697,5400.0,129600.0,0.571327269077301,24.0,0.7403106689453125,0.7250000238418579,0.9166666865348816,0.3104575276374817,0.33169934153556824,35.35,15
-0.2989491613527878,0.05356410177065562,0.02600827955104244,-0.3202884620978765,-0.2889445032726118,0.012666315476467217,-12.302992261653655,-0.15023537506076406,0.07002898663305222,-0.062287988329210606,-0.011264698434957412,0.0,0.041375141396907164,-0.3005221921377907,-0.05875250740094272,-0.41054353375248814,-0.011818747356266507,-0.14994138579037342,-0.3796434899368138,-0.5654726503068942,-0.4953087536021743,-0.314105881900656,-0.3111476741284341,-0.048505923052789224,-0.259233232198012,-0.3261903711605963,-0.5018921779303072,-0.07731177347620832,-0.6832061013076317,-0.20331472473375828,15.0,56.0,44.0,360.0,0.4489000141620636,0.949999988079071,22.18000030517578,195.0,161.60400390625,275.88970947265625,1.2727272510528564,1.0,0.009499999694526196,2.6388888359069824,0.2015112042427063,2.2276675701141357,5.886104106903076,161.60400390625,1.7276676893234253,225.0,6.733500003814697,5400.0,129600.0,0.571327269077301,24.0,0.7403106689453125,0.8717948794364929,0.4166666567325592,0.3104575276374817,0.057189542800188065,25.72,15
-0.29651741722555097,0.029669956866757136,0.024904962819749892,-0.2782694809306565,-0.3584694266976502,0.019350188588838628,-8.657532326958263,0.2701246823118444,-0.06536662363746878,-0.02420740986151582,-0.007905194503329044,0.0,-0.06758372114746572,-0.35116011745932335,-0.3653551667962552,-0.37189475699003127,-0.19033058529538757,-0.3366845675604214,-0.4320846328054275,-0.4768018965063095,-0.03674612565525567,-0.4582178205961362,-0.23593955222179314,-0.13988908125229305,-0.24206967349141054,-0.6001558070058842,-0.13814455776125148,-0.0905866577364846,0.1698545501686091,-0.37046867308072484,15.0,56.0,44.0,360.0,0.4489000141620636,0.8500000238418579,29.1200008392334,190.0,161.60400390625,275.88970947265625,1.2727272510528564,1.0,0.008500000461935997,2.3611111640930176,0.2015112042427063,2.2276675701141357,5.886104106903076,161.60400390625,1.7276676893234253,225.0,6.733500003814697,5400.0,129600.0,0.571327269077301,24.0,0.7403106689453125,0.7894737124443054,0.6666666865348816,0.08496732264757156,0.23366013169288635,31.67,15
-0.29668109853149066,0.03342651541133314,-0.01655173501674666,-0.28386148271620504,-0.28640417771788734,-0.013743977399145457,-7.458130061331723,-0.13363466851602165,-0.07437338510368444,-0.02648040030569279,-0.011264698434957412,0.0,-0.11740997054169879,-0.3669130768392341,-0.4510089481397234,-0.40511514332291454,-0.01719784422300064,-0.31745050502187594,-0.396202823152413,-0.470038375151527,-0.1529357618337029,-0.40275247691394495,-0.2708747875558468,-0.14295269696622448,-0.3145299885623898,-0.3703062549956526,0.3004336973552491,-0.012242058388476713,-0.6608928500091027,-0.33372944088460216,15.0,56.0,44.0,360.0,0.4489000141620636,0.8500000238418579,27.049999237060547,200.0,161.60400390625,275.88970947265625,1.2727272510528564,1.0,0.008500000461935997,2.3611111640930176,0.2015112042427063,2.2276675701141357,5.886104106903076,161.60400390625,1.7276676893234253,225.0,6.733500003814697,5400.0,129600.0,0.571327269077301,24.0,0.7403106689453125,0.7749999761581421,0.75,0.3104575276374817,0.23366013169288635,31.18,15
-0.2989491613527878,0.04185571265516359,0.07940114012759218,-0.31036095828735877,-0.35533994367575833,-0.041039765873456036,-11.868102477827826,0.36472190709908026,-0.03736857169428394,-0.07257559943072016,-0.007905194503329044,0.0,-0.07306801868588345,-0.45365076101652857,-0.061016557187508265,-0.44400808666423164,-0.1040618200538081,-0.2792234412553393,-0.39496386406861117,-0.5792360159114883,-0.20314288660004987,-0.38307123349655475,-0.2553414436478691,-0.09401423778497699,-0.1461452284785585,-0.5974442182595389,-0.1273290966464675,0.1869744338141129,0.18404195534030782,-0.5972254596489558,15.0,56.0,44.0,360.0,0.4489000141620636,0.8999999761581421,22.18000030517578,190.0,161.60400390625,275.88970947265625,1.2727272510528564,1.0,0.008999999612569809,2.5,0.2015112042427063,2.2276675701141357,5.886104106903076,161.60400390625,1.7276676893234253,225.0,6.733500003814697,5400.0,129600.0,0.571327269077301,24.0,0.7403106689453125,0.8157894611358643,0.5833333134651184,0.08496732264757156,0.23366013169288635,29.4,15
-0.30724443539534435,0.049912823679750036,0.028218516686883747,-0.30251339901717267,-0.30003516195949015,-0.041663176156749096,-12.501995672565783,0.2027846915464533,-0.018315439367137965,-0.09256556799935323,-0.011264698434957412,0.0,-0.04580829038212491,-0.29185462521853894,-0.05739906950731492,-0.42110868677253377,-0.011870959249365692,-0.17450986729896584,-0.37830983714563454,-0.569748420597207,-0.4471604811830456,-0.3882353481463685,-0.2899499703788542,-0.12529560030240813,-0.251131948654013,-0.33954141837620183,-0.3974146686361578,-0.15035538685694497,-0.4395099110759109,-0.4755826445083728,15.0,56.0,44.0,360.0,0.4489000141620636,0.8999999761581421,22.18000030517578,190.0,161.60400390625,275.88970947265625,1.2727272510528564,1.0,0.008999999612569809,2.5,0.2015112042427063,2.2276675701141357,5.886104106903076,161.60400390625,1.7276676893234253,225.0,6.733500003814697,5400.0,129600.0,0.571327269077301,24.0,0.7403106689453125,0.8947368264198303,0.3333333432674408,0.3104575276374817,0.23366013169288635,23.3,15
-0.27308203975885686,0.028812864986349884,0.0496055643239348,-0.22326086273561663,-0.3491873835423432,-0.055888012537506235,-6.1760504946084,-0.14505724470809023,-0.11842201141158964,-0.03651937596356007,0.004236818905181779,0.0,0.12370016681412892,-0.2759319604003526,-0.44193646158590577,-0.358446674448616,-0.09289104838416154,-0.2923426780075135,-0.36764049509531815,-0.41486591814412194,-0.3236327450295632,-0.4236738901073076,-0.3045451872797619,-0.24229070640932812,-0.2766683542765927,-0.3906513492645578,0.04758900887178868,-0.15720545369186076,-0.6000703710537072,0.42220128117743616,15.0,56.0,44.0,360.0,0.4489000141620636,0.800000011920929,28.59000015258789,200.0,161.60400390625,275.88970947265625,1.2727272510528564,1.0,0.00800000037997961,2.222222328186035,0.2015112042427063,2.2276675701141357,5.886104106903076,161.60400390625,1.7276676893234253,225.0,6.733500003814697,5400.0,129600.0,0.571327269077301,24.0,0.7403106689453125,0.8500000238418579,0.5,0.3104575276374817,0.33169934153556824,35.35,15
-0.27324572106479655,0.03824765814770775,0.04532763299487871,-0.2169707171422725,-0.35430754943114506,-0.04505775272621316,-5.976102528957377,-0.17234872061509263,-0.11610587312748018,-0.016528362193064527,0.004236818905181779,0.0,0.14905594648078527,-0.28178805331773576,-0.4396227629329358,-0.3572069755162492,-0.09139110797286643,-0.34941739544448286,-0.3798184195700481,-0.41486591814412194,-0.1930934243533569,-0.38624762590648143,-0.25670546308355313,-0.24024772124412921,-0.28559677488571467,-0.38752102993339005,0.08792205074454837,-0.21487162045672828,-0.5464225324980092,0.3470930023817194,15.0,56.0,44.0,360.0,0.4489000141620636,0.800000011920929,28.59000015258789,200.0,161.60400390625,275.88970947265625,1.2727272510528564,1.0,0.00800000037997961,2.222222328186035,0.2015112042427063,2.2276675701141357,5.886104106903076,161.60400390625,1.7276676893234253,225.0,6.733500003814697,5400.0,129600.0,0.571327269077301,24.0,0.7403106689453125,0.7749999761581421,0.75,0.3104575276374817,0.33169934153556824,35.35,15
-0.30724443539534435,-0.09059196873004138,0.017025648018240302,-0.2959538799791784,-0.3564844618351394,-0.026585530625867132,-12.654413461294505,0.010032838424553044,0.01675781199644721,-0.04067666581496145,-0.05121354716319554,0.0,-0.019609259948638987,-0.3572335547611989,-0.04877714647505392,-0.3782565828764918,-0.007469824794025676,-0.20990008359657944,-0.43397092907789336,-0.5841493628138529,-0.1585748821022742,-0.388697721909725,-0.2954778451062245,-0.1874210753237427,-0.13021687711319066,-0.5998682501333308,0.2658287002078633,-0.02611276001776365,0.2597819848369867,-0.14967458410874226,15.0,57.0,43.0,360.0,0.4489000141620636,0.8999999761581421,22.18000030517578,160.0,161.60400390625,275.88970947265625,1.325581431388855,1.0,0.008999999612569809,2.5,0.2015112042427063,2.2276675701141357,5.886104106903076,161.60400390625,1.7276676893234253,225.0,6.733500003814697,5400.0,129600.0,0.595053493976593,24.0,0.7403106689453125,1.0,0.0,0.17483660578727722,0.14869281649589539,27.3,15
-0.29755640374075676,-0.007009508583645926,0.04293875958539469,-0.2736189523807152,-0.3468771146816347,0.2589397464534776,-8.568666092798122,0.4064366174706323,0.04392137414440931,0.04225696008723422,-0.004700871970865391,0.0,0.3330718263764989,-0.24232270237042222,-0.413010956950461,-0.3128506914765496,-0.061929302415600095,-0.18341394626319446,-0.38719935703235914,-0.46990574222094716,-0.21039566589883804,-0.31342276358043736,-0.2412437476484399,-0.0777048257541225,-0.2951941975791542,-0.5742769587124352,-0.45990850198112965,-0.07801144428390526,0.2528700679029576,0.10748054041486901,15.0,57.0,43.0,360.0,0.4489000141620636,1.0,29.200000762939453,165.0,161.60400390625,275.88970947265625,1.325581431388855,1.0,0.009999999776482582,2.777777671813965,0.2015112042427063,2.2276675701141357,5.886104106903076,161.60400390625,1.7276676893234253,225.0,6.733500003814697,5400.0,129600.0,0.595053493976593,24.0,0.7403106689453125,0.9090909361839294,0.25,0.20261438190937042,0.06209150329232216,36.6,15
-0.29755640374075676,-0.044280300171198314,-0.008246988454915926,-0.29016806640673815,-0.37225062355669686,0.21282232557410338,-8.123454606628162,0.30465488360724496,0.009418556544253097,0.033580904040705725,-0.015859024900443202,0.0,0.38332405146095394,-0.29466747069628185,-0.37851358993679085,-0.31200511395955116,-0.07086774419464965,-0.1602520685374845,-0.40310723866821624,-0.46881614232017027,-0.1856298876664023,-0.32336357175276254,-0.24595491127302385,-0.1328790711927261,-0.2803158468099398,-0.5687737540323592,-0.3447693018431238,0.04967495745184237,0.2823657537426531,0.002069948917378969,15.0,57.0,43.0,360.0,0.4489000141620636,1.0,31.299999237060547,160.0,161.60400390625,275.88970947265625,1.325581431388855,1.0,0.009999999776482582,2.777777671813965,0.2015112042427063,2.2276675701141357,5.886104106903076,161.60400390625,1.7276676893234253,225.0,6.733500003814697,5400.0,129600.0,0.595053493976593,24.0,0.7403106689453125,0.96875,0.0833333358168602,0.20261438190937042,0.057189542800188065,37.0,15
-0.29719295852135236,-0.10054359381150738,0.02640110164056137,-0.2767843391259475,-0.3247083444474315,-0.034392399876601795,-8.64815671488622,0.19188386201492827,-0.024783966879830335,0.05511732882402528,-0.007905194503329044,0.0,-0.0002425963792471661,-0.359895488155738,-0.4905663477946431,-0.3955679982152861,0.03128090938489104,-0.20314166022578403,-0.37399397719569677,-0.47780033272500966,-0.22378896877164764,-0.4413342541561059,-0.2829983377303168,-0.10209440977859136,-0.24382982596307803,-0.5855609206730581,-0.4588019984827294,-0.2503142588313961,0.32083768410190494,-0.09865504821917366,15.0,57.0,43.0,360.0,0.4489000141620636,0.8999999761581421,26.299999237060547,165.0,161.60400390625,275.88970947265625,1.325581431388855,1.0,0.008999999612569809,2.5,0.2015112042427063,2.2276675701141357,5.886104106903076,161.60400390625,1.7276676893234253,225.0,6.733500003814697,5400.0,129600.0,0.595053493976593,24.0,0.7403106689453125,0.939393937587738,0.1666666716337204,0.20261438190937042,0.14869281649589539,34.1,15
-0.2821630259479405,-0.06222946632868484,0.06637185810069346,-0.31252206237207336,-0.438465806087535,-0.04410065821751798,-12.746679526720328,0.07142873464919645,-0.10818093557240029,-0.06942031763358295,0.00815063505533999,0.0,0.1441814697122216,-0.24251614588506595,-0.055511994290268686,-0.4485771995744576,-0.009641303480340537,-0.35416322845294285,-0.3749572392912038,-0.5483565261702841,-0.1454320442016242,-0.39345597119100567,-0.2875545379963908,-0.2768018800821029,-0.18636368889856922,-0.6922589038520435,-0.3728343653968956,-0.1901383761793397,0.32244963862703685,0.5137623012542489,15.0,57.0,43.0,360.0,0.4489000141620636,0.800000011920929,23.5,170.0,161.60400390625,275.88970947265625,1.325581431388855,1.0,0.00800000037997961,2.222222328186035,0.2015112042427063,2.2276675701141357,5.886104106903076,161.60400390625,1.7276676893234253,225.0,6.733500003814697,5400.0,129600.0,0.595053493976593,24.0,0.7403106689453125,0.9411764740943909,0.1666666716337204,0.20261438190937042,0.33169934153556824,30.8,15
-0.30760788061474875,-0.03864873408669458,0.024365469377676485,-0.30375740420890474,-0.3436309785953261,0.2301313899495503,-12.70856568612142,0.16685181118412706,-0.008602816924234926,-0.050178401638402405,-0.0018912818494971843,0.0,0.32280823641731626,-0.30831831328376863,-0.06843349735710247,-0.4263552387509214,0.02307763867922119,-0.18614346104154167,-0.36278455933227577,-0.5607893393164076,-0.21947256038972976,-0.3828527657962765,-0.2950648980758565,-0.2973933205119273,-0.26731113183642435,-0.328520669255463,-0.28707935964920256,-0.0953169279243449,-0.3112161472813298,-0.2668608047618769,15.0,57.0,43.0,360.0,0.4489000141620636,1.0,22.600000381469727,170.0,161.60400390625,275.88970947265625,1.325581431388855,1.0,0.009999999776482582,2.777777671813965,0.2015112042427063,2.2276675701141357,5.886104106903076,161.60400390625,1.7276676893234253,225.0,6.733500003814697,5400.0,129600.0,0.595053493976593,24.0,0.7403106689453125,0.9411764740943909,0.1666666716337204,0.3104575276374817,0.14869281649589539,29.2,15
-0.30724443539534435,0.02210546239353701,0.0843150706973909,-0.3336772535023574,-0.31334838706173046,-0.02393432239228943,-12.667192509110464,-0.018818868452223303,-0.02033796227674943,-0.10493549378876557,-0.003666240504634116,0.0,-0.04573321505901199,-0.3068024082265619,-0.05099538065408787,-0.44423251691475746,0.001024903065143135,-0.24614579614294904,-0.3839866356290201,-0.5680753047077458,-0.3423567542509683,-0.39114832695815116,-0.28466100714845494,-0.12428032312404198,-0.25120221470044124,-0.36291421439172455,-0.3668881422704704,-0.15061139668310142,-0.27069517358284867,0.5698004125755736,15.0,56.0,44.0,360.0,0.4489000141620636,0.8999999761581421,22.18000030517578,175.0,161.60400390625,275.88970947265625,1.2727272510528564,1.0,0.008999999612569809,2.5,0.2015112042427063,2.2276675701141357,5.886104106903076,161.60400390625,1.7276676893234253,225.0,6.733500003814697,5400.0,129600.0,0.571327269077301,24.0,0.7403106689453125,0.9142857193946838,0.25,0.3104575276374817,0.33169934153556824,28.2,15
-0.26193874047892646,-0.036052683452818785,-0.07370775113727263,-0.285655790538909,-0.3004096025022049,-0.028844851821435633,-5.658227481816749,0.46741241856238885,0.03320155246868906,-0.015551353568264044,-0.06817330860743868,0.0,-0.017024028072013194,-0.30942043860334556,-0.4511055198689164,-0.36234232155856283,-0.07472426550383342,-0.13633760815836016,-0.4600466626086575,-0.46533666402880314,-0.22061589392879874,-0.30734911821157407,-0.25160075488368716,-0.10852430391097323,-0.2691395928121769,-0.3201720229420827,-0.24644255360924758,-0.09848561543378184,-0.45572553158142093,-0.06348359600956081,15.0,58.0,42.0,360.0,0.4489000141620636,0.8999999761581421,32.79999923706055,140.0,161.60400390625,275.88970947265625,1.3809523582458496,1.0,0.008999999612569809,2.5,0.2015112042427063,2.2276675701141357,5.886104106903076,161.60400390625,1.7276676893234253,225.0,6.733500003814697,5400.0,129600.0,0.6199095249176025,24.0,0.7403106689453125,0.8928571343421936,0.25,0.3104575276374817,0.057189542800188065,33.3,15
-0.27163136853228803,-0.09434597822751656,-0.0970614972884278,-0.268354076818754,-0.3539570588615699,-0.14050855744724772,-10.68320596973808,0.39077873937287466,-0.041542621135326224,-0.06450633276672288,-0.06149016938310276,0.0,-0.01037121597152374,-0.3282414110217975,-0.4445809877963937,-0.45686293678875683,0.02958189794601933,-0.304324709554469,-0.3885337679133766,-0.5350707416066584,-0.4908908287958414,-0.39681448006264275,-0.24943454610119606,-0.155653982234074,-0.22573192686684815,-0.38587755742063706,-0.3083728925105805,-0.12861874115499852,-0.48422456841818645,0.14963123859427246,15.0,58.0,42.0,360.0,0.4489000141620636,0.800000011920929,26.200000762939453,140.0,161.60400390625,275.88970947265625,1.3809523582458496,1.0,0.00800000037997961,2.222222328186035,0.2015112042427063,2.2276675701141357,5.886104106903076,161.60400390625,1.7276676893234253,225.0,6.733500003814697,5400.0,129600.0,0.6199095249176025,24.0,0.7403106689453125,0.8928571343421936,0.25,0.3104575276374817,0.06209150329232216,28.4,15
-0.2970762231990962,-0.02145453943741093,-0.004826132780466807,-0.3248091484213156,-0.37275663410821624,0.27184144949560307,-8.415532071344753,0.5408734415285218,0.040063651507894635,-0.026229585338578377,-0.0060200986147957315,0.0,0.5006908620727962,-0.42322569624112694,-0.4213583753666371,-0.36058173398212556,-0.06851590486168567,-0.16705329806446215,-0.40216181805227913,-0.4535308984203385,-0.23374313170252575,-0.44572119967433027,-0.2829108153114989,-0.22114413290472482,-0.30641184030856694,-0.5984304894903524,-0.33096437899561326,-0.20817164293255783,0.3055334416412899,-0.21871672499582712,15.0,60.0,40.0,360.0,0.4489000141620636,1.0089000463485718,28.84000015258789,140.0,161.60400390625,275.88970947265625,1.5,1.0,0.010088999755680561,2.802500009536743,0.2015112042427063,2.2276675701141357,5.886104106903076,161.60400390625,1.7276676893234253,225.0,6.733500003814697,5400.0,129600.0,0.6733499765396118,24.0,0.7403106689453125,0.8928571343421936,0.25,0.20261438190937042,0.23366013169288635,29.6,15
-0.2970762231990962,-0.0693878342945031,-0.07417214162887657,-0.31101161004542194,-0.3847652477839203,0.2980197232214419,-11.843173709061958,0.21938042829447252,0.09854723106641443,-0.024874765830479116,-0.06282940232882663,0.0,0.4500619742747037,-0.46261860414914496,-0.016765522476005303,-0.36454328137989817,0.02334299933415519,-0.17022802884785007,-0.3486898865788127,-0.5636015420068418,-0.21356265319034634,-0.31953817288340697,-0.2572104983034966,-0.21160373223763282,-0.27841534889011677,-0.5490541058022902,-0.29490453527325217,-0.15516870952984757,0.4963416257228445,0.08203343765510158,15.0,58.0,42.0,360.0,0.4489000141620636,1.0089000463485718,25.780000686645508,140.0,161.60400390625,275.88970947265625,1.3809523582458496,1.0,0.010088999755680561,2.802500009536743,0.2015112042427063,2.2276675701141357,5.886104106903076,161.60400390625,1.7276676893234253,225.0,6.733500003814697,5400.0,129600.0,0.6199095249176025,24.0,0.7403106689453125,0.8928571343421936,0.25,0.20261438190937042,0.0,26.48,15
-0.27163136853228803,-0.09827932698785827,-0.06284066736343333,-0.38546350963878195,-0.392902993500946,-0.11773084947430362,-11.207788512238952,0.15114975745715642,-0.11356388114114413,-0.12368859034252808,-0.05090255492309442,0.0,0.1308102316377521,-0.3282575176928786,-0.4824681325282168,-0.46543357897778104,-0.05456339187453366,-0.33186856927102115,-0.43469992668279284,-0.5541794007253854,-0.227292266151559,-0.2890787267336328,-0.2814675524153781,-0.17274179491865296,-0.12037105759126474,-0.7264118978046054,-0.06690251929855914,0.16503896479952154,0.23505570619510727,0.1377496443232687,20.0,58.0,42.0,360.0,0.4489000141620636,0.800000011920929,25.969999313354492,140.0,161.60400390625,275.88970947265625,1.3809523582458496,1.0,0.00800000037997961,2.222222328186035,0.2015112042427063,2.2276675701141357,5.886104106903076,161.60400390625,1.7276676893234253,400.0,8.977999687194824,7200.0,129600.0,0.6199095249176025,18.0,0.7403106689453125,1.1071428060531616,-0.25,0.17483660578727722,0.33169934153556824,38.21,20
-0.2970762231990962,-0.03856788148854381,-0.0675046068037021,-0.2711716935019907,-0.3116780684321848,0.19193622882612774,-8.42980920691841,0.29123173081655584,-0.03606479601782997,-0.0008236285945849277,-0.06001981220745844,0.0,0.29202549047173,-0.3768486583440169,-0.5062893570877427,-0.4120373385488382,0.03513345529595332,-0.1988243616102717,-0.3649978233665722,-0.45591464267373993,-0.2440798364415463,-0.42868154991655427,-0.2840643035763579,-0.2955216512794929,-0.3281338716129223,-0.3142429471848849,-0.3488719023821366,-0.1555880554772226,-0.31997430654322534,-0.05878945006041253,20.0,58.0,42.0,360.0,0.4489000141620636,1.0,26.299999237060547,170.0,161.60400390625,275.88970947265625,1.3809523582458496,1.0,0.009999999776482582,2.777777671813965,0.2015112042427063,2.2276675701141357,5.886104106903076,161.60400390625,1.7276676893234253,400.0,8.977999687194824,7200.0,129600.0,0.6199095249176025,18.0,0.7403106689453125,0.9117646813392639,0.25,0.3104575276374817,0.14869281649589539,35.2,20
-0.24205792575237148,-0.014342335143804551,-0.06253479746881165,-0.36906257331841646,-0.3436220074128832,0.0004295723858614139,-3.2245233161743796,-0.10546735875790596,0.04921279705736391,0.04070186004695867,-0.058475435753056734,0.0,-0.056303795163083155,-0.08588243187506239,-0.43746971240107246,-0.23775145056668862,-0.20434143694318857,-0.23315721011195822,-0.43300337993502225,-0.4592748345993105,-0.2752355722665882,-0.2519524562296841,-0.271973209399814,-0.2659534189162221,-0.18875021932392444,-0.5934144260418276,0.6272903063168734,0.6110049714771473,0.4104724278159663,0.4932658510146759,20.0,58.0,42.0,360.0,0.4489000141620636,0.8999999761581421,34.900001525878906,160.0,161.60400390625,275.88970947265625,1.3809523582458496,1.0,0.008999999612569809,2.5,0.2015112042427063,2.2276675701141357,5.886104106903076,161.60400390625,1.7276676893234253,400.0,8.977999687194824,7200.0,129600.0,0.6199095249176025,18.0,0.7403106689453125,1.0625,-0.1666666716337204,0.20261438190937042,0.33169934153556824,45.2,20
-0.2967127779796918,-0.04514214101929953,-0.07020620955715723,-0.2619866980651194,-0.3442795873260204,-0.02812164414632682,-8.004981880618846,0.37995184494332584,0.06098111778650475,0.03820931017318299,-0.06603372486129029,0.0,-0.012496442630976497,-0.3012646059087884,-0.38361008860548235,-0.3450766642414897,-0.10186089169688735,-0.17463417996734826,-0.4249328651569689,-0.47523639937805723,-0.3497859021226287,-0.3399591645908918,-0.23782024990271283,0.01776947045026514,-0.21633565477144573,-0.5849555918627055,-0.20327941121900273,-0.07201081956652905,0.31496545984905444,-0.1315558856865765,20.0,58.0,42.0,360.0,0.4489000141620636,0.8999999761581421,30.94099998474121,175.0,161.60400390625,275.88970947265625,1.3809523582458496,1.0,0.008999999612569809,2.5,0.2015112042427063,2.2276675701141357,5.886104106903076,161.60400390625,1.7276676893234253,400.0,8.977999687194824,7200.0,129600.0,0.6199095249176025,18.0,0.7403106689453125,0.8857142925262451,0.3333333432674408,0.20261438190937042,0.057189542800188065,36.166,20
-0.20313320514254596,-0.03940835829650404,-0.07377549069746593,-0.2610268504853419,-0.33251670596356747,0.012816914970354901,-4.298870051041599,0.4708886288525315,0.012839407777055391,-0.026877156845304923,-0.07301050636777937,0.0,0.005894842070258903,0.2700583160477639,-0.39625202209878885,-0.40376669502836415,-0.23073770297192303,-0.18904613638538714,-0.48583788758850366,-0.4194162349868504,-0.014854676366683632,-0.2979103019703085,-0.2928260163213487,-0.24795855616228107,-0.12688825356912936,-0.5778424686288332,0.21313676880119078,-0.046638991377815776,0.002060220655391168,0.005656875542479148,20.0,58.0,42.0,360.0,0.4489000141620636,0.699999988079071,34.534000396728516,75.0,161.60400390625,275.88970947265625,1.3809523582458496,1.0,0.007000000216066837,1.9444444179534912,0.2015112042427063,2.2276675701141357,5.886104106903076,161.60400390625,1.7276676893234253,400.0,8.977999687194824,7200.0,129600.0,0.6199095249176025,18.0,0.7403106689453125,0.7377333045005798,0.3278333246707916,0.08496732264757156,0.057189542800188065,40.192,20
-0.20456170283222244,-0.028487874029981715,-0.08733043732350587,-0.2780334306101115,-0.3878952928091238,-0.06994344714405674,-5.735850732892579,0.35754058229386637,0.002696022566584858,0.004673492101612042,-0.025836026174043313,0.0,-0.02547813296008267,0.352611524989514,-0.36483175511689636,-0.3079774122688084,-0.09778699406855326,-0.20015992189824508,-0.43673270702013506,-0.4389106924734813,-0.10910936232217236,-0.40166228807910087,-0.25139930461564963,-0.009711507007247731,-0.20160407465504668,-0.562008208750171,-0.40138610821968657,0.06742261921687266,0.20320550596052397,-0.07741925414894452,20.0,58.0,42.0,360.0,0.4489000141620636,0.699999988079071,32.29199981689453,60.0,161.60400390625,275.88970947265625,1.3809523582458496,1.0,0.007000000216066837,1.9444444179534912,0.2015112042427063,2.2276675701141357,5.886104106903076,161.60400390625,1.7276676893234253,400.0,8.977999687194824,7200.0,129600.0,0.6199095249176025,18.0,0.7403106689453125,0.922166645526886,0.07783333212137222,0.08496732264757156,0.009803921915590763,38.476,20
-0.2404699123238359,-0.061206915129545424,-0.07798101252280618,-0.2692423166759576,-0.38010319169885926,0.04564201989536777,-8.806965213028917,0.5118959198274521,-0.035491054217547204,0.010297274379095068,-0.07423042655325933,0.0,0.02089076787059325,0.3599088109245383,-0.33610744083589783,-0.37480042312108725,-0.13933993400808004,-0.1893168748926317,-0.44479490352773543,-0.44025601140372767,0.0022419620413330478,-0.3819618212597286,-0.23974477387382861,-0.03574543987666699,-0.19540712822810877,-0.574980669309117,0.13440281491898023,-0.0337779937102085,0.16828371898663141,0.15970672224072976,20.0,58.0,42.0,360.0,0.4489000141620636,0.699999988079071,29.679000854492188,75.0,161.60400390625,275.88970947265625,1.3809523582458496,1.0,0.007000000216066837,1.9444444179534912,0.2015112042427063,2.2276675701141357,5.886104106903076,161.60400390625,1.7276676893234253,400.0,8.977999687194824,7200.0,129600.0,0.6199095249176025,18.0,0.7403106689453125,0.7377333045005798,0.3278333246707916,0.08496732264757156,0.057189542800188065,37.365,20
-0.21782413893423427,-0.03888076240372007,-0.09662503117718892,-0.2654620551679824,-0.3485367323642561,0.07100126915510714,-6.882192643619792,0.5538589972989788,-0.02989262716950295,-0.01852457084959869,-0.03874509370085086,0.0,0.04349360219585446,0.31733509937425297,-0.35298958782564155,-0.36724819900711836,-0.08457710774529267,-0.21239031290548324,-0.42779597448021395,-0.43491775070806304,-0.44486561873576447,-0.40454124380948986,-0.23061720446427617,0.04858219242957951,-0.2893268815882981,-0.37330154184054176,-0.46695774892458825,0.07063582415432287,-0.3767736724341604,-0.037384706069952776,20.0,58.0,42.0,360.0,0.4489000141620636,0.699999988079071,31.361000061035156,60.0,161.60400390625,275.88970947265625,1.3809523582458496,1.0,0.007000000216066837,1.9444444179534912,0.2015112042427063,2.2276675701141357,5.886104106903076,161.60400390625,1.7276676893234253,400.0,8.977999687194824,7200.0,129600.0,0.6199095249176025,18.0,0.7403106689453125,0.922166645526886,0.07783333212137222,0.3104575276374817,0.057189542800188065,32.551,20
-0.24030623101789622,-0.09450450662138934,-0.11796406664973796,-0.2488587529742386,-0.34023259459248295,0.08640470972156705,-5.772091042380851,0.6677623809978577,-0.05969163774972237,-0.043980258632556245,-0.03269339470325682,0.0,0.02272035385790159,0.36494874141383965,-0.35108713167042,-0.397349586223547,0.017555091761199067,-0.23888341352893988,-0.3765120970285226,-0.4321674852550843,-0.30332818311722154,-0.3890833056969839,-0.2461651541187617,0.141279771868588,-0.23719736598361427,-0.3718820941090701,-0.13512860669446064,-0.008191078087861342,-0.32829804322556283,0.0961021597156355,20.0,58.0,42.0,360.0,0.4489000141620636,0.699999988079071,28.042999267578125,70.0,161.60400390625,275.88970947265625,1.3809523582458496,1.0,0.007000000216066837,1.9444444179534912,0.2015112042427063,2.2276675701141357,5.886104106903076,161.60400390625,1.7276676893234253,400.0,8.977999687194824,7200.0,129600.0,0.6199095249176025,18.0,0.7403106689453125,0.7904285788536072,0.24449999630451202,0.3104575276374817,0.057189542800188065,28.922,20
-0.24030623101789622,-0.095472898448228,-0.0997098352738336,-0.2594073718106678,-0.34023259459248295,0.08068748081911081,-7.583830138144847,0.4840250368477466,-0.061906427339746606,-0.05635334754787148,-0.07906907749306369,0.0,0.053935626354787214,0.4199833618451699,-0.36018746021320813,-0.36988146996096505,0.015225715039946595,-0.26572375082834365,-0.35449555546475076,-0.4280719008718592,-0.3753845737897442,-0.3869049177537475,-0.24620029145863195,-0.050592181713870865,-0.24180188670769223,-0.3297217870359329,0.16077735660011047,-0.185182816724581,-0.4731021514456774,-0.11383077885957643,20.0,58.0,42.0,360.0,0.4489000141620636,0.699999988079071,26.336999893188477,75.0,161.60400390625,275.88970947265625,1.3809523582458496,1.0,0.007000000216066837,1.9444444179534912,0.2015112042427063,2.2276675701141357,5.886104106903076,161.60400390625,1.7276676893234253,400.0,8.977999687194824,7200.0,129600.0,0.6199095249176025,18.0,0.7403106689453125,0.800000011920929,0.25,0.3104575276374817,0.009803921915590763,36.375,20
-0.24030623101789622,-0.0634566399389114,-0.07926083187895386,-0.26642673741445905,-0.40471716703899374,0.07391750267546884,-7.463221089790911,0.32351105234257765,-0.0482705654425623,-0.0034820524587282145,-0.07570957356143533,0.0,0.048813925080260674,0.3481904127086227,-0.322502306730576,-0.3751076100707447,-0.10195980367538533,-0.22774021511845877,-0.44479490352773543,-0.4388298343194856,0.005094181249587169,-0.39796224364009714,-0.24260481348049914,0.03459902800921352,-0.1710332883773137,-0.6099428792439844,-0.20938293038280734,-0.2026000505790596,0.09343367854672048,-0.2521568097522129,20.0,58.0,42.0,360.0,0.4489000141620636,0.699999988079071,30.59000015258789,75.0,161.60400390625,275.88970947265625,1.3809523582458496,1.0,0.007000000216066837,1.9444444179534912,0.2015112042427063,2.2276675701141357,5.886104106903076,161.60400390625,1.7276676893234253,400.0,8.977999687194824,7200.0,129600.0,0.6199095249176025,18.0,0.7403106689453125,0.800000011920929,0.25,0.08496732264757156,0.14869281649589539,37.59,20
-0.2413823844565701,-0.01181170362482111,-0.0472734656963948,-0.2604346950255205,-0.3296718641146216,0.018006704413743024,-3.934650522957078,-0.06171572153713861,-0.01073631815749401,-0.037058788929652385,-0.06481380467581033,0.0,-0.06630083302394255,-0.38987594096330996,-0.48580721732770527,-0.3746876945390659,-0.2729788902571582,-0.3186619926095051,-0.4756576096895251,-0.4638632181948783,-0.0545901911219499,-0.34594910713375926,-0.2934690850153751,-0.34157084099125395,-0.17629022686312915,-0.6642093333217887,-0.09818817218431342,0.08616266266010884,-0.054463245898173765,-0.519315196738228,20.0,58.0,42.0,360.0,0.4489000141620636,0.8500000238418579,33.93000030517578,200.0,161.60400390625,275.88970947265625,1.3809523582458496,1.0,0.008500000461935997,2.3611111640930176,0.2015112042427063,2.2276675701141357,5.886104106903076,161.60400390625,1.7276676893234253,400.0,8.977999687194824,7200.0,129600.0,0.6199095249176025,18.0,0.7403106689453125,0.824999988079071,0.5833333134651184,0.08496732264757156,0.23366013169288635,34.65,20
-0.29768326866460015,-0.03597177152009338,-0.08002598669260216,-0.26999587676695475,-0.29867175185739575,-0.0546225031750867,-5.363066190762867,-0.3774705404826777,0.02440994647099904,-0.011703940599020154,-0.06939322879291865,0.0,-0.03288283925210339,-0.325538141500941,-0.5049532665935996,-0.3409903591661536,-0.10833738754850547,-0.15034640932287485,-0.3693644317708859,-0.4702897027253064,-0.5268592016850032,-0.4223624714795342,-0.3201364729278661,-0.10099182845702247,-0.32582763886067706,-0.32374459249324966,-0.6540691706223262,-0.005074314422953432,-0.6175271065419271,-0.28911593856920276,20.0,58.0,42.0,360.0,0.4489000141620636,0.8999999761581421,28.65999984741211,200.0,161.60400390625,275.88970947265625,1.3809523582458496,1.0,0.008999999612569809,2.5,0.2015112042427063,2.2276675701141357,5.886104106903076,161.60400390625,1.7276676893234253,400.0,8.977999687194824,7200.0,129600.0,0.6199095249176025,18.0,0.7403106689453125,0.875,0.4166666567325592,0.3104575276374817,0.23366013169288635,34.22,20
-0.27308203975885686,-0.09287415878907329,-0.008808822311467608,-0.26404455915705877,-0.3534467075131261,-0.07728094342221162,-7.9077053636188674,0.09330781360994223,-0.13741078875394716,-0.015948434421508517,-0.003361639025141518,0.0,0.04855060428655312,-0.398844012132565,-0.40820782184445503,-0.4223413055395767,-0.0070244110473990625,-0.26763258506350374,-0.4006663055871383,-0.4353019751484703,-0.3174127180028972,-0.3582271246896799,-0.23767569420075071,-0.11892785254837662,-0.2415801557191691,-0.38301467605545697,0.05074177095103251,-0.1186270584659955,-0.47293775886937145,-0.07657878259133563,20.0,57.0,43.0,360.0,0.4489000141620636,0.800000011920929,27.299999237060547,170.0,161.60400390625,275.88970947265625,1.325581431388855,1.0,0.00800000037997961,2.222222328186035,0.2015112042427063,2.2276675701141357,5.886104106903076,161.60400390625,1.7276676893234253,400.0,8.977999687194824,7200.0,129600.0,0.595053493976593,18.0,0.7403106689453125,0.8235294222831726,0.5,0.3104575276374817,0.057189542800188065,36.8,20
-0.2721115490739485,-0.05602292587595576,0.0073468524845698,-0.27231437500076455,-0.37954375966265785,-0.09097831021586003,-7.350095933329776,0.28202763622395927,-0.08914423878980055,0.06374731118850419,-2.1350935131499204e-06,0.0,0.07277612889397644,-0.28470715973968325,-0.398560544837196,-0.3492622058780598,-0.12061829994969717,-0.2706014168003622,-0.41459264609606583,-0.44716110686887217,-0.2094374637144256,-0.3680873008756307,-0.23909765537656127,-0.07515595134600708,-0.20414234593908448,-0.6508256945888758,-0.24799011594769987,-0.0666214927157614,0.4129730319437261,-0.22124281827529796,20.0,57.0,43.0,360.0,0.4489000141620636,0.800000011920929,30.399999618530273,170.0,161.60400390625,275.88970947265625,1.325581431388855,1.0,0.00800000037997961,2.222222328186035,0.2015112042427063,2.2276675701141357,5.886104106903076,161.60400390625,1.7276676893234253,400.0,8.977999687194824,7200.0,129600.0,0.595053493976593,18.0,0.7403106689453125,0.8823529481887817,0.3333333432674408,0.17483660578727722,0.057189542800188065,36.7,20
-0.24626972289757687,0.011247936860866635,0.040411122228544795,-1.0067647659089385,0.041021446558939155,0.0013438678057630426,-2.6201723276077904,-0.13167734476622045,0.038427263872210606,0.1667784033775988,-0.005009922561857648,0.0,-0.05251310366069026,-0.07211792649926069,-0.11444314885594725,-0.03163416411595288,-0.1969906402090595,0.10573983974610418,0.04143545561380914,-0.941237644532854,-0.10228359622819541,-0.5214938506794501,-0.8422280192201038,0.25647792622597615,-0.3709622436827939,0.15014915556571604,-0.23771650488240226,-0.3741449144060326,-0.09727325283782853,0.4844980671271245,25.0,60.0,40.0,375.0,0.4000000059604645,1.0,38.599998474121094,190.0,150.0,269.047607421875,1.5,1.0,0.009999999776482582,2.6666667461395264,0.1599999964237213,2.5,5.926926136016846,150.0,2.0,625.0,10.0,9375.0,140625.0,0.6000000238418579,15.0,0.796875,0.7894737124443054,0.6666666865348816,0.34130436182022095,0.35217392444610596,46.2,25
-0.2178882492331022,0.006079614038544018,-0.16435181749291394,-0.9304918232476915,0.16542378954765163,-0.068523585369928,-3.770446071782702,0.10254189342750246,0.08984256691080794,-0.5257495166792258,-0.10513332523120762,0.0,0.0053923495940092925,-0.009107600037685413,0.1325983451396976,0.02093365181150855,-0.17108156596005347,0.2870151860480411,0.08854697718908267,-0.9746282326128826,-0.732990589630111,-0.44700978106972683,-0.701608926379587,0.2859214187305536,-0.3868816094859494,0.24389515193532296,-0.1684860558314812,-0.272675422195694,0.34244434897098774,0.4678376844467626,25.0,58.0,42.0,375.0,0.38999998569488525,0.800000011920929,38.099998474121094,185.0,146.25,265.297607421875,1.3809523582458496,1.0,0.00800000037997961,2.133333444595337,0.15209999680519104,2.5641026496887207,5.926926136016846,146.25,2.0641026496887207,625.0,9.75,9375.0,140625.0,0.5385714173316956,15.0,0.8095238208770752,0.7837837934494019,0.6666666865348816,0.15217390656471252,0.35217392444610596,55.5,25
-0.2367202913670061,0.01212412461243196,-0.24354501244466473,-1.0100028736773092,-0.3021438596165638,0.08213875408362112,1.9639804365889229,0.11838068337280552,-0.1479991117775002,0.056223902427020696,-0.04459534737365034,0.0,0.02742579837224898,0.12846530734508138,-0.36305684127946947,0.0354065750458931,-0.2718181910611484,-0.33095409547055143,-0.3695347775585267,-0.7435078618470682,-0.09255398514017883,-0.4610440646006783,-1.1795952910252403,0.3352644016730605,-0.23107760043719622,0.062118929258501134,-0.0055419130948981,-0.36354564504026,0.5757161440020007,0.3731500814572218,25.0,58.0,42.0,380.0,0.41999998688697815,0.8999999761581421,44.63999938964844,180.0,159.60000610351562,280.23492431640625,1.3809523582458496,1.0,0.008999999612569809,2.3684210777282715,0.17640000581741333,2.3809523582458496,5.940171241760254,159.60000610351562,1.8809523582458496,625.0,10.5,9500.0,144400.0,0.5799999833106995,15.199999809265137,0.7727272510528564,0.8055555820465088,0.5833333134651184,0.004347825888544321,0.35217392444610596,57.4,25
-0.1969156870578678,-0.01608179669345608,-0.2446425631193755,-1.016625115592679,0.06719870174183819,0.08858339246937569,1.127857318049459,-0.18445156535362897,-0.011022681818836005,0.21603316170447032,-0.08902396429817197,0.0,-0.004956887619546364,0.0034858463503839735,-0.10362660949775424,-0.011518072886227096,-0.1851168683024883,-0.20922140577225898,0.07218872986577846,-0.7385576069099271,-0.028816348652685158,-0.38796126362222455,-0.9852336006644264,0.33253015138417547,-0.26911359744974045,0.13391949045810192,-0.28610242621981913,-0.442919609490012,0.4337758870691796,0.54940581976535,25.0,58.0,42.0,380.0,0.4000000059604645,0.8999999761581421,43.349998474121094,200.0,152.0,272.6349182128906,1.3809523582458496,1.0,0.008999999612569809,2.3684210777282715,0.1599999964237213,2.5,5.940171241760254,152.0,2.0,625.0,10.0,9500.0,144400.0,0.5523809790611267,15.199999809265137,0.796875,0.699999988079071,1.0,0.15217390656471252,0.35217392444610596,61.1,25
-0.19737448918945608,0.008149279881487117,-0.3279573539818602,-0.7444424735531884,0.06319798129028613,-0.05673572685446146,1.681698882204024,-0.17978056070772253,-0.18067166809514748,0.08528649523253229,-0.031079154664991074,0.0,-0.050085851082544305,-0.03979726422049919,-0.1927140128236908,-0.0003285995628021193,-0.2816180773640735,-0.36469468499617536,0.02225216586556449,-0.7265922957418318,-0.11633035190577246,-0.5548798519485771,-0.8604006586474141,0.41068072241558595,-0.2931338512703737,0.08235561454888612,0.13175919911205064,-0.3819290986859929,0.6754469844103762,0.47144810185850616,25.0,58.0,42.0,385.0,0.4000000059604645,1.0,45.060001373291016,190.0,154.0,276.22222900390625,1.3809523582458496,1.0,0.009999999776482582,2.597402572631836,0.1599999964237213,2.5,5.953243255615234,154.0,2.0,625.0,10.0,9625.0,148225.0,0.5523809790611267,15.399999618530273,0.796875,0.5789473652839661,1.3333333730697632,0.004347825888544321,0.35217392444610596,60.2,25
-0.2288294238756546,-0.017294479868301314,-0.32335717141139436,-0.9090553054001277,-0.3017091365435149,-0.0482737090133906,0.7605956931393727,-0.2120029662720083,-0.06742389783258336,0.2937133645564898,-0.07063355742088594,0.0,-0.1187616370247378,-0.0911238644715417,-0.3918749879255833,0.0003114950196110961,-0.2790209148890297,-0.2113325427074415,-0.34098874068848994,-0.6865198334939863,-0.09082848068122784,-0.47122863505266294,-1.1586016895246067,0.32252300405002077,-0.25163505917337575,0.08736032420161145,-0.1629807114614156,-0.4961143718545033,-0.7203469800612677,0.37443878027238986,25.0,58.0,42.0,375.0,0.41999998688697815,1.0,42.400001525878906,190.0,157.5,276.547607421875,1.3809523582458496,1.0,0.009999999776482582,2.6666667461395264,0.17640000581741333,2.3809523582458496,5.926926136016846,157.5,1.8809523582458496,625.0,10.5,9375.0,140625.0,0.5799999833106995,15.0,0.7727272510528564,0.7368420958518982,0.8333333134651184,0.08695652335882187,0.35217392444610596,55.7,25
-0.2288294238756546,0.008149279881487117,-0.3389568072830616,-0.877910264890642,-0.19009369019649738,-0.04570711339878692,2.5488076363852454,-0.1744736392899125,-0.14168001203982603,0.12049314533229884,-0.039365067455536126,0.0,-0.17055991729032227,-0.006073259140076373,-0.35003382489503015,-0.0008582034247295671,-0.2839210055302899,-0.2299076834868837,-0.36403617158741575,-0.7351057905514617,-0.12370867747746286,-0.49308738552683856,-0.9671760165203362,0.36732178961970535,-0.29752593707585845,0.06993959740288168,-0.11792861449624457,-0.45629866239956957,0.5680030285238304,0.3701184255605552,25.0,58.0,42.0,375.0,0.41999998688697815,1.0,45.20000076293945,195.0,157.5,276.547607421875,1.3809523582458496,1.0,0.009999999776482582,2.6666667461395264,0.17640000581741333,2.3809523582458496,5.926926136016846,157.5,1.8809523582458496,625.0,10.5,9375.0,140625.0,0.5799999833106995,15.0,0.7727272510528564,0.7179487347602844,0.9166666865348816,0.004347825888544321,0.35217392444610596,57.3,25
-0.263003108513079,-0.0010779492902418066,-0.14215555085858075,-0.9775974321632849,-0.16360483756380417,0.05274046349860096,5.574371868574336,-0.017327256905713392,-0.12104617468208063,-0.016299349107169833,-0.13809980941835917,0.0,-0.007227617234706636,0.016962960649924304,-0.1362548322648344,0.00384641584046937,-0.26443179860122085,-0.22369536298005843,0.023636497513986998,-0.8329326670197128,-0.16060871348802366,-0.38613200619528176,-0.8756312096199452,0.19192370778414547,-0.3434110111291011,0.136199190857185,-0.3288416982239414,-0.1807877243452287,0.36248144755066947,0.5288875983115785,25.0,58.0,42.0,375.0,0.4099999964237213,0.8999999761581421,48.70000076293945,185.0,153.75,272.797607421875,1.3809523582458496,1.0,0.008999999612569809,2.4000000953674316,0.1680999994277954,2.4390244483947754,5.926926136016846,153.75,1.9390244483947754,625.0,10.25,9375.0,140625.0,0.5661904811859131,15.0,0.7846153974533081,0.8648648858070374,0.4166666567325592,0.24565216898918152,0.35217392444610596,60.7,25
-0.2801439254847254,-0.007318425101061267,-0.22336929798396646,-0.9209311018456298,-0.16844330489658713,-0.06980863192703571,6.396811788706743,-0.3156711803544761,-0.1484923571986705,0.01942141479036398,-0.13920147398522317,0.0,-0.09396730146635568,-0.16583252400273324,-0.0475667047956546,-0.037321163402841764,-0.270814332583086,-0.18690651946443812,0.02469671205169357,-0.9186856351377022,-0.1148112563213339,-0.46577153234098795,-0.8688338414829802,0.1450172768052035,-0.38814198435396047,0.13625632426931925,-0.4712331210381107,-0.19208479984865165,-0.35979734016014814,-0.4078253919685433,25.0,58.0,42.0,375.0,0.4099999964237213,1.0,49.599998474121094,190.0,153.75,272.797607421875,1.3809523582458496,1.0,0.009999999776482582,2.6666667461395264,0.1680999994277954,2.4390244483947754,5.926926136016846,153.75,1.9390244483947754,625.0,10.25,9375.0,140625.0,0.5661904811859131,15.0,0.7846153974533081,0.8684210777282715,0.4166666567325592,0.34130436182022095,0.18478260934352875,52.7,25
-0.27773317287298344,0.003518938711256394,-0.21312568541996857,-0.9369454262679416,-0.25307704526212443,-0.1356338573475041,5.218050630332746,-0.31246245773589154,-0.04380543832841037,-0.12889486459232247,-0.12214587193059548,0.0,-0.0721673789569021,-0.27157978375237324,-0.1164018260869284,-0.05636944622463649,-0.2540522949300862,-0.06565000747577047,0.03567375603341851,-0.7957708985844362,-0.09269700503935457,-0.40574458762933313,-0.9555242218993149,0.2432445990799493,-0.37243092412202033,0.14878794808980342,-0.6805129061917911,-0.6091501047316005,-0.27819237317684,-0.36813032050302164,25.0,58.0,42.0,375.0,0.4000000059604645,1.0,48.70000076293945,200.0,150.0,269.047607421875,1.3809523582458496,1.0,0.009999999776482582,2.6666667461395264,0.1599999964237213,2.5,5.926926136016846,150.0,2.0,625.0,10.0,9375.0,140625.0,0.5523809790611267,15.0,0.796875,0.75,0.8333333134651184,0.34130436182022095,0.07391304522752762,51.0,25
-0.22539279486050032,-0.002223935481738061,-0.37630559330427626,-0.8422190447366469,-0.3318543622613454,0.211682611613955,-5.05967187729147,-0.12373295084452988,-0.06597529211145213,0.3150271782460379,-0.11173413888953576,0.0,0.10157398405684502,0.09053560456436706,-0.24014204126835068,0.01937852336215599,-0.2675377615045291,-0.1453365595741637,-0.3048339375439566,-0.940992145685945,-0.09219773666579802,-0.5508979533514577,-1.161725740233581,0.4571391701083292,-0.4660265158754435,0.1495389133456183,0.3720039483983588,0.23860250633004754,0.32364635063530006,-0.19308316077525517,25.0,58.0,42.0,375.0,0.41999998688697815,1.0,34.0,180.0,157.5,276.547607421875,1.3809523582458496,1.0,0.009999999776482582,2.6666667461395264,0.17640000581741333,2.3809523582458496,5.926926136016846,157.5,1.8809523582458496,625.0,10.5,9375.0,140625.0,0.5799999833106995,15.0,0.7727272510528564,1.1111111640930176,-0.3333333432674408,0.24565216898918152,0.18478260934352875,45.3,25
-0.22359075172256732,-0.0014802931538847844,-0.36319424941309697,-0.8698873522507631,0.08983091303149175,0.10027556908352,1.068577454701885,0.029965298236266105,-0.0008169621126573833,0.3515061564713424,-0.0772821425133377,0.0,0.008860550438435522,-0.02368780822907669,0.0661748911745072,-0.06816961845564956,-0.24236331727556135,-0.25057806023383117,0.1249159923377328,-0.6789815819341412,-0.017256573280563715,-0.443468846875161,-0.969364270694558,0.26568317910195927,-0.43606672188021667,0.15756415853705893,0.6821685294872405,0.4785643343474453,0.6250975937018012,-0.2400958708419407,25.0,58.0,42.0,375.0,0.4050000011920929,1.0,41.70000076293945,190.0,151.875,270.922607421875,1.3809523582458496,1.0,0.009999999776482582,2.6666667461395264,0.16402499377727509,2.4691357612609863,5.926926136016846,151.875,1.9691357612609863,625.0,10.125,9375.0,140625.0,0.5592857003211975,15.0,0.7906976938247681,1.0526316165924072,-0.1666666716337204,0.24565216898918152,0.18478260934352875,53.0,25
-0.24833370630946033,-0.0006902973744815798,-0.35632919412567887,-0.8991628058474882,0.04546673832250097,0.045450070742660206,-2.954118569447165,-0.14694866725371533,0.0016588642906574178,0.2952630843333077,-0.10858146139556221,0.0,0.027887035696327663,-0.021275394008292346,-0.14598348251234322,-0.030857230090515834,-0.20752619292915167,0.08513425734407193,0.05173554635571268,-0.897958156665493,-0.08229927318027287,-0.5316124578051099,-1.0165252718460738,0.5577052650478497,-0.436125221130423,0.20818669893378947,-0.5850633874034323,-0.1656102585520165,0.5908071768390785,-0.30527199227574575,25.0,58.0,42.0,375.0,0.4000000059604645,1.0,38.599998474121094,200.0,150.0,269.047607421875,1.3809523582458496,1.0,0.009999999776482582,2.6666667461395264,0.1599999964237213,2.5,5.926926136016846,150.0,2.0,625.0,10.0,9375.0,140625.0,0.5523809790611267,15.0,0.796875,0.8999999761581421,0.3333333432674408,0.15217390656471252,0.07391304522752762,45.5,25
-0.220231667228431,-0.01463783605353819,-0.36105123164473363,-0.7602804708548393,-0.3039437955843269,0.1157061082586132,-3.766295796899511,0.09905319350613477,-0.010450262390610874,0.47895089601768936,-0.11173224531837307,0.0,0.06758861551411982,0.08959340415821984,-0.27479890559081666,0.011296671983102989,-0.27835137888335126,-0.21966698614200392,-0.34570402963933994,-0.9129738519079202,0.02575797520494059,-0.5005542360165379,-1.132115667463617,0.5682935374309506,-0.4160263000646301,0.12726662691991178,0.5144047006271975,0.6560583485805045,0.5860398558774457,-0.32611421924394823,25.0,58.0,42.0,375.0,0.41999998688697815,1.0,37.79999923706055,145.0,157.5,276.547607421875,1.3809523582458496,1.0,0.009999999776482582,2.6666667461395264,0.17640000581741333,2.3809523582458496,5.926926136016846,157.5,1.8809523582458496,625.0,10.5,9375.0,140625.0,0.5799999833106995,15.0,0.7727272510528564,0.9655172228813171,0.0833333358168602,0.15217390656471252,0.18478260934352875,45.5,25
-0.21618000043452623,-0.026926427711891375,-0.3983850611378973,-0.8807505795522645,-0.3558351348271487,0.09549771515848932,-5.722658866791299,-0.10054267962076485,-0.11253845245135263,0.5735976669224414,-0.10803900405653245,0.0,-0.022532555354440334,-0.02765296085090114,-0.3915807477792009,0.035861264480379,-0.2759195401166842,-0.2304505527682468,-0.2527915350764609,-0.9545111429920673,-0.11188214008733328,-0.5657154600216031,-1.1815174112191573,0.3451764282918406,-0.48905951267415587,0.13760614835965918,-0.42343465901719823,-0.21623218413733475,-0.2997291555333693,-0.20750642959451163,25.0,58.0,42.0,375.0,0.41999998688697815,1.0,26.399999618530273,190.0,157.5,276.547607421875,1.3809523582458496,1.0,0.009999999776482582,2.6666667461395264,0.17640000581741333,2.3809523582458496,5.926926136016846,157.5,1.8809523582458496,625.0,10.5,9375.0,140625.0,0.5799999833106995,15.0,0.7727272510528564,0.8947368264198303,0.3333333432674408,0.34130436182022095,0.18478260934352875,37.9,25
-0.19404578532806419,-0.03157720348894755,-0.4082684710167851,-0.8806206532426667,0.026864850111660704,0.15016719775942922,-5.625220971182969,-0.06909381450841487,-0.03378565621286667,0.24607266473192982,-0.11009696648703617,0.0,0.03762015858277207,-0.056469082687570775,-0.12407062748663793,0.038568833526872466,-0.18750175851768983,0.07328291850890016,0.09743879891256324,-0.9235737151638277,-0.008098119581554956,-0.522886941490842,-0.9830684821256249,0.402834879322828,-0.49907579852826417,0.1686905805039275,-0.44242214123957524,-0.17916554857315903,-0.24794495252455537,-0.381712303741814,25.0,58.0,42.0,375.0,0.4000000059604645,1.0,30.200000762939453,200.0,150.0,269.047607421875,1.3809523582458496,1.0,0.009999999776482582,2.6666667461395264,0.1599999964237213,2.5,5.926926136016846,150.0,2.0,625.0,10.0,9375.0,140625.0,0.5523809790611267,15.0,0.796875,0.8999999761581421,0.3333333432674408,0.34130436182022095,0.043478261679410934,38.8,25
-0.206381288926797,-0.041674069780419945,-0.3876695961813483,-0.8499307473412483,0.060777961692939045,0.23333714831487665,-4.076832400628785,0.12982113101331577,-0.0723334084878466,0.49335417212577165,-0.10088243848135045,0.0,0.12591871999820803,0.12312911708078862,-0.0047485045186645754,-0.002816178507620984,-0.228313965929522,-0.19296304030587783,0.13055152623479135,-0.9241576880251118,0.04182164504896262,-0.4587867835246064,-0.9175942765329924,0.5855208219071029,-0.42623629090086806,0.12516434937630544,0.509751501350361,0.43735216126396165,0.6706398603634529,-0.43805954208875014,25.0,58.0,42.0,375.0,0.4099999964237213,1.0,37.5,170.0,153.75,272.797607421875,1.3809523582458496,1.0,0.009999999776482582,2.6666667461395264,0.1680999994277954,2.4390244483947754,5.926926136016846,153.75,1.9390244483947754,625.0,10.25,9375.0,140625.0,0.5661904811859131,15.0,0.7846153974533081,1.058823585510254,-0.1666666716337204,0.15217390656471252,0.043478261679410934,47.1,25
-0.2387865538154134,0.015540837586092197,-0.20841626484227088,-0.8398799897874303,-0.34278911021663466,-0.08217422578911217,1.6429520599922294,0.08294409716370195,-0.06710249915322926,0.2876600594597091,-0.07914037973247103,0.0,0.0019476845963846492,0.01132178076514818,-0.21792547228489836,0.029475353851533236,-0.3106029107292869,-0.18190673874444468,-0.32745049298284523,-0.7558619930357966,-0.033499422933280704,-0.416880081730578,-1.0956148448628287,0.07559726626515993,-0.36262137175045783,0.14391034189709215,0.6430676190396137,0.5547653866837776,0.5402380230401588,0.5809434627197815,25.0,58.0,42.0,375.0,0.41999998688697815,0.800000011920929,43.79999923706055,180.0,157.5,276.547607421875,1.3809523582458496,1.0,0.00800000037997961,2.133333444595337,0.17640000581741333,2.3809523582458496,5.926926136016846,157.5,1.8809523582458496,625.0,10.5,9375.0,140625.0,0.5799999833106995,15.0,0.7727272510528564,1.0,0.0,0.24565216898918152,0.35217392444610596,47.7,25
-0.2798137366033998,0.004949676368106345,-0.1474885374909799,-0.776098009386346,0.24156212294156307,-0.07338734782241282,6.34397396564182,-0.37915674782317516,-0.025827758596522695,-0.5971458137571973,-0.0640565337013135,0.0,-0.1305805787718986,-0.10817239181917121,0.11853700185585962,-0.04711823435171661,-0.22239294248948482,0.21099029518277473,0.055287641986984465,-0.9334608214513023,-0.8205587580406083,-0.5649826388036128,-0.905936488974078,0.23496523199553557,-0.4119218776655741,0.12182782727248859,-0.35795349065984533,-0.4230821313177007,-0.3868886872174091,0.5642208872401053,25.0,58.0,42.0,375.0,0.38499999046325684,1.0,51.0,200.0,144.375,263.422607421875,1.3809523582458496,1.0,0.009999999776482582,2.6666667461395264,0.14822499454021454,2.597402572631836,5.926926136016846,144.375,2.097402572631836,625.0,9.625,9375.0,140625.0,0.5316666960716248,15.0,0.8159999847412109,0.6499999761581421,1.1666666269302368,0.09565217047929764,0.35217392444610596,57.0,25
-0.3141997566468061,-0.007207281121296021,-0.23122158919070745,-0.8911431493350224,-0.33338347424736847,-0.02088666061110337,7.143103010818246,0.37019382269013423,0.04746574616300353,0.201866109255403,-0.06466191473962275,0.0,-0.057844241391135795,-0.06691384675545216,-0.2686707378664098,-0.027687442271449536,-0.3179757184668595,-0.13226182002797765,-0.3327463442382935,-0.9693341602902492,-0.11873411188966551,-0.537161980853037,-0.9262758231213732,0.26069301664115896,-0.36472098479457526,0.10330789095350955,-0.3169786295464664,-0.32093667720187946,-0.3472398873953826,-0.4949551232956481,25.0,58.0,42.0,375.0,0.41999998688697815,1.0,50.0,160.0,157.5,276.547607421875,1.3809523582458496,1.0,0.009999999776482582,2.6666667461395264,0.17640000581741333,2.3809523582458496,5.926926136016846,157.5,1.8809523582458496,625.0,10.5,9375.0,140625.0,0.5799999833106995,15.0,0.7727272510528564,0.8125,0.5,0.09565217047929764,0.18478260934352875,57.2,25
-0.25551407557679123,-0.0017936141918467497,-0.37271502615162655,-0.8627067011366123,-0.3081330448556585,0.10948069498059654,-0.21936330198782253,0.13515282930070366,-0.1513909371088342,0.20594078574918437,-0.08328207679818764,0.0,0.08336897719228344,-0.08594298295145755,-0.27629984666797336,0.02057143840510485,-0.2757769771479027,-0.12679993178887625,-0.3697467338432977,-0.7849060585093545,-0.04612175325443298,-0.5485353333096722,-1.200311469514302,0.34923579923793135,-0.37688940098052864,0.09820073364603812,0.5041194190987899,0.5176659058807339,0.21834369177344332,-0.2244636513194347,25.0,58.0,42.0,375.0,0.41999998688697815,1.0,40.20000076293945,160.0,157.5,276.547607421875,1.3809523582458496,1.0,0.009999999776482582,2.6666667461395264,0.17640000581741333,2.3809523582458496,5.926926136016846,157.5,1.8809523582458496,625.0,10.5,9375.0,140625.0,0.5799999833106995,15.0,0.7727272510528564,1.0,0.0,0.004347825888544321,0.18478260934352875,49.6,25
-0.2932679605198072,0.008881650251671,-0.19328903821307142,-0.9270624084213012,-0.2254777396870315,-0.0020923198683242415,6.450874614010773,-0.21361706149363727,0.08478883004741296,0.1246400604337558,-0.0427281633198869,0.0,-0.12694699839132523,-0.06993697065389087,-0.04649040175426373,-0.05685699933309933,-0.2541555867771849,-0.0003065590557052606,0.03666708814006398,-0.9611963482373564,-0.1392844042459502,-0.5538951145744055,-0.9468725626094024,0.22434272404303485,-0.3149781804492172,0.11083134679804625,-0.6559680097354925,-0.17193483315633215,-0.31003992783659984,0.47558575129260156,25.0,58.0,42.0,375.0,0.4000000059604645,1.0,50.20000076293945,190.0,150.0,269.047607421875,1.3809523582458496,1.0,0.009999999776482582,2.6666667461395264,0.1599999964237213,2.5,5.926926136016846,150.0,2.0,625.0,10.0,9375.0,140625.0,0.5523809790611267,15.0,0.796875,0.9210526347160339,0.25,0.015217390842735767,0.35217392444610596,53.6,25
-0.21614844218128595,-0.0034054023652244393,-0.3504738148436715,-0.8337152732269055,0.03971856911208631,-0.013072576987524143,-4.371872866806102,-0.050680437473928024,-0.0032251794778373703,0.22796698639447102,-0.10703074494853276,0.0,-0.07153604130313111,-0.12590956441405676,-0.15280707287891585,-0.023734153700647166,-0.21119222182175987,0.13358840090632937,0.03759865127430761,-0.8976115207676563,-0.02867476027793527,-0.6224574527816584,-0.9835508477348396,0.5101498326812159,-0.30968693289279664,0.135522340677404,-0.029764153717973457,-0.3359481645923667,-0.515790045896532,0.36344430328448757,25.0,58.0,42.0,375.0,0.4000000059604645,1.0,36.400001525878906,190.0,150.0,269.047607421875,1.3809523582458496,1.0,0.009999999776482582,2.6666667461395264,0.1599999964237213,2.5,5.926926136016846,150.0,2.0,625.0,10.0,9375.0,140625.0,0.5523809790611267,15.0,0.796875,0.8157894611358643,0.5833333134651184,0.017391303554177284,0.35217392444610596,46.5,25
-0.18298793513571368,-0.0599565244694539,-0.36581659012204965,-0.8418690289850945,0.03227320323481062,0.25256225366768853,-5.255578498743586,-0.24081866815274358,-0.13295034858140328,0.31308790350365767,-0.09448098939558168,0.0,0.10797264012553111,0.10515570112002791,0.0033002013197153397,-0.021724147969604223,-0.2883822746230287,-0.2027284170913778,0.08791824584463367,-0.9027713957147959,0.030980507701112287,-0.5783459196273603,-0.999482570957961,0.49012030178039795,-0.3366464375545866,0.13449982489561332,0.2882907255575253,0.44041000495982885,-0.6730544131765487,-0.12953020906268464,25.0,58.0,42.0,375.0,0.4099999964237213,1.0,34.900001525878906,190.0,153.75,272.797607421875,1.3809523582458496,1.0,0.009999999776482582,2.6666667461395264,0.1680999994277954,2.4390244483947754,5.926926136016846,153.75,1.9390244483947754,625.0,10.25,9375.0,140625.0,0.5661904811859131,15.0,0.7846153974533081,0.9736841917037964,0.0833333358168602,0.017391303554177284,0.043478261679410934,43.3,25
-0.2523879297026365,0.010289749090876873,-0.25590457664646926,-1.1207968350532105,-0.3285929671550729,0.05081252186942971,-4.389887762375421,-0.0008085242672693181,-0.07853684574978757,-0.019475813815781336,-0.1047922449300858,0.0,0.012784373896477692,-0.052029940511517075,-0.29242208660186875,0.05215600265881788,-0.30180759954522696,-0.2687547904129925,-0.2330618901654276,-0.9572920471192968,0.022263140124898707,-0.5341069661569796,-1.1441142474031287,-0.08934060629785896,-0.4796986484977429,-0.08151401170724834,0.3165651203591374,0.3373886253615295,0.5208396104987945,-0.2737344269958924,25.0,58.0,42.0,370.0,0.44999998807907104,0.8999999761581421,37.400001525878906,170.0,166.5,283.9603271484375,1.3809523582458496,1.0,0.008999999612569809,2.4324324131011963,0.20250000059604645,2.222222328186035,5.913503170013428,166.5,1.7222222089767456,625.0,11.25,9250.0,136900.0,0.6214285492897034,14.800000190734863,0.739130437374115,1.0,0.0,0.15217390656471252,0.18478260934352875,43.8,25
-0.18549544741944735,-0.02692879651518218,-0.3684812368378043,-0.9161810613222184,-0.3123686143952958,0.12142281908861001,-4.526403263603232,-0.2676803881439713,-0.13674256071250884,0.4356637631230191,-0.106230555357999,0.0,0.048399919119997636,0.08791080864061238,-0.3720764506082524,-0.026073780487972677,-0.2829777319589225,-0.3736267290313398,-0.4205831467730498,-0.9036130988542733,-0.009667471633088488,-0.5482698837373542,-1.1741559231346843,0.4948302915544717,-0.43139684995329025,0.20217446713714057,-0.0830701842658855,-0.3045572095921755,0.5002598266186659,-0.2592328113710123,25.0,58.0,42.0,370.0,0.41999998688697815,1.0,34.70000076293945,200.0,155.39999389648438,272.8603210449219,1.3809523582458496,1.0,0.009999999776482582,2.702702760696411,0.17640000581741333,2.3809523582458496,5.913503170013428,155.39999389648438,1.8809523582458496,625.0,10.5,9250.0,136900.0,0.5799999833106995,14.800000190734863,0.7727272510528564,0.949999988079071,0.1666666716337204,0.15217390656471252,0.07391304522752762,41.89,25
-0.24232260873007175,-0.013233674480134367,-0.31822489711037166,-1.0692187779574955,-0.3878921388907454,0.21499333473283733,-5.030805587137549,-0.01721400855716859,0.009924341799959921,0.0716844730312486,-0.1156256894165465,0.0,0.04462795937906274,-0.15889168026360354,-0.4342515334849475,-0.061929274988942955,-0.3173838258677325,-0.21593049901910819,-0.8809487524948494,-0.9584819675023949,-0.07362253607459578,-0.4004583157768149,-1.1476109360413458,-0.31705238753916803,-0.192840069808391,-0.11390871763949119,-0.09999129323961425,-0.2035478801417216,0.41502647957813865,-0.2731418415927813,25.0,58.0,42.0,360.0,0.4699999988079071,1.0,33.20000076293945,180.0,169.1999969482422,283.4857177734375,1.3809523582458496,1.0,0.009999999776482582,2.777777671813965,0.22089999914169312,2.127659559249878,5.886104106903076,169.1999969482422,1.627659559249878,625.0,11.75,9000.0,129600.0,0.6490476131439209,14.399999618530273,0.7183098793029785,0.9444444179534912,0.1666666716337204,0.15217390656471252,0.18478260934352875,40.2,25
-0.16517384855813583,-0.03580217989953299,-0.29063191304747765,-1.2089912287998317,-0.34665887308010696,0.06653009871171957,-5.07926572739812,-0.07169116600675776,-0.05947255489370657,0.17300285039768828,-0.11151741327419816,0.0,0.007880711469830388,-0.1383616605642646,-0.41653769285004205,0.054566835339393466,-0.29283997796789696,-0.23524658583105298,-0.2947947466914826,-0.9433629644208928,-0.047249946621110275,-0.5540716268530939,-1.2075673405595295,-0.24639964131988004,-0.1898560048483861,-0.13797260384795834,0.11024352341326783,-0.23355024022873327,0.3689297984210816,-0.2934017718174868,25.0,58.0,42.0,360.0,0.44999998807907104,0.8999999761581421,30.200000762939453,190.0,162.0,276.28570556640625,1.3809523582458496,1.0,0.008999999612569809,2.5,0.20250000059604645,2.222222328186035,5.886104106903076,162.0,1.7222222089767456,625.0,11.25,9000.0,129600.0,0.6214285492897034,14.399999618530273,0.739130437374115,0.6578947305679321,1.0833333730697632,0.15217390656471252,0.07391304522752762,38.1,25
-0.28650708054143537,-0.04400769757821346,-0.2725326376487225,-1.4271185827216344,-0.396561015779686,0.05635822958200203,-5.806387808110021,0.025023272926580287,-0.04304454539844851,0.2755703507285135,-0.09407195231421754,0.0,0.018096139660181945,-0.024018589831911935,-0.3500769220687772,-0.024639143354125648,-0.3401115515407688,-0.26031472838805275,-0.9395686858360455,-1.000531549052275,0.13308223766352698,-0.38017283646631156,-1.2267529823721024,-0.23738192605350888,-0.20498649828504645,-0.120362407425255,0.28227058254985127,0.3101291932775794,0.4282497295085993,-0.2500509460452269,25.0,58.0,42.0,350.0,0.4699999988079071,0.8999999761581421,30.700000762939453,170.0,164.5,275.6111145019531,1.3809523582458496,1.0,0.008999999612569809,2.5714285373687744,0.22089999914169312,2.127659559249878,5.857933044433594,164.5,1.627659559249878,625.0,11.75,8750.0,122500.0,0.6490476131439209,14.0,0.7183098793029785,1.0,0.0,0.15217390656471252,0.18478260934352875,38.2,25
-0.2601104968917404,-0.01842675896155086,-0.3397834268590918,-1.526207325758541,-0.3940357769458488,0.21364915439674778,-5.4157442150836435,-0.08505816275931738,0.07142181889803174,0.16510144289528284,-0.10734674936501999,0.0,-0.048005395895472626,-0.08485926263507489,-0.47507592077793404,-0.049410996013787456,-0.30155370934721754,-0.24384304181975391,-0.9192345463589461,-0.9272964273665869,0.017888695272805878,-0.3957475603397187,-1.186376582381366,-0.32286162843158583,-0.17244438834388054,-0.09911203628132124,-0.06555734028910419,-0.14348928584060455,0.48678895606946704,-0.16883772267127856,25.0,58.0,42.0,350.0,0.4699999988079071,1.0,30.200000762939453,180.0,164.5,275.6111145019531,1.3809523582458496,1.0,0.009999999776482582,2.857142925262451,0.22089999914169312,2.127659559249878,5.857933044433594,164.5,1.627659559249878,625.0,11.75,8750.0,122500.0,0.6490476131439209,14.0,0.7183098793029785,0.9444444179534912,0.1666666716337204,0.15217390656471252,0.07391304522752762,39.6,25
-0.21355046578281192,-0.05327543759033398,-0.3389234173731446,-1.4302354986584682,-0.38463232651521106,0.1566405458461515,-6.184005579840267,0.1102239061091485,-0.08011090247356333,0.4097939227688961,-0.09877940806992479,0.0,-0.025864536602302663,-0.1771374248502149,-0.24176531469449375,0.04228912028735444,-0.3547052095443602,-0.17809974066751563,-0.3512012019676188,-0.9666234511399564,0.11180741327211084,-0.5451126015339423,-1.220578225383686,-0.15669727221831417,-0.19812199975157666,-0.16939770536683518,0.46233985972582187,0.34388811770438815,0.41277757591956743,0.29449767654728665,25.0,58.0,42.0,350.0,0.44999998807907104,1.0,27.899999618530273,170.0,157.5,268.6111145019531,1.3809523582458496,1.0,0.009999999776482582,2.857142925262451,0.20250000059604645,2.222222328186035,5.857933044433594,157.5,1.7222222089767456,625.0,11.25,8750.0,122500.0,0.6214285492897034,14.0,0.739130437374115,1.0,0.0,0.15217390656471252,0.35217392444610596,35.0,25
-0.2204700583796748,-0.01790911118298133,-0.35338242271827247,-1.6007525884311151,-0.34372692991186055,0.050325314939751856,-4.382739395751975,-0.07869088327774776,-0.19445709383457607,0.33345429853018743,-0.12484851022624445,0.0,-0.22301764887166162,-0.141501454938152,-0.32946593913735744,0.007455205375638451,-0.2611905221682854,-0.23085737484755584,-0.4114913332182911,-0.9373337101090442,-0.07673107732882768,-0.5528609409037395,-1.2274414648363647,-0.10061623943497168,-0.22686724196448677,-0.06059923436067264,-0.2950123108710809,-0.218710029400611,0.2667609967059772,0.4023482252855512,25.0,58.0,42.0,350.0,0.44999998807907104,1.0,36.099998474121094,190.0,157.5,268.6111145019531,1.3809523582458496,1.0,0.009999999776482582,2.857142925262451,0.20250000059604645,2.222222328186035,5.857933044433594,157.5,1.7222222089767456,625.0,11.25,8750.0,122500.0,0.6214285492897034,14.0,0.739130437374115,0.8684210777282715,0.4166666567325592,0.24565216898918152,0.35217392444610596,43.9,25
-0.14809135129879117,-0.036663473413130684,-0.3055515734388665,-1.030859492896496,0.01866783820198946,0.04889909965294516,-5.456606257784066,-0.13559318222345804,0.027383928278794385,0.24622975947331205,-0.08957294226531683,0.0,0.0033912961873873645,-0.002257541395531984,-0.14921083379757147,0.04320458427651396,-0.23998445454621584,0.0728775171416037,0.11829065431385966,-0.9373938494504153,0.026864867115681267,-0.5374136995442538,-0.9904256942099131,0.3849976564091056,-0.4417619612576415,0.08890086921227242,-0.4705279578362583,-0.1478780310614131,-0.1972407278635152,-0.07747024040731258,25.0,58.0,42.0,375.0,0.4000000059604645,0.8999999761581421,30.09000015258789,180.0,150.0,269.047607421875,1.3809523582458496,1.0,0.008999999612569809,2.4000000953674316,0.1599999964237213,2.5,5.926926136016846,150.0,2.0,625.0,10.0,9375.0,140625.0,0.5523809790611267,15.0,0.796875,0.9166666865348816,0.25,0.08695652335882187,0.010869565419852734,38.81,25
-0.19981652975372988,-0.03664492918284469,-0.28649744363198787,-1.0348025381703092,-0.3289579681371002,0.03593858081707404,-5.470262826078319,-0.1845322153325155,-0.14397691339297305,0.25053077260120543,-0.11483007314169623,0.0,0.0031960587584412377,0.11785071247675208,-0.3960344636389517,0.026297906305426333,-0.2616923579643383,-0.25072950789218945,-0.26805316905163223,-0.9655953522284413,-0.04292302520815685,-0.49322245841544765,-1.1767863613217926,0.3648973581478843,-0.4464612454635997,0.11960912934158768,-0.08031089342924835,-0.26445930500211323,0.2584072508595987,-0.21500798891787623,25.0,58.0,42.0,375.0,0.41999998688697815,0.8999999761581421,31.899999618530273,185.0,157.5,276.547607421875,1.3809523582458496,1.0,0.008999999612569809,2.4000000953674316,0.17640000581741333,2.3809523582458496,5.926926136016846,157.5,1.8809523582458496,625.0,10.5,9375.0,140625.0,0.5799999833106995,15.0,0.7727272510528564,0.9459459185600281,0.1666666716337204,0.24565216898918152,0.010869565419852734,42.0,25
-0.20845676228419374,-0.006523001433871761,-0.2616556369123984,-1.054816741945648,-0.014840452268587885,0.014300570949830612,-7.943924174767256,-0.13651792226871773,-0.041154804812853704,0.59644416571616,-0.11694550237045473,0.0,-0.008778884416826808,-0.17856889488867142,-0.11546336110074457,0.05124767019263388,-0.35014048706095857,0.06449785930575913,0.10589329699899873,-1.05056022474013,-0.0295396502219428,-0.5264172830079393,-1.0426695786269482,0.4037442743213666,-0.5164447562218154,0.20720648204845069,-0.10779983056953074,-0.1451995948228187,-0.557190430496883,-0.5509205212844699,25.0,58.0,42.0,375.0,0.4000000059604645,0.8999999761581421,20.700000762939453,180.0,150.0,269.047607421875,1.3809523582458496,1.0,0.008999999612569809,2.4000000953674316,0.1599999964237213,2.5,5.926926136016846,150.0,2.0,625.0,10.0,9375.0,140625.0,0.5523809790611267,15.0,0.796875,0.8888888955116272,0.3333333432674408,0.34130436182022095,0.010869565419852734,27.0,25
-0.17225799156389635,-0.01230954950836383,-0.2978956186325036,-1.0083271028293874,0.01677039437853804,0.07171251744993194,-4.233482838109312,-0.23128512489002703,-0.01945892360656022,0.1202736838349066,-0.12254106467551243,0.0,-0.02317664532875756,0.08781887212812445,-0.1235174800668773,-0.002292469376741907,-0.20512715047131233,0.13825956013064364,0.0702333423012419,-0.9562124346238889,-0.04705315067530823,-0.5442605534428611,-1.029658773346269,0.44614432182030245,-0.416515733855576,0.14860193452677292,-0.0556411059019394,-0.2212696769533656,-0.210244093210093,-0.4538311240753528,25.0,58.0,42.0,375.0,0.4000000059604645,0.8999999761581421,34.79999923706055,200.0,150.0,269.047607421875,1.3809523582458496,1.0,0.008999999612569809,2.4000000953674316,0.1599999964237213,2.5,5.926926136016846,150.0,2.0,625.0,10.0,9375.0,140625.0,0.5523809790611267,15.0,0.796875,0.8500000238418579,0.5,0.34130436182022095,0.07391304522752762,45.0,25
-0.17225799156389635,-0.01882146367514654,-0.29124230190013284,-1.0531885912858183,0.014289815597301858,0.07258553864923828,-5.104832986502838,-0.1544116248858032,0.03495512349495473,0.11690749527181972,-0.1224786442202295,0.0,-0.02380131608568328,0.08200237376916628,-0.12185317188195023,0.019123449815574487,-0.1758246172331037,0.07927413060502309,0.10960760498711375,-0.9716781150917617,-0.034857419010956035,-0.4883008267561576,-1.0217969402183626,0.43374016772646423,-0.43999809224716385,0.09823071011406748,-0.059877966514438836,-0.22527853875496218,-0.32306376178019763,-0.7060381113854776,25.0,58.0,42.0,375.0,0.4000000059604645,0.8999999761581421,33.400001525878906,185.0,150.0,269.047607421875,1.3809523582458496,1.0,0.008999999612569809,2.4000000953674316,0.1599999964237213,2.5,5.926926136016846,150.0,2.0,625.0,10.0,9375.0,140625.0,0.5523809790611267,15.0,0.796875,0.8648648858070374,0.4166666567325592,0.34130436182022095,0.06521739065647125,36.1,25
-0.16341742777054283,-0.003896747901898018,-0.2611832708668378,-0.9514174377706266,0.02130419434149326,-0.05013428739900002,-4.225800328135367,0.04308253506660134,-0.24708078939757583,0.10830578713021591,-0.11969536980307494,0.0,0.03141754153619507,-0.052681843370953566,-0.16507591442227706,0.02907151547171335,-0.2594304039078222,-0.29643225361870423,0.039726063713134425,-0.9756042223723626,-0.16853470876266377,-0.5625871188595758,-0.7934135770068812,0.3960529446871416,-0.4576370583776631,0.15503676073158126,-0.09933326120467229,-0.15636996517693805,-0.19601113664767683,-0.32388703885872,25.0,58.0,42.0,385.0,0.4000000059604645,0.800000011920929,37.20000076293945,185.0,154.0,276.22222900390625,1.3809523582458496,1.0,0.00800000037997961,2.0779221057891846,0.1599999964237213,2.5,5.953243255615234,154.0,2.0,625.0,10.0,9625.0,148225.0,0.5523809790611267,15.399999618530273,0.796875,0.8648648858070374,0.4166666567325592,0.34130436182022095,0.07391304522752762,45.13333333333333,25
-0.16341742777054283,-0.03290798013580773,-0.2581127815694837,-0.9171075918080698,0.013416186622990555,-0.04942103658481625,-4.394348986184244,-0.20080159708140957,-0.272142312408392,0.13365461738308831,-0.11971259237903842,0.0,0.038499143600094425,-0.03975101734609475,-0.16924661748782574,-0.0043577151363598035,-0.27925804269376997,-0.31599423105315827,0.06816220315668578,-0.9793798453106017,-0.1435085979887613,-0.5208706084061175,-0.7918598356534962,0.31014965444169634,-0.4025246519529318,0.14330743169023624,-0.04359755938356295,-0.3025435615555532,-0.2984819451954367,-0.5707344871158502,25.0,58.0,42.0,385.0,0.4000000059604645,0.800000011920929,34.70000076293945,190.0,154.0,276.22222900390625,1.3809523582458496,1.0,0.00800000037997961,2.0779221057891846,0.1599999964237213,2.5,5.953243255615234,154.0,2.0,625.0,10.0,9625.0,148225.0,0.5523809790611267,15.399999618530273,0.796875,0.8421052694320679,0.5,0.34130436182022095,0.06521739065647125,41.53333333333333,25
-0.1699343056792346,-0.01706347541970508,-0.2643707189613748,-1.0626933426951255,0.018120389372183795,0.03287652060467292,-5.258640034297548,-0.16756741908989492,0.057341289482059,0.23967259838438493,-0.11815984944858925,0.0,0.0005717394943996085,0.0855212441776148,-0.11826058320642595,0.016660511266739186,-0.18089000233121696,0.09805851287354966,0.08837378010928754,-1.0104149540032614,-0.05530888035075196,-0.5510282994473642,-0.9193365044205557,0.3479625818494688,-0.43884605348903066,0.11690796719170259,-0.20168028329801407,-0.20322750881031884,-0.2387322120386943,0.6048178535354574,25.0,58.0,42.0,375.0,0.4000000059604645,0.8500000238418579,32.20000076293945,180.0,150.0,269.047607421875,1.3809523582458496,1.0,0.008500000461935997,2.2666666507720947,0.1599999964237213,2.5,5.926926136016846,150.0,2.0,625.0,10.0,9375.0,140625.0,0.5523809790611267,15.0,0.796875,0.8888888955116272,0.3333333432674408,0.34130436182022095,0.35217392444610596,40.69,25
-0.21109582203825694,-0.017068114828819047,-0.21192005069901446,-0.9934739425262183,0.1535611819713541,0.053652053044396505,-4.430972032978981,-0.09961120061461215,0.2078204602944238,-0.4448835321346131,-0.11658617174997198,0.0,-0.0038105858239238007,0.11060307010534969,0.11580377223151725,0.015247720706196222,-0.22479572461133687,0.3155780708219736,0.1185142042198203,-1.0041591751650973,-0.7233640092410418,-0.4866506960374968,-0.835739799085857,0.4042143739695471,-0.45180282414640843,0.26547797083975644,-0.2151403071615809,-0.24280354757909095,-0.07165697267302053,-0.35333553032809517,25.0,58.0,42.0,375.0,0.38999998569488525,0.8500000238418579,34.79999923706055,185.0,146.25,265.297607421875,1.3809523582458496,1.0,0.008500000461935997,2.2666666507720947,0.15209999680519104,2.5641026496887207,5.926926136016846,146.25,2.0641026496887207,625.0,9.75,9375.0,140625.0,0.5385714173316956,15.0,0.8095238208770752,0.8810811042785645,0.36666667461395264,0.34130436182022095,0.18478260934352875,38.6,25
-0.1566844093779026,-0.012651880505422718,-0.30043684414600613,-0.9915324554788665,0.023798973809433563,0.057702230408776756,-3.5095386540797895,-0.06126065876541048,-0.011328047513364218,0.1496263034337784,-0.1170041961566764,0.0,-0.0010324947707457423,-0.028055230648805298,-0.11963082919237948,-0.006048853420267135,-0.19625317884541058,0.1237235276317531,0.08992752475697756,-0.9693274017280491,0.010268311902736221,-0.5216120488047178,-0.9285122717234161,0.45007113431418283,-0.35552410093991155,0.16038875138718356,0.47771274818267945,-0.12458271954401993,-0.25000363029344624,-0.33589164936251636,25.0,58.0,42.0,375.0,0.4000000059604645,0.8500000238418579,36.5,183.0,150.0,269.047607421875,1.3809523582458496,1.0,0.008500000461935997,2.2666666507720947,0.1599999964237213,2.5,5.926926136016846,150.0,2.0,625.0,10.0,9375.0,140625.0,0.5523809790611267,15.0,0.796875,0.437158465385437,1.7166666984558105,0.34130436182022095,0.010869565419852734,45.7,25
-0.17212494304759574,-0.01672510887555754,-0.31569147807662246,-1.050504086597606,-0.02504256272228483,0.06880901879266753,-6.098377394568066,-0.0492017630426111,0.06435443501649116,0.573354085048248,-0.1169675168078462,0.0,0.0014564745166802547,0.03641582187759187,-0.12247131046058739,0.06513202294229078,-0.20743577194358767,0.062423356003162164,0.12554439065311465,-0.9494132247001913,-0.008642662920176387,-0.4825325440398205,-0.9818841750862441,0.39318900390277634,-0.523836124523219,0.1382168320457727,-0.0587183974075528,-0.1588616697840603,0.26918460350474677,-0.6087365343137091,25.0,58.0,42.0,375.0,0.4000000059604645,0.8999999761581421,26.700000762939453,188.0,150.0,269.047607421875,1.3809523582458496,1.0,0.008999999612569809,2.4000000953674316,0.1599999964237213,2.5,5.926926136016846,150.0,2.0,625.0,10.0,9375.0,140625.0,0.5523809790611267,15.0,0.796875,0.8776595592498779,0.38333332538604736,0.24565216898918152,0.06521739065647125,39.01,25
-0.1566844093779026,-0.011087856543667219,-0.29556576764306625,-0.9887605356813066,0.00035239583000490425,0.07559725010383893,-4.03898294598591,-0.12835447851851062,0.04154606481523789,0.1165951255517531,-0.11700898801810439,0.0,-0.004545520403100062,-0.09361476794881521,-0.1263692674555752,0.027142049495232228,-0.2043398437835555,0.09177488454184035,0.08472548156550108,-0.9485141501594027,-0.010629866265167926,-0.5608245762091105,-0.9957452706278358,0.39183019558728366,-0.4190735000386482,0.1478806819900385,0.3545322269175066,0.08072757214551568,0.2297823916095154,-0.47149069928249265,25.0,58.0,42.0,375.0,0.4000000059604645,0.8999999761581421,34.400001525878906,181.0,150.0,269.047607421875,1.3809523582458496,1.0,0.008999999612569809,2.4000000953674316,0.1599999964237213,2.5,5.926926136016846,150.0,2.0,625.0,10.0,9375.0,140625.0,0.5523809790611267,15.0,0.796875,0.2983425557613373,2.116666555404663,0.24565216898918152,0.07391304522752762,48.85,25
-0.18137410464340334,0.0033680279244916495,-0.2706490134950599,-1.0871895848349322,0.04103451032758108,0.07446353334104705,-3.851877285533625,0.07333052077739331,0.036071018629055714,0.3066050648170224,-0.11015583596918192,0.0,0.004697478469898468,0.09220255463247165,-0.14598781001710445,0.016534176177369787,-0.2009662757676226,0.09841566862773332,0.08904984282898375,-0.9593643585096046,-0.04626480375495685,-0.6705399830140566,-1.0018731146361675,0.5962359658847693,-0.40885191916284735,0.16533875087940886,0.09738956553010011,-0.12622664147987234,-0.3137087649395952,-0.3437824273964033,25.0,58.0,42.0,375.0,0.4000000059604645,0.8999999761581421,37.61000061035156,180.0,150.0,269.047607421875,1.3809523582458496,1.0,0.008999999612569809,2.4000000953674316,0.1599999964237213,2.5,5.926926136016846,150.0,2.0,625.0,10.0,9375.0,140625.0,0.5523809790611267,15.0,0.796875,0.8611111044883728,0.4166666567325592,0.09565217047929764,0.18478260934352875,42.91,25
-0.16980125716293398,-0.01393815014119203,-0.2762182668134173,-1.066808829798273,-0.015120739993298573,0.07803257889703934,-6.319835673109702,0.0890071900356175,0.040118681964531985,0.6314734685382075,-0.09914642991608585,0.0,0.024207029189697818,-0.1185770130542495,-0.09500892182653312,0.06635289195275756,-0.32910381116131365,0.0780449143989165,0.10958328737306845,-1.0151677609269103,-0.021737347021413164,-0.6077338303915625,-1.001809866037751,0.3849960550814444,-0.4664312539995421,0.1287016847751154,-0.33957649825455605,-0.13059241387714596,0.05083913825150703,0.46840309553301734,25.0,58.0,42.0,375.0,0.4000000059604645,0.8999999761581421,24.75,173.0,150.0,269.047607421875,1.3809523582458496,1.0,0.008999999612569809,2.4000000953674316,0.1599999964237213,2.5,5.926926136016846,150.0,2.0,625.0,10.0,9375.0,140625.0,0.5523809790611267,15.0,0.796875,0.8959537744522095,0.30000001192092896,0.09565217047929764,0.35217392444610596,30.1,25
-0.1658005224574096,-0.012529540147728507,-0.2811543720485407,-1.0020008930328745,0.05454791467849827,0.05445671745134173,-3.401218716286703,-0.2398072112609708,-0.01581035651900324,0.19436388398232962,-0.11186939790389788,0.0,0.007274644862195825,-0.014725205722185088,-0.14649159312647986,-0.01527591689356352,-0.19293479455937695,0.07026628795094549,0.1102273068253047,-0.9117328562001993,-0.02670051918760297,-0.6234485173203321,-1.0181985158344036,0.5327292783054419,-0.33702675032490825,0.14388117505516684,0.1746052952832364,-0.27497358515966536,-0.27102340975853106,-0.3337807904025418,25.0,58.0,42.0,375.0,0.4000000059604645,0.8999999761581421,38.2599983215332,200.0,150.0,269.047607421875,1.3809523582458496,1.0,0.008999999612569809,2.4000000953674316,0.1599999964237213,2.5,5.926926136016846,150.0,2.0,625.0,10.0,9375.0,140625.0,0.5523809790611267,15.0,0.796875,0.7799999713897705,0.7333333492279053,0.09565217047929764,0.010869565419852734,47.92,25
-0.18760149893012157,-0.04073665261955907,-0.28342094080960706,-0.9427637425913481,0.011243031530286779,0.06857639506368213,-6.209280117143028,-0.18153616170844225,0.05803641611037249,0.3545338313265739,-0.11219217594865682,0.0,0.010424105510419123,0.08981669731063144,0.03319317260992741,-0.006728513671306019,-0.19357257816713028,0.04894788712441738,0.09164918462565717,-0.9749428654683533,0.06131798012286522,-0.523589911159805,-1.0018236192685923,0.33159243782394926,-0.4942637261541693,0.16534012799650644,0.20766506873900084,0.2508046994435577,0.47549307045015154,0.5994392790152938,25.0,58.0,42.0,375.0,0.4000000059604645,0.8999999761581421,30.860000610351562,190.0,150.0,269.047607421875,1.3809523582458496,1.0,0.008999999612569809,2.4000000953674316,0.1599999964237213,2.5,5.926926136016846,150.0,2.0,625.0,10.0,9375.0,140625.0,0.5523809790611267,15.0,0.796875,1.0,0.0,0.24565216898918152,0.35217392444610596,39.68,25
-0.17225799156389635,-0.012307180705073025,-0.31999669571525496,-0.9855391849116759,0.014376342064784654,0.07339433013611385,-5.262572674677031,-0.11712331928950645,0.05643638952764104,0.14268834973422997,-0.11518432826816664,0.0,-0.005480729028252805,0.03845663994818096,-0.12182364155536102,-0.0008277909918037535,-0.1935664438045504,0.10560367474422243,0.08486978667134341,-0.9843760364929623,0.0077995643515545495,-0.548770195957338,-1.026278124865315,0.3419867419628897,-0.5049381879590331,0.09269929341771482,-0.07235543790261856,-0.16973235634736825,0.23654557252581263,-0.3174816142519905,25.0,58.0,42.0,375.0,0.4000000059604645,0.8999999761581421,31.360000610351562,200.0,150.0,269.047607421875,1.3809523582458496,1.0,0.008999999612569809,2.4000000953674316,0.1599999964237213,2.5,5.926926136016846,150.0,2.0,625.0,10.0,9375.0,140625.0,0.5523809790611267,15.0,0.796875,0.8349999785423279,0.550000011920929,0.24565216898918152,0.18478260934352875,39.13,25
-0.20237927228018726,-0.009242891000444096,-0.2748451870895527,-1.115700099178929,0.015528477183691602,0.06440564212765901,-0.5924017816545442,0.044390528669108885,0.023603991797542214,0.1372614907369437,-0.08964265619725732,0.0,0.0041625618591357985,0.056572701564246757,-0.12229719317065157,-0.00831970881938601,-0.20830274200865687,0.059466451954240725,0.013171024010415885,-0.8430759150472327,0.033837326355811145,-0.37910832287411794,-1.0012197962700804,0.31090843334997775,-0.39672612945115354,0.14695437206080658,-0.09207756612776324,-0.10728283847307366,0.36493392173202316,-0.7137430736447321,25.0,58.0,42.0,375.0,0.4000000059604645,0.8999999761581421,40.119998931884766,178.0,150.0,269.047607421875,1.3809523582458496,1.0,0.008999999612569809,2.4000000953674316,0.1599999964237213,2.5,5.926926136016846,150.0,2.0,625.0,10.0,9375.0,140625.0,0.5523809790611267,15.0,0.796875,0.8595505356788635,0.4166666567325592,0.24565216898918152,0.010869565419852734,49.68,25
-0.1455838390150575,-0.04562016043615551,-0.3020425547869722,-0.9362462943344905,0.015317064910054027,0.05843120606477721,-5.915036616409322,-0.1287974534968488,0.02518523037884359,0.3420111260742734,-0.09601820184573003,0.0,0.008462049934288866,0.011456207155233196,0.0073566832887224905,0.049909402308997514,-0.2597034568972374,0.021386974751601066,0.08605220206869978,-0.9568389127804433,-0.009336782583235814,-0.5878968060354972,-0.9920220290931737,0.3328872215031368,-0.48570615071596623,0.14485133624142316,0.07613904600292877,0.347230367383748,-0.3310451393014849,-0.3041025408160945,25.0,58.0,42.0,375.0,0.4000000059604645,0.8999999761581421,29.760000228881836,196.0,150.0,269.047607421875,1.3809523582458496,1.0,0.008999999612569809,2.4000000953674316,0.1599999964237213,2.5,5.926926136016846,150.0,2.0,625.0,10.0,9375.0,140625.0,0.5523809790611267,15.0,0.796875,0.9693877696990967,0.10000000149011612,0.09565217047929764,0.07391304522752762,35.07,25
-0.22634946868993228,0.012806272334256637,-0.2311127754767783,-0.8858515321920085,0.1696346156531375,0.0749534834765629,1.2020855150866825,-0.17712583905609605,0.1804938144408433,-0.6471142652931928,-0.08898292937239509,0.0,0.0024769304239165334,0.009978562637479347,0.1608768022976955,-0.03731359166507406,-0.20292483799710523,0.27570627299782374,0.10460609343174937,-0.6958331575273927,-0.7250036490757072,-0.3851320077748267,-0.9640911402827892,0.2278119137046597,-0.3445959588191412,0.17307489671690945,-0.39441517226060646,-0.412993036909216,-0.06175052357404381,-0.3604475324866257,25.0,58.0,42.0,375.0,0.38999998569488525,0.8999999761581421,43.529998779296875,205.0,146.25,265.297607421875,1.3809523582458496,1.0,0.008999999612569809,2.4000000953674316,0.15209999680519104,2.5641026496887207,5.926926136016846,146.25,2.0641026496887207,625.0,9.75,9375.0,140625.0,0.5385714173316956,15.0,0.8095238208770752,0.8292682766914368,0.5833333134651184,0.34130436182022095,0.18478260934352875,51.72,25
-0.23144628873427453,0.009795186835576414,-0.2382934398309929,-0.9210336831176036,0.17291116438430348,0.06526669058962654,0.7844860779264987,-0.22499282255418687,0.13051729853091604,-0.7177050663722393,-0.08945485083413175,0.0,-0.00456185906951741,-0.07861081687392214,0.07399213745871186,-0.027042027069790527,-0.1936010488376821,0.21033324054262706,0.12172517654917388,-0.6169670467375649,-0.716288540154523,-0.31501145359215676,-0.9721982245838403,0.23706092932121303,-0.37532272713663095,0.18458053193940477,-0.2076291728586699,-0.3951689232639699,-0.08938565310357238,-0.49528817994263197,25.0,58.0,42.0,375.0,0.38999998569488525,0.8999999761581421,41.099998474121094,220.0,146.25,265.297607421875,1.3809523582458496,1.0,0.008999999612569809,2.4000000953674316,0.15209999680519104,2.5641026496887207,5.926926136016846,146.25,2.0641026496887207,625.0,9.75,9375.0,140625.0,0.5385714173316956,15.0,0.8095238208770752,0.75,0.9166666865348816,0.34130436182022095,0.06521739065647125,49.88,25
-0.24121710275454794,-0.003658424901736519,-0.23371356800332563,-1.0041079986292554,0.15945186306865183,0.05499837869481474,-0.3290594104318205,-0.2056609070289274,0.24201220421447805,-0.6860790531092843,-0.08677172226471541,0.0,-0.02433936667118364,0.029632122932881526,0.10843087515747359,-0.00023772663738518807,-0.22547753656089645,0.24260466559487298,0.1002435090778451,-0.7778853240882914,-0.698237219592189,-0.3822565139294027,-0.9544689107261439,0.24214076251609948,-0.42878851462758893,0.21486371093780868,-0.2955708218480718,-0.2143882698118943,-0.26516093264651824,-0.8046031506666035,25.0,58.0,42.0,375.0,0.38999998569488525,0.8999999761581421,40.2599983215332,188.0,146.25,265.297607421875,1.3809523582458496,1.0,0.008999999612569809,2.4000000953674316,0.15209999680519104,2.5641026496887207,5.926926136016846,146.25,2.0641026496887207,625.0,9.75,9375.0,140625.0,0.5385714173316956,15.0,0.8095238208770752,0.8936170339584351,0.3333333432674408,0.34130436182022095,0.010869565419852734,43.81,25
-0.2256047986293513,0.004896373438824903,-0.2206066490862371,-0.9179509529305492,0.16102688098960533,0.054080311144351134,1.1967167891579373,0.02388208515665442,0.12575675602895137,-0.5073993074713421,-0.0788904319444113,0.0,0.016150616965404613,0.06347201514303968,0.19703350264215574,-0.030892890762011935,-0.2484844278026527,0.2767802842626685,0.07561867408130907,-0.7290323441072326,-0.7435469202581321,-0.3658894123721697,-0.9542488089194061,0.17113010946226806,-0.4248787901124736,0.18240471937742972,0.5691718078871179,0.2314630760740659,0.483087978415809,-0.25713772861191075,25.0,58.0,42.0,375.0,0.38999998569488525,0.8999999761581421,43.040000915527344,190.0,146.25,265.297607421875,1.3809523582458496,1.0,0.008999999612569809,2.4000000953674316,0.15209999680519104,2.5641026496887207,5.926926136016846,146.25,2.0641026496887207,625.0,9.75,9375.0,140625.0,0.5385714173316956,15.0,0.8095238208770752,1.01578950881958,-0.05000000074505806,0.24565216898918152,0.18478260934352875,51.81,25
-0.22634946868993228,0.011979295907003624,-0.2189015906217465,-0.9408613055361282,0.16977551849109482,0.061614434674583524,1.155904775711194,-0.20960584492857828,0.032922034710281316,-0.6745303739860217,-0.07902664627565362,0.0,0.004172919236675964,0.014942697845005917,0.07255644754744134,-0.03304844788836852,-0.23767119747465326,0.18420824177217215,0.11715541812610943,-0.7147839223037762,-0.7090835839728395,-0.3196274524501328,-0.9895374027622585,0.27230906208283484,-0.40685451222566366,0.16573423696075856,-0.6109139583878539,-0.16968734554004056,0.47981400658420303,-0.564357572796517,25.0,58.0,42.0,375.0,0.38999998569488525,0.8999999761581421,43.06999969482422,200.0,146.25,265.297607421875,1.3809523582458496,1.0,0.008999999612569809,2.4000000953674316,0.15209999680519104,2.5641026496887207,5.926926136016846,146.25,2.0641026496887207,625.0,9.75,9375.0,140625.0,0.5385714173316956,15.0,0.8095238208770752,0.8999999761581421,0.3333333432674408,0.24565216898918152,0.06521739065647125,49.46,25
-0.21295913399963165,0.045174729374297395,-0.19601567499242745,-0.9182656280313624,0.1601868705077138,0.10188018988997029,1.848595273019233,0.23615900681970667,0.10927347199119036,-0.5839858334892066,-0.09644276667749005,0.0,0.025338129865997323,-0.004218331106211605,0.13595628352421046,0.0020550226782876926,-0.19552143893812268,0.3572694135006456,0.033807349602346555,-0.7445402593483408,-0.7847986735054713,-0.347665864987818,-0.9642343249060344,0.22857322257179993,-0.3194385717925717,0.11305337896092583,-0.06872487932208096,-0.2993385361607355,0.25580021145188775,0.6552753966628185,25.0,58.0,42.0,375.0,0.38999998569488525,0.8999999761581421,44.41999816894531,172.0,146.25,265.297607421875,1.3809523582458496,1.0,0.008999999612569809,2.4000000953674316,0.15209999680519104,2.5641026496887207,5.926926136016846,146.25,2.0641026496887207,625.0,9.75,9375.0,140625.0,0.5385714173316956,15.0,0.8095238208770752,0.5930232405662537,1.1666666269302368,0.24565216898918152,0.35217392444610596,53.35,25
-0.210351151977676,-0.04026152663705794,-0.23469966857959595,-0.9291764489550386,0.1495186070508577,0.052143207934199076,-5.52803940424106,-0.27701823495540745,0.2149358913818614,-0.4684220011288974,-0.11487206187915004,0.0,-0.03166439199827936,0.13844882146688864,0.1389941912070831,0.021367929664034332,-0.20348151509838933,0.23149785984606303,0.14283168401083784,-0.9925203042051302,-0.7782926019792072,-0.4307851526867268,-0.933734255273071,0.35177371300875454,-0.47715658372261077,0.2526653017795478,0.2842079759525781,0.1932889063153366,-0.06914999057649598,-0.5703347883735573,25.0,58.0,42.0,375.0,0.38999998569488525,0.8999999761581421,32.869998931884766,188.0,146.25,265.297607421875,1.3809523582458496,1.0,0.008999999612569809,2.4000000953674316,0.15209999680519104,2.5641026496887207,5.926926136016846,146.25,2.0641026496887207,625.0,9.75,9375.0,140625.0,0.5385714173316956,15.0,0.8095238208770752,1.0106383562088013,-0.03333333507180214,0.34130436182022095,0.06521739065647125,37.94,25
-0.22384195640619858,0.01165311414443343,-0.22830405873368417,-0.8438049658909302,0.1479600518727698,0.07972368585665608,1.1673705771408014,0.11607574834405762,0.09036005562456975,-0.5703738699049377,-0.10663872546110836,0.0,0.0193232272966834,0.014115029559620476,0.05923727337823557,-0.02799731320334599,-0.2174815213220819,0.27940109265240765,0.08637468980523996,-0.7356939798898859,-0.7569076861730996,-0.45879625349774467,-0.93160824935104,0.23962497926498066,-0.3559855654797201,0.12428362639473343,0.5443600917127822,0.526934516619921,-0.7503872075085506,-0.4166753198464725,25.0,58.0,42.0,375.0,0.38999998569488525,0.8999999761581421,41.90999984741211,162.0,146.25,265.297607421875,1.3809523582458496,1.0,0.008999999612569809,2.4000000953674316,0.15209999680519104,2.5641026496887207,5.926926136016846,146.25,2.0641026496887207,625.0,9.75,9375.0,140625.0,0.5385714173316956,15.0,0.8095238208770752,0.9753086566925049,0.06666667014360428,0.02391304261982441,0.06521739065647125,50.88,25
-0.20237927228018726,0.007828082178230574,-0.27838950280338576,-1.0781063917899374,0.04010682646074081,0.06948959326265781,-3.1499967204016754,-0.01366960491822602,0.05209556028842976,0.21200555351714875,-0.11268464941753054,0.0,0.0001759750564036155,0.0721919626295195,-0.15892508589812981,0.005728883287544024,-0.2101794278180756,0.08455312170214546,0.03738308041241023,-0.9222752668379361,-0.05218576774345976,-0.6381439274470512,-1.051862731467976,0.5786781983870807,-0.35456291423577,0.10617619203023533,0.034505740654352135,-0.1072394049798003,-0.5140053731206531,-0.35251408863388634,25.0,58.0,42.0,375.0,0.4000000059604645,0.8999999761581421,38.81999969482422,178.0,150.0,269.047607421875,1.3809523582458496,1.0,0.008999999612569809,2.4000000953674316,0.1599999964237213,2.5,5.926926136016846,150.0,2.0,625.0,10.0,9375.0,140625.0,0.5523809790611267,15.0,0.796875,0.8707864880561829,0.38333332538604736,0.02391304261982441,0.07391304522752762,47.63,25
-0.20163460221960633,0.005198636533168045,-0.29365198594492975,-0.9485450441033108,0.02683895098141531,0.05945705926265153,-1.5977559934341306,0.22335825780544885,-0.020599440467538227,0.3197855674319739,-0.0838460060182993,0.0,0.024407447937184655,-0.036793714401232476,-0.013579914985140171,-0.002908794428045351,-0.211250866103773,0.01566808777146667,0.07861655864152656,-0.9610145942892879,-0.04072894282744465,-0.5096112447374544,-0.9922401981546748,0.33857320166683796,-0.36372595165582294,0.08968460485320733,0.11480808943800418,0.1830355195069034,-0.7795742016958132,-0.28666199729091546,25.0,58.0,42.0,375.0,0.4000000059604645,0.8999999761581421,39.95000076293945,163.0,150.0,269.047607421875,1.3809523582458496,1.0,0.008999999612569809,2.4000000953674316,0.1599999964237213,2.5,5.926926136016846,150.0,2.0,625.0,10.0,9375.0,140625.0,0.5523809790611267,15.0,0.796875,1.0674846172332764,-0.18333333730697632,0.02391304261982441,0.18478260934352875,47.48,25
-0.19468697054910772,-0.006275487994282839,-0.25833023778407116,-1.0888778033831987,-0.010563491315093721,0.07774583369408036,1.6102666823318028,0.01823359739350863,0.001033807468843752,0.14175705558142113,-0.0315183485794339,0.0,0.031084671642937108,-0.05111207020125614,-0.13543101470698787,-0.05166238057851125,-0.20220486297527646,0.059129016994358935,0.035508158143978535,-0.7117874779973065,0.04037718667791275,-0.4557277403845056,-1.004809624415959,0.4162242750592638,-0.30712085791906973,0.10074721983669292,-1.1221503822739003,-0.15702929682799635,-0.3784693694026972,-0.10438677725566976,25.0,58.0,42.0,375.0,0.4000000059604645,0.8999999761581421,44.439998626708984,168.0,150.0,269.047607421875,1.3809523582458496,1.0,0.008999999612569809,2.4000000953674316,0.1599999964237213,2.5,5.926926136016846,150.0,2.0,625.0,10.0,9375.0,140625.0,0.5523809790611267,15.0,0.796875,0.9047619104385376,0.2666666805744171,0.02391304261982441,0.010869565419852734,51.63,25
-0.17225799156389635,-0.01335877965221404,-0.3050806317473046,-1.0499308416848687,0.014289944608607327,0.06510878715631702,-5.117081425971561,-0.0899392031419243,0.05186123370197186,0.24639533783532314,-0.10644628867697817,0.0,-0.0035635070494016673,0.03954977006229857,-0.14914208707540458,0.008068274789003065,-0.23842652747106932,0.08268114446395519,0.08291291866263208,-0.937557268954696,-0.02429430326845731,-0.5871651895542509,-0.9948348684254511,0.3475465404313319,-0.44496479152074325,0.08788691527785265,0.03396711503263656,-0.12436212800656693,-0.07920850054610105,-0.3439327027623564,25.0,58.0,42.0,375.0,0.4000000059604645,0.8999999761581421,31.389999389648438,178.0,150.0,269.047607421875,1.3809523582458496,1.0,0.008999999612569809,2.4000000953674316,0.1599999964237213,2.5,5.926926136016846,150.0,2.0,625.0,10.0,9375.0,140625.0,0.5523809790611267,15.0,0.796875,0.8764045238494873,0.36666667461395264,0.08695652335882187,0.07391304522752762,38.64333333333334,25
-0.17225799156389635,-0.012888293078826885,-0.2731669221698171,-1.0387142616920788,0.01574486704798601,0.06102171715587755,-4.976326244359707,-0.13811538235654924,0.05560730410636214,0.2027215541261331,-0.11197463866532495,0.0,-0.0014282906914341938,0.0380842631107919,-0.1491418738029525,0.007973517925816227,-0.24670097191122284,0.09104385124776285,0.12169303259492492,-0.9373938494504153,-0.037260193907598445,-0.5265122453214734,-0.9955892788378907,0.3873366414466922,-0.41568107405347604,0.11192555318489737,-0.019679495724741466,-0.19255249311841566,-0.04360242036123071,-0.5708204110299544,25.0,58.0,42.0,375.0,0.4000000059604645,0.8999999761581421,32.41666793823242,182.0,150.0,269.047607421875,1.3809523582458496,1.0,0.008999999612569809,2.4000000953674316,0.1599999964237213,2.5,5.926926136016846,150.0,2.0,625.0,10.0,9375.0,140625.0,0.5523809790611267,15.0,0.796875,0.8901098966598511,0.3333333432674408,0.08695652335882187,0.06521739065647125,39.81333333333333,25
-0.17225799156389635,-0.015733489132559435,-0.2689680429036637,-1.0767036826635388,0.013106543328990026,0.06624805827269468,-4.342377627926432,-0.088196701961436,0.026893296784490928,0.31263882671074905,-0.11021346456303686,0.0,0.005630831464470228,0.1117747097410122,-0.15015851308265318,0.008032631019144844,-0.26970076904736473,0.12834901005364907,0.09088130534126783,-0.9601450497734131,-0.08352012994568575,-0.6142762587313715,-1.0457300634439326,0.3902224097403147,-0.36892459367392266,0.15078040202677986,0.07543332340172416,-0.1803359585333485,-0.22656167485454648,-0.34805074064222913,25.0,58.0,42.0,375.0,0.4000000059604645,0.8999999761581421,34.54999923706055,188.0,150.0,269.047607421875,1.3809523582458496,1.0,0.008999999612569809,2.4000000953674316,0.1599999964237213,2.5,5.926926136016846,150.0,2.0,625.0,10.0,9375.0,140625.0,0.5523809790611267,15.0,0.796875,0.8723404407501221,0.4000000059604645,0.08695652335882187,0.18478260934352875,39.586666666666666,25
-0.17225799156389635,-0.03608647172744349,-0.276460762438039,-1.0387142616920788,0.01574486704798601,0.05081646556233445,-4.818848605691451,-0.16420286442584145,0.038522256483163875,0.21174783946219675,-0.11197463866532495,0.0,0.0063360980425652535,0.04460220937625471,-0.14904188932751175,-0.010806259776118491,-0.24560389369930466,0.09903775257599634,0.11353094378769836,-0.9373938494504153,0.0222130584577255,-0.5265122453214734,-0.9956338747663811,0.44427306244051745,-0.36580693347516274,0.08788691527785265,0.0225637855212285,-0.17951199125081463,0.044356205149064486,-0.07388420694212557,25.0,58.0,42.0,375.0,0.4000000059604645,0.8999999761581421,32.776668548583984,180.0,150.0,269.047607421875,1.3809523582458496,1.0,0.008999999612569809,2.4000000953674316,0.1599999964237213,2.5,5.926926136016846,150.0,2.0,625.0,10.0,9375.0,140625.0,0.5523809790611267,15.0,0.796875,0.8888888955116272,0.3333333432674408,0.08695652335882187,0.010869565419852734,39.79,25
-0.1755855076305855,-0.03797039485461867,-0.28715196318361613,-1.0331976764407043,0.032660027918596506,0.04147114200928595,-4.455576951350098,-0.40780345523383954,-0.06255878493438306,0.25923624850245214,-0.12652556560919395,0.0,-0.0527524813676988,0.046781515531841095,-0.10498355742813212,-0.018487845135594528,-0.22024465269683702,-0.16302466826479214,0.1061629856410587,-0.9653709702936294,-0.021557140250326488,-0.5001014662918727,-0.9827796080965844,0.4181041512648855,-0.41976955981351116,0.19558377834526713,-0.07183820303299912,-0.24726722892520475,-0.3649453248733956,-0.4232745255932163,25.0,58.0,42.0,380.0,0.4000000059604645,0.8999999761581421,34.29999923706055,195.0,152.0,272.6349182128906,1.3809523582458496,1.0,0.008999999612569809,2.3684210777282715,0.1599999964237213,2.5,5.940171241760254,152.0,2.0,625.0,10.0,9500.0,144400.0,0.5523809790611267,15.199999809265137,0.796875,0.9230769276618958,0.25,0.34130436182022095,0.028260869905352592,38.44,25
-0.18209885245540136,0.0768718764459195,0.12816437817603363,-1.194888866382666,0.06286354255570695,0.0594847225252244,-3.5991189148413016,-0.07800208219564386,-0.0638951081149158,0.2334607709598714,-0.009526196488906553,0.0,0.003473603979264482,0.0666551484686893,-0.09724981202046061,-0.0059202375980873965,-0.19083784056790074,-0.07072941009084607,0.0567683342452177,-0.9885718755797552,-0.06488544717489284,-0.5196231921591372,-0.7741581965040851,0.3179850805558577,-0.32413004652911226,0.14698883865669574,-0.15090802926605906,-0.2857095222917531,-0.07591571384915759,0.4498768383505478,25.0,60.0,40.0,380.0,0.4000000059604645,0.8500000238418579,37.880001068115234,215.0,152.0,272.6349182128906,1.5,1.0,0.008500000461935997,2.236842155456543,0.1599999964237213,2.5,5.940171241760254,152.0,2.0,625.0,10.0,9500.0,144400.0,0.6000000238418579,15.199999809265137,0.796875,0.7906976938247681,0.75,0.34130436182022095,0.35217392444610596,42.93,25
-0.1716889107405196,0.054920739519886554,0.10893421589458262,-1.1478534308043427,0.0027201349233712266,0.07801108394649689,-4.430782495486034,0.023463627365027627,-0.23366186234397668,0.04211972016192959,0.005275435224266481,0.0,-0.0020635344305016687,0.03176594123544261,-0.1695850778974168,-0.005836517921578772,-0.21526071215910234,-0.31722293203590074,0.0477794522965709,-0.9779302994847305,-0.1334413831847885,-0.5616037308481968,-0.9175279163622835,0.025530348297585426,-0.46260232736935103,0.13105025335204176,-0.10950521993086033,-0.2594832557590248,0.21348510693334707,-0.35160602822079834,25.0,60.0,40.0,380.0,0.4099999964237213,0.8999999761581421,34.90999984741211,210.0,155.8000030517578,276.4349060058594,1.5,1.0,0.008999999612569809,2.3684210777282715,0.1680999994277954,2.4390244483947754,5.940171241760254,155.8000030517578,1.9390244483947754,625.0,10.25,9500.0,144400.0,0.6150000095367432,15.199999809265137,0.7846153974533081,0.8571428656578064,0.5,0.24565216898918152,0.18478260934352875,44.58,25
-0.1829548401658111,0.014966175579939685,-0.037691902510959094,-1.040839650890373,-0.019356483720312217,0.09432497047641518,-6.643968035676515,0.23978978700915043,-0.2514319678452484,0.5359294286469283,0.010882781848247055,0.0,0.03323881630289075,-0.2985871633912122,-0.09963931299932621,0.03670142615723103,-0.2537164249346591,-0.26711892776472496,0.1058079117726941,-0.982895080273811,-0.16865130282576715,-0.5492889055984342,-0.866566372941757,-0.0748118576658769,-0.521863561705976,0.15965274481621688,0.0671377919353438,-0.20192381812281313,-0.4342213716951619,-0.5471069133824217,25.0,60.0,40.0,380.0,0.4099999964237213,1.0,25.829999923706055,215.0,155.8000030517578,276.4349060058594,1.5,1.0,0.009999999776482582,2.6315789222717285,0.1680999994277954,2.4390244483947754,5.940171241760254,155.8000030517578,1.9390244483947754,625.0,10.25,9500.0,144400.0,0.6150000095367432,15.199999809265137,0.7846153974533081,0.9534883499145508,0.1666666716337204,0.34130436182022095,0.06521739065647125,30.42,25
-0.2258656405364252,0.03367003355132966,0.034803032660563255,-1.1147369550026296,0.02195561445641795,0.08010188649239741,-7.723664934274802,-0.14232052209338003,0.002617967403020314,0.744222195189555,-0.007282637076725879,0.0,-0.055781703966727415,-0.15400242946513837,0.03830666150768176,0.028141073750642478,-0.3205195634191086,-0.08835267053527107,0.12244631840376818,-0.9818901240941657,0.00935332694644004,-0.511457468139224,-0.8886985440227473,0.12022785575808928,-0.5056045659084183,0.27690572015627635,0.43332952987029294,0.35369294166555837,0.430367957296173,-0.5629918520485722,25.0,60.0,40.0,380.0,0.4000000059604645,0.949999988079071,22.18000030517578,200.0,152.0,272.6349182128906,1.5,1.0,0.009499999694526196,2.5,0.1599999964237213,2.5,5.940171241760254,152.0,2.0,625.0,10.0,9500.0,144400.0,0.6000000238418579,15.199999809265137,0.796875,1.0,0.0,0.24565216898918152,0.06521739065647125,32.02,25
-0.2102578856098381,0.00759028299803145,0.04230423095568183,-1.0225495731525003,0.20945016197823724,0.06697031508896399,-0.08159870924139281,-0.0187160444261225,0.1990480274149917,0.007470069336557278,-0.021679200684181103,0.0,0.002943884015326629,-0.056699101791412854,0.08836579609902692,-0.0038161234440831472,-0.2194231080954096,0.1896063522797604,0.08018326929876167,-0.7888117119331401,-0.7702656773546487,-0.3600309852439231,-0.7449679794077523,0.18519339240520183,-0.40961487004826663,0.1503683572109178,-0.22579562429984873,-0.16190435230263042,-0.07257624725420873,-0.6754792928569701,25.0,60.0,40.0,380.0,0.38999998569488525,0.8500000238418579,40.27000045776367,200.0,148.1999969482422,268.8349304199219,1.5,1.0,0.008500000461935997,2.236842155456543,0.15209999680519104,2.5641026496887207,5.940171241760254,148.1999969482422,2.0641026496887207,625.0,9.75,9500.0,144400.0,0.5849999785423279,15.199999809265137,0.8095238208770752,0.875,0.4166666567325592,0.34130436182022095,0.06521739065647125,43.22,25
-0.2077503733261044,-0.003986695534709367,0.05230308121442901,-0.9451165226077073,0.21561657459342567,0.05926092280002091,-0.11209672885693842,-0.04571043051004734,0.26051481378379904,0.30184317950313805,-0.03555669945848408,0.0,-0.0013834684130352812,-0.17871660969602263,0.09500933764647769,-0.015555601981997947,-0.2154014788330442,0.1698989743817164,0.1574893356903717,-0.843349180530408,-0.7352162193680754,-0.5772560941201144,-0.6721201899323337,0.16059076579018008,-0.3236263347042468,0.1806078957299485,0.5779342147678772,0.4609850201769472,-1.0539330218216325,-0.26613749924104346,25.0,60.0,40.0,380.0,0.38999998569488525,0.8500000238418579,40.27000045776367,190.0,148.1999969482422,268.8349304199219,1.5,1.0,0.008500000461935997,2.236842155456543,0.15209999680519104,2.5641026496887207,5.940171241760254,148.1999969482422,2.0641026496887207,625.0,9.75,9500.0,144400.0,0.5849999785423279,15.199999809265137,0.8095238208770752,0.9736841917037964,0.0833333358168602,0.08695652335882187,0.18478260934352875,51.26,25
-0.1980144866157969,0.03239677901988578,0.10132002240265282,-1.0332870863687713,-0.013273866512460208,0.07022709711127868,2.562385597301805,0.001425977977501277,-0.061162913084278125,0.18889828725211838,-0.01768055848472333,0.0,0.03344547731075801,0.23732881105937673,-0.08655408836107065,-0.042208932434031975,-0.22270214788945059,-0.09903450976794892,0.04843058753466778,-0.7384795327057926,-0.05044331584127227,-0.5435824939589198,-0.7913589133306513,0.2861256417164703,-0.3352441112138736,0.12312929810387903,-0.027872120757051387,-0.18540665097975034,-0.7221253565475927,-0.4467956700355742,25.0,60.0,40.0,380.0,0.4000000059604645,0.8999999761581421,45.9900016784668,195.0,152.0,272.6349182128906,1.5,1.0,0.008999999612569809,2.3684210777282715,0.1599999964237213,2.5,5.940171241760254,152.0,2.0,625.0,10.0,9500.0,144400.0,0.6000000238418579,15.199999809265137,0.796875,0.8717948794364929,0.4166666567325592,0.08695652335882187,0.18478260934352875,48.67,25
-0.1980144866157969,0.04352093720579174,0.08645685912390282,-1.1469680875864974,0.09456210239888939,0.06277180382067293,1.1007954974361807,0.02205959760228228,-0.06951916591002956,0.2738759680085909,-0.02771135323549897,0.0,-0.00539421833243955,-0.02785726504968809,-0.08401615945693963,-0.027401919164581356,-0.2303080128245706,-0.15768122410153051,0.06240533703612064,-0.664570655376466,-0.016237348724219124,-0.4189770384720408,-0.8842479469548238,0.2058563666398647,-0.3731360608891314,0.13733254067040268,0.06290262313161755,-0.12096554893263395,-0.043631329689210026,-0.3156550473778266,25.0,60.0,40.0,380.0,0.4000000059604645,0.8999999761581421,41.29999923706055,210.0,152.0,272.6349182128906,1.5,1.0,0.008999999612569809,2.3684210777282715,0.1599999964237213,2.5,5.940171241760254,152.0,2.0,625.0,10.0,9500.0,144400.0,0.6000000238418579,15.199999809265137,0.796875,0.9523809552192688,0.1666666716337204,0.34130436182022095,0.18478260934352875,46.67,25
-0.1716889107405196,0.05437414336963214,0.1167995452438021,-1.205828660478524,0.026065417664323343,0.07859146714086539,-3.9910457125908914,0.0035032472536561756,-0.1438832331374294,0.06459142595720105,0.00871706267979968,0.0,0.0027488337067392617,0.01665209337598232,-0.1945815945407081,0.003144770993450793,-0.2299696187406607,-0.3117208610904215,0.0477794522965709,-0.9727415730847825,-0.11438318203908301,-0.5676700226238202,-0.8598298786122756,0.03910847635462594,-0.3719563899607775,0.132591862969612,-0.014665200237176067,-0.22795631022342025,0.44017107845630654,-0.34999882847563235,25.0,60.0,40.0,380.0,0.4099999964237213,0.8999999761581421,35.52000045776367,210.0,155.8000030517578,276.4349060058594,1.5,1.0,0.008999999612569809,2.3684210777282715,0.1680999994277954,2.4390244483947754,5.940171241760254,155.8000030517578,1.9390244483947754,625.0,10.25,9500.0,144400.0,0.6150000095367432,15.199999809265137,0.7846153974533081,0.8333333134651184,0.5833333134651184,0.15217390656471252,0.18478260934352875,38.82,25
-0.15611532855452584,0.07483112425175287,0.1279344356284068,-1.2058086905212761,0.017927552959823272,0.05922928216638925,-3.886361677088207,-0.08929629494148793,-0.26662452436145756,0.04311291275217046,0.004296485823286244,0.0,-0.003912909222875761,-0.07347778313707011,-0.16627737031457324,-0.016187859930909747,-0.21837596824587052,-0.27033553074597133,0.04241865213877036,-0.9727976806434808,-0.10434953200226985,-0.5060577441470986,-0.7938186104933861,-0.01706605445818525,-0.3691887654239289,0.1461555372416889,0.11811348621400598,-0.24568647836480542,-0.28991745255474133,-0.2971304345661084,25.0,60.0,40.0,380.0,0.4099999964237213,0.8500000238418579,36.54999923706055,220.0,155.8000030517578,276.4349060058594,1.5,1.0,0.008500000461935997,2.236842155456543,0.1680999994277954,2.4390244483947754,5.940171241760254,155.8000030517578,1.9390244483947754,625.0,10.25,9500.0,144400.0,0.6150000095367432,15.199999809265137,0.7846153974533081,0.7954545617103577,0.75,0.34130436182022095,0.0,41.2,25
-0.1993501342318252,-0.013348342478850007,0.054280220944846344,-1.1162577310286916,-0.03610849813343818,0.06136650418140458,-6.5136360314477075,-0.007823089164811949,-0.18498503879242167,0.23273301149943382,-0.0020966836819090446,0.0,-0.00039324210847885516,-0.06781064766219329,-0.02829662365588928,0.0718228039124148,-0.2792783117562989,-0.2194448349348089,0.053856103269251936,-0.9789713047802104,-0.02846932265274055,-0.5476582083132655,-0.9012418211643546,-0.17176502833021012,-0.5079523127029176,0.11117282014430889,0.2728757164961587,0.3300268271828093,0.4950840298772221,-0.2571957662244551,25.0,60.0,40.0,380.0,0.4099999964237213,0.8999999761581421,28.399999618530273,180.0,155.8000030517578,276.4349060058594,1.5,1.0,0.008999999612569809,2.3684210777282715,0.1680999994277954,2.4390244483947754,5.940171241760254,155.8000030517578,1.9390244483947754,625.0,10.25,9500.0,144400.0,0.6150000095367432,15.199999809265137,0.7846153974533081,1.0,0.0,0.15217390656471252,0.18478260934352875,48.67,25
-0.1716889107405196,-0.03815440129605971,-0.30669862485012905,-1.0629737029957789,0.03138567350034391,0.02651431525207885,-4.821386550742847,-0.2987243348403472,-0.2973870996182598,0.314507744821517,-0.11507567836617948,0.0,-0.027833406525057985,0.07366986411004738,-0.17423458388983196,-0.015839694872581588,-0.24951563797486398,-0.37944207428358323,0.06322446875315288,-0.969067689311468,-0.14501064742720202,-0.5249603656322973,-0.9277235714136067,0.44038921371913137,-0.42053713937102494,0.16318368554716145,-0.13104135965945635,-0.2715438929829729,-0.22179699956470555,-0.4312160003029388,25.0,58.0,42.0,380.0,0.4099999964237213,0.8500000238418579,35.52000045776367,190.0,155.8000030517578,276.4349060058594,1.3809523582458496,1.0,0.008500000461935997,2.236842155456543,0.1680999994277954,2.4390244483947754,5.940171241760254,155.8000030517578,1.9390244483947754,625.0,10.25,9500.0,144400.0,0.5661904811859131,15.199999809265137,0.7846153974533081,0.9473684430122375,0.1666666716337204,0.34130436182022095,0.043478261679410934,46.67,25
-0.15720786462050418,-0.043041481170981215,-0.30801388341567937,-1.0445634161852506,0.04222326531327748,0.04820116754599805,-3.968844454909521,-0.5122510926127466,-0.3094201111516608,0.06901118337593985,-0.1104873073498904,0.0,-0.049446140421224756,0.06352264062660475,-0.16512245397494518,-0.01304323292860746,-0.21258379801390864,-0.3564144254971381,0.05030764881871109,-0.9594739016976623,-0.11814796123683007,-0.5235605139074969,-1.0514019234693404,0.5192263005562366,-0.3220088756182763,0.14616290054305953,0.05019072410333624,-0.3375304697438286,-0.2936908149852674,-0.3674125305996652,25.0,58.0,42.0,380.0,0.4099999964237213,0.8999999761581421,36.54999923706055,225.0,155.8000030517578,276.4349060058594,1.3809523582458496,1.0,0.008999999612569809,2.3684210777282715,0.1680999994277954,2.4390244483947754,5.940171241760254,155.8000030517578,1.9390244483947754,625.0,10.25,9500.0,144400.0,0.5661904811859131,15.199999809265137,0.7846153974533081,0.800000011920929,0.75,0.34130436182022095,0.043478261679410934,38.82,25
-0.14357343171720877,0.03238115235205494,0.05828473137793047,-1.140480777926321,-0.031449623415344116,-0.08387716222082474,-6.234304162568839,0.001362816380256999,-0.23762407792533236,0.15713590436544728,-0.01019508171797589,0.0,0.04191403719616016,-0.006424920416518772,-0.16969150848691644,0.04390418606038103,-0.224425902108046,-0.23760099173742086,0.07450648325776527,-0.9878996775999425,-0.0626970799057464,-0.5517573028584432,-0.8960106390340529,-0.14715826177830857,-0.48083613276009923,0.11086200056372038,-0.10638379675718473,-0.10321071613430732,-0.4498209210326214,-0.47780817698703315,25.0,60.0,40.0,380.0,0.4099999964237213,0.800000011920929,28.399999618530273,180.0,155.8000030517578,276.4349060058594,1.5,1.0,0.00800000037997961,2.1052632331848145,0.1680999994277954,2.4390244483947754,5.940171241760254,155.8000030517578,1.9390244483947754,625.0,10.25,9500.0,144400.0,0.6150000095367432,15.199999809265137,0.7846153974533081,0.6111111044883728,1.1666666269302368,0.34130436182022095,0.043478261679410934,41.2,25
-0.1716889107405196,0.015285607208946918,0.11242462048427443,-1.2763525569405738,0.007080047514221023,0.05840203403801717,-4.547587485527406,0.03947236097871216,-0.10320791945697741,0.17693633268707595,0.0067397445376637544,0.0,-0.0037544949915157173,0.0189277361100688,-0.19399234847287233,-0.005277079099616456,-0.2896555808430364,-0.29428067171762234,0.0505941571857762,-0.9772851544279286,-0.19285710761108593,-0.6073632600828577,-0.8408141578542324,-0.15750415243512011,-0.43332496537534165,0.1305873790998454,-0.02013047145976092,-0.27093342309573626,-0.0494173029970717,-0.37867923837845596,25.0,60.0,40.0,380.0,0.4099999964237213,0.8500000238418579,34.5,205.0,155.8000030517578,276.4349060058594,1.5,1.0,0.008500000461935997,2.236842155456543,0.1680999994277954,2.4390244483947754,5.940171241760254,155.8000030517578,1.9390244483947754,625.0,10.25,9500.0,144400.0,0.6150000095367432,15.199999809265137,0.7846153974533081,0.8780487775802612,0.4166666567325592,0.09565217047929764,0.18478260934352875,41.15,25
-0.17007868421009467,0.05146440521232947,0.1384644528061993,-1.1492388923096548,0.0041571669555512175,0.05847081657524956,-3.053483160445933,0.33328566422499667,-0.08609882454478222,0.17050461696581853,-0.0122002660787338,0.0,0.0009276006319025872,-0.04047764943553065,-0.19410122525684234,0.016797868149795715,-0.25017969101567034,-0.2776492081198128,0.05149725202344035,-0.9569127331078029,-0.17400807560975873,-0.6091588322289702,-0.8189464134441921,-0.13398283491489799,-0.37211208727739786,0.1281173076883839,0.10621627973675693,-0.05363714275951175,-0.05528970282678085,0.2446451299931864,25.0,60.0,40.0,380.0,0.4099999964237213,0.8500000238418579,34.5,225.0,155.8000030517578,276.4349060058594,1.5,1.0,0.008500000461935997,2.236842155456543,0.1680999994277954,2.4390244483947754,5.940171241760254,155.8000030517578,1.9390244483947754,625.0,10.25,9500.0,144400.0,0.6150000095367432,15.199999809265137,0.7846153974533081,0.800000011920929,0.75,0.09565217047929764,0.35217392444610596,41.15,25
-0.1716889107405196,0.05083033380200033,0.10167043389229119,-1.1793287084002728,0.005123920944608157,0.06517945884101942,-5.025747331684993,0.19295559209096652,-0.0730139734809427,0.03464293557175404,0.008440767338876498,0.0,-0.002270988739494318,0.025221050660810367,-0.20285276281030776,-0.011684692975170604,-0.23915069554345172,-0.28321441260002767,0.03274645343143848,-0.9819074811184854,-0.13072470148364315,-0.5932052666570558,-0.8453236010914686,-0.21787935437349978,-0.4157188337943299,0.03498068792395187,0.18510267691522644,-0.14605980900210366,-0.2919730924294608,-0.31789708707663233,25.0,60.0,40.0,380.0,0.4099999964237213,0.8500000238418579,33.79999923706055,205.0,155.8000030517578,276.4349060058594,1.5,1.0,0.008500000461935997,2.236842155456543,0.1680999994277954,2.4390244483947754,5.940171241760254,155.8000030517578,1.9390244483947754,625.0,10.25,9500.0,144400.0,0.6150000095367432,15.199999809265137,0.7846153974533081,0.8536585569381714,0.5,0.017391303554177284,0.18478260934352875,43.25,25
-0.18565226639608842,-0.053482170522138966,-0.2588524170158949,-0.8519725731921798,0.026400119663712696,0.062037303277663214,-4.834301674695183,0.48240845137953975,-0.11477977900148374,0.17729882098050478,-0.08607699386342643,0.0,-0.008206488798684873,0.01374724722584671,-0.035985190160220296,0.0052194914951791335,-0.27020459304654404,-0.33809892514985584,0.024825506547525637,-0.9452961193102691,-0.05920028795780493,-0.580578176173085,-1.047954466952556,0.32363990866713754,-0.3002114203922267,0.07683205291292977,0.009558338015649284,0.17904559261535533,-0.8001739852220762,0.318800436619071,25.0,58.0,42.0,380.0,0.4099999964237213,0.8999999761581421,33.79999923706055,223.0,155.8000030517578,276.4349060058594,1.3809523582458496,1.0,0.008999999612569809,2.3684210777282715,0.1680999994277954,2.4390244483947754,5.940171241760254,155.8000030517578,1.9390244483947754,625.0,10.25,9500.0,144400.0,0.5661904811859131,15.199999809265137,0.7846153974533081,0.9696412682533264,0.11283333599567413,0.017391303554177284,0.35217392444610596,43.25,25
-0.1459120439449895,0.05146677401562027,0.09500144347961235,-1.1149202080881688,0.002201040385938351,0.053452981715936,-5.225970033296268,-0.14970533440243258,-0.1554133285902142,0.10210708684644167,0.005658327073700047,0.0,0.0017881114988710185,-0.05860078542793442,-0.20296185286672985,0.052078507764765074,-0.2669683907082722,-0.2650194004417814,0.030054999463808168,-0.9615350597983595,-0.12339979349808303,-0.6002958956462293,-0.8122228679431948,-0.18664594616708158,-0.3706851580216721,0.06385220593083842,0.12076934979907204,-0.3457096537162625,0.07079763361585313,0.2979501666969626,25.0,60.0,40.0,380.0,0.4099999964237213,0.8500000238418579,30.600000381469727,225.0,155.8000030517578,276.4349060058594,1.5,1.0,0.008500000461935997,2.236842155456543,0.1680999994277954,2.4390244483947754,5.940171241760254,155.8000030517578,1.9390244483947754,625.0,10.25,9500.0,144400.0,0.6150000095367432,15.199999809265137,0.7846153974533081,0.7777777910232544,0.8333333134651184,0.017391303554177284,0.35217392444610596,34.9,25
-0.1716889107405196,0.07799125532689208,0.13801086053564668,-1.188803627186076,0.03662333581215206,0.06080440899522417,-4.730687906607815,-0.08955937980461963,-0.10782984422645839,0.03422560014389407,0.007432195174838821,0.0,0.0017585480358313624,-0.015736232725163633,-0.206879650103428,-0.029163744680415,-0.1944682564314538,-0.2312849070723489,0.06618231764483866,-0.9220698542322203,-0.04667795508079897,-0.5612683341357744,-0.8773487027911177,0.04313874771506066,-0.3760163216899218,0.11038124814050389,0.15797270428250137,-0.15372945955986939,-0.1543180417945422,-0.15161721321555163,25.0,60.0,40.0,380.0,0.4099999964237213,0.8999999761581421,36.0,210.0,155.8000030517578,276.4349060058594,1.5,1.0,0.008999999612569809,2.3684210777282715,0.1680999994277954,2.4390244483947754,5.940171241760254,155.8000030517578,1.9390244483947754,625.0,10.25,9500.0,144400.0,0.6150000095367432,15.199999809265137,0.7846153974533081,0.8571428656578064,0.5,0.017391303554177284,0.041304346174001694,42.8,25
-0.15611532855452584,0.07797850233275874,0.1322310759657754,-1.1849297509245196,0.027507064099588988,0.05798602630146447,-4.248151630473109,-0.13442262956807394,-0.02390846425884445,0.06816452901467714,-0.003597401972369281,0.0,-0.003351176852677049,-0.18498282377038583,-0.2052302182711766,-0.012900571644293552,-0.18615027564549097,-0.21404030198087778,0.10418175718636927,-0.9008926129640272,-0.038085466839243826,-0.5271000097443396,-0.8510732050952343,-0.02415210890707502,-0.31491253983473166,0.11717057528822934,0.7381275901888895,-0.14427160331406794,-0.12922987518907555,-0.11904364939775063,25.0,60.0,40.0,380.0,0.4099999964237213,0.8999999761581421,36.0,190.0,155.8000030517578,276.4349060058594,1.5,1.0,0.008999999612569809,2.3684210777282715,0.1680999994277954,2.4390244483947754,5.940171241760254,155.8000030517578,1.9390244483947754,625.0,10.25,9500.0,144400.0,0.6150000095367432,15.199999809265137,0.7846153974533081,0.5263158082962036,1.5,0.02391304261982441,0.041304346174001694,42.8,25
-0.2018101914568105,0.05272113484644831,0.12567832313424243,-1.1006790385269234,0.05035461026516208,0.04505759730288001,-2.750731258453441,-0.14700237227941065,-0.1910610426959157,0.07906976769472096,-0.017138196422479674,0.0,0.011966281133139953,-0.05904320906490913,-0.2112532549227095,-0.02610900450794331,-0.22281348747662838,-0.22639920842281686,0.08145937192672327,-0.9161098072894817,-0.10851881816271122,-0.5786716119749886,-0.869563288603684,-0.03197793192184876,-0.35727558030503237,0.10034538884458628,-0.4951593450315894,-0.14442332948319148,-0.3421618723607311,-0.160987687139953,25.0,60.0,40.0,380.0,0.4099999964237213,0.8999999761581421,39.5,190.0,155.8000030517578,276.4349060058594,1.5,1.0,0.008999999612569809,2.3684210777282715,0.1680999994277954,2.4390244483947754,5.940171241760254,155.8000030517578,1.9390244483947754,625.0,10.25,9500.0,144400.0,0.6150000095367432,15.199999809265137,0.7846153974533081,0.9210526347160339,0.25,0.02391304261982441,0.041304346174001694,46.5,25
-0.18623660927081673,0.0807218999702341,0.12268419336619764,-1.199022919623679,0.023018381739868494,0.07277838708644162,-2.656085428538118,0.020766911173499113,-0.1715925476884045,0.15769043017886916,-0.006543767181002266,0.0,0.0022675731545180617,-0.15720624586992643,-0.20798904491792736,0.007958794334046951,-0.1978001893945152,-0.2392327701964286,0.0020398199997035175,-0.9494536040452292,-0.13959182527173347,-0.5796201668274285,-0.7397708697119281,0.006182463450411023,-0.32261778567956,0.06461795582484318,0.29681158845801425,-0.11551626526655177,-0.4627787781273831,-0.4138601995364003,25.0,60.0,40.0,380.0,0.4099999964237213,0.8500000238418579,39.29999923706055,170.0,155.8000030517578,276.4349060058594,1.5,1.0,0.008500000461935997,2.236842155456543,0.1680999994277954,2.4390244483947754,5.940171241760254,155.8000030517578,1.9390244483947754,625.0,10.25,9500.0,144400.0,0.6150000095367432,15.199999809265137,0.7846153974533081,0.5882353186607361,1.1666666269302368,0.02391304261982441,0.18478260934352875,44.9,25
-0.2118920310691423,0.04973986432122962,0.12242042240743488,-1.1261388390873324,0.014230013492347407,0.06391382342150366,-4.588824685292999,0.20428441434327843,-0.0007037832209489257,0.18190982168661202,0.017653410757704407,0.0,0.017640705861995024,-0.09161821840852051,-0.061222199329498975,0.006020655355665888,-0.24419879076510093,-0.1947096027180898,0.05567240337405996,-0.9420152113258918,-0.049546829367187316,-0.6184930715482082,-0.8094695264307847,0.009160442775580712,-0.40039451042990787,0.09771038274649858,0.16621245011108501,0.5411502044885746,-0.5656135531936636,-0.26098306021092044,25.0,60.0,40.0,380.0,0.4099999964237213,0.8999999761581421,37.20000076293945,160.0,155.8000030517578,276.4349060058594,1.5,1.0,0.008999999612569809,2.3684210777282715,0.1680999994277954,2.4390244483947754,5.940171241760254,155.8000030517578,1.9390244483947754,625.0,10.25,9500.0,144400.0,0.6150000095367432,15.199999809265137,0.7846153974533081,1.09375,-0.25,0.02391304261982441,0.18478260934352875,44.3,25
-0.18565226639608842,0.019483521923596706,0.08830948508230223,-1.1721131443166852,0.00210440731025849,0.07399724440280211,-5.302603214390967,0.12483757925083755,-0.13653101429183442,0.2285979321091498,-0.004752875364539328,0.0,-0.00863107801323527,-0.11855129850874456,-0.20687413516785247,-0.0005569005245787556,-0.2546855086181525,-0.2773711513054567,0.02401986754037997,-0.9452961193102691,-0.12507043489322114,-0.5935499520845269,-0.8978828323776137,-0.21431982386131937,-0.3975319241964858,0.08140110382270095,-0.10349764526361724,-0.20128719302036827,-0.4017625043281746,0.3389976338048242,25.0,60.0,40.0,380.0,0.4099999964237213,0.8999999761581421,30.899999618530273,225.0,155.8000030517578,276.4349060058594,1.5,1.0,0.008999999612569809,2.3684210777282715,0.1680999994277954,2.4390244483947754,5.940171241760254,155.8000030517578,1.9390244483947754,625.0,10.25,9500.0,144400.0,0.6150000095367432,15.199999809265137,0.7846153974533081,0.9555555582046509,0.1666666716337204,0.02391304261982441,0.35217392444610596,35.8,25
-0.1846597246718222,0.062500907974038,0.13365299365353292,-1.1878174896153406,0.028084799830770935,0.05812145874681553,-4.4305973624098405,0.014176917662780331,-0.06971039203036822,0.10296731126338661,0.005065491212447951,0.0,0.0009276006319025872,-0.07022549570850127,-0.20140011532599514,-0.00040336838047045167,-0.2124504400958257,-0.27991450547541197,0.03907929165542944,-0.9564167922988192,-0.094144285585939,-0.5900613112613777,-0.7616890151688952,0.02857941300032141,-0.27998319259009596,0.09637985017586105,0.09016717455697171,-0.24900860759566643,-0.35612915563978054,0.23854319253468897,25.0,60.0,40.0,380.0,0.4099999964237213,0.8500000238418579,36.099998474121094,215.0,155.8000030517578,276.4349060058594,1.5,1.0,0.008500000461935997,2.236842155456543,0.1680999994277954,2.4390244483947754,5.940171241760254,155.8000030517578,1.9390244483947754,625.0,10.25,9500.0,144400.0,0.6150000095367432,15.199999809265137,0.7846153974533081,0.8139534592628479,0.6666666865348816,0.02391304261982441,0.35217392444610596,43.35,25
-0.2496987451693613,0.06073052041702223,0.019403991923434106,-1.121788296806345,-0.04302125319707382,0.07159782684283818,-5.9246051165441695,0.2641239102697503,-0.24623887785318624,0.11177687843374896,0.0327991887610712,0.0,-0.004670557745136208,-0.08057107665558126,0.004910058400458892,0.06031332558033492,-0.24449189526213946,-0.1798397521310948,0.08544895083956756,-0.9851680189027978,-0.1822084489456705,-0.49665662326377985,-0.8048997193038839,-0.028833458317802915,-0.5270326920678077,0.07759027070255908,0.41735679763323447,0.64578386045585,-0.42515859868602585,-0.5180571724746817,25.0,60.0,40.0,380.0,0.4099999964237213,0.8999999761581421,28.0,85.0,155.8000030517578,276.4349060058594,1.5,1.0,0.008999999612569809,2.3684210777282715,0.1680999994277954,2.4390244483947754,5.940171241760254,155.8000030517578,1.9390244483947754,625.0,10.25,9500.0,144400.0,0.6150000095367432,15.199999809265137,0.7846153974533081,2.058823585510254,-1.5,0.34130436182022095,0.041304346174001694,40.5,25
-0.133041224355399,0.06155407534620429,0.07346067484286858,-1.111828501379621,-0.022676370473923107,0.05852194966927236,-4.872315184163692,-0.44922412976885073,-0.1972505124291768,0.04448933473047316,-0.004631583930364515,0.0,-0.037779071355893555,-0.16848874852664722,-0.17272373959253529,0.03659728116947007,-0.18703933319248942,-0.22915198592881816,0.08945842286469068,-0.9596286426660368,-0.09844044774379315,-0.5459767397394061,-0.8548545320910648,-0.07783380146023548,-0.4737969893790908,0.0831359140424003,0.42820563775980625,-0.19441738882284312,-0.4871942290470566,-0.3810212751255949,25.0,60.0,40.0,380.0,0.4099999964237213,0.8999999761581421,29.100000381469727,225.0,155.8000030517578,276.4349060058594,1.5,1.0,0.008999999612569809,2.3684210777282715,0.1680999994277954,2.4390244483947754,5.940171241760254,155.8000030517578,1.9390244483947754,625.0,10.25,9500.0,144400.0,0.6150000095367432,15.199999809265137,0.7846153974533081,0.4888888895511627,1.9166666269302368,0.34130436182022095,0.0,34.5,25
-0.16049308440671703,0.023573927641482927,0.08181834460597948,-1.2204943943949824,0.003584187947408125,0.09385030949985126,-5.799197079169888,-0.009555427916884286,-0.1623035607513277,0.25442657689409764,0.007351623271654149,0.0,0.014569320134337435,-0.01300172108921687,-0.19084056868187693,0.049517507135960204,-0.23632906160315006,-0.3186167930122449,0.07878303698022272,-0.9805921591274138,-0.10811286469056863,-0.546587397257003,-0.9106798798897354,-0.21574446605915024,-0.4623221016731431,0.13732514897486434,-0.14201322041122252,-0.19015262452118958,0.4499539445106272,0.582028294124865,25.0,60.0,40.0,380.0,0.4099999964237213,0.8999999761581421,29.299999237060547,195.0,155.8000030517578,276.4349060058594,1.5,1.0,0.008999999612569809,2.3684210777282715,0.1680999994277954,2.4390244483947754,5.940171241760254,155.8000030517578,1.9390244483947754,625.0,10.25,9500.0,144400.0,0.6150000095367432,15.199999809265137,0.7846153974533081,0.9230769276618958,0.25,0.15217390656471252,0.35217392444610596,31.7,25
-0.1691813984567859,-0.01380416875834076,0.0645442217793204,-1.1186033131981616,-7.678325973330428e-05,0.059236609063757,-5.123805849778535,-0.08276241439051135,-0.12076671892336477,0.26392223717098007,-0.006072668653768282,0.0,0.01131214972339781,0.0642950606611193,-0.031125579984156986,0.01515794836106381,-0.28511831919360403,-0.2500267393926333,0.021089918429630938,-0.9654973963274244,-0.032920070789734385,-0.5019506476877676,-0.8311564395671697,-0.040118844054539846,-0.4534672484395058,0.1769399220531321,0.3088512134508082,0.49843255803595576,0.5909858029905734,-0.32946277635112386,25.0,60.0,40.0,380.0,0.4099999964237213,0.8999999761581421,34.70000076293945,180.0,155.8000030517578,276.4349060058594,1.5,1.0,0.008999999612569809,2.3684210777282715,0.1680999994277954,2.4390244483947754,5.940171241760254,155.8000030517578,1.9390244483947754,625.0,10.25,9500.0,144400.0,0.6150000095367432,15.199999809265137,0.7846153974533081,0.9722222089767456,0.0833333358168602,0.15217390656471252,0.18478260934352875,40.6,25
-0.16908614248582846,0.05555481093021569,0.13401341052759283,-1.17906077759199,0.02809294139911996,0.048393895558494944,-4.049415994158162,-0.05725534966437678,-0.1021929396590117,0.11845018166387565,0.003017053159538042,0.0,-0.12782018138840867,-0.10904065646443904,-0.18884017120153476,-0.01570116427795097,-0.21372886443549757,-0.33739636024667147,0.05352716657728633,-0.9026843237623055,-0.10791806268527812,-0.557439164727559,-0.8291079026604284,-0.035710488021071615,-0.337280421976251,0.12862806738139515,-0.07436862465470563,-0.20460665061963051,0.4114276587313467,0.4281017547632541,25.0,60.0,40.0,380.0,0.4099999964237213,0.949999988079071,35.400001525878906,200.0,155.8000030517578,276.4349060058594,1.5,1.0,0.009499999694526196,2.5,0.1680999994277954,2.4390244483947754,5.940171241760254,155.8000030517578,1.9390244483947754,625.0,10.25,9500.0,144400.0,0.6150000095367432,15.199999809265137,0.7846153974533081,0.75,0.8333333134651184,0.15217390656471252,0.35217392444610596,35.6,25
-0.23807400174157325,0.03127192694612455,0.015854082883968487,-1.1260031796473888,-0.0173997428886067,0.04735909995394675,-5.949741725593172,-0.026144154105057098,-0.1872594949908574,0.004266979173766298,0.038761118409932835,0.0,-0.06502735825335207,-0.07161050987189371,0.010861653136607042,0.07355491633058282,-0.23099736379079833,-0.1679990090166235,0.04883842291733935,-1.013433159355739,-0.2727159448859239,-0.5647240699946713,-0.8118036086410055,-0.04249903863844788,-0.49834407914544715,0.0628538551997008,0.8176825508377075,0.869673910551093,-0.15394487123256553,-0.2556323742427244,25.0,60.0,40.0,380.0,0.4099999964237213,0.8500000238418579,30.5,60.0,155.8000030517578,276.4349060058594,1.5,1.0,0.008500000461935997,2.236842155456543,0.1680999994277954,2.4390244483947754,5.940171241760254,155.8000030517578,1.9390244483947754,625.0,10.25,9500.0,144400.0,0.6150000095367432,15.199999809265137,0.7846153974533081,3.3333332538604736,-2.3333332538604736,0.34130436182022095,0.18478260934352875,40.5,25
-0.1716889107405196,-0.04118730925741653,-0.33638550366052455,-0.9682479870371749,0.03345890495044075,0.06643048569412294,-5.065947804461262,0.3099701344975766,-0.32701073006338083,0.07137857878747955,-0.11366247529676177,0.0,-0.03552716123344783,0.1828705313304083,-0.16728400747605818,0.007289070570617903,-0.18380610371567466,-0.3948525421904323,0.05236489719693587,-1.0000617387787658,-0.15481453883581406,-0.5778575124815868,-1.0538526911537691,0.37611862348317976,-0.49783638991773016,0.06742389813974779,-0.0674002164762607,-0.19653138324053485,-0.3326319874785026,-0.2749957068950863,25.0,58.0,42.0,380.0,0.4099999964237213,0.8999999761581421,31.299999237060547,210.0,155.8000030517578,276.4349060058594,1.3809523582458496,1.0,0.008999999612569809,2.3684210777282715,0.1680999994277954,2.4390244483947754,5.940171241760254,155.8000030517578,1.9390244483947754,625.0,10.25,9500.0,144400.0,0.5661904811859131,15.199999809265137,0.7846153974533081,0.8571428656578064,0.5,0.34130436182022095,0.18478260934352875,32.3,25
-0.1716889107405196,-0.037583183328215246,-0.2787174246364525,-0.9865987221184408,0.027685986594882108,0.06441983028565064,-3.3644070981683134,0.27274480289434944,-0.12970077978415637,0.14479959911519072,-0.1086619888285745,0.0,-0.02313731561500933,0.08808452824783237,-0.19561887900335034,0.011799904305176412,-0.28109463591775363,-0.3871472632361614,0.07027941493775093,-0.9492593880832498,-0.1495837593995469,-0.5861803530483521,-0.9867945696249606,0.4908559138856999,-0.2752773983169268,0.10097098598627774,0.14958504008368673,-0.042003275468171494,-0.16648236178487663,-0.3439597029869092,25.0,58.0,42.0,380.0,0.4099999964237213,0.8999999761581421,34.599998474121094,210.0,155.8000030517578,276.4349060058594,1.3809523582458496,1.0,0.008999999612569809,2.3684210777282715,0.1680999994277954,2.4390244483947754,5.940171241760254,155.8000030517578,1.9390244483947754,625.0,10.25,9500.0,144400.0,0.5661904811859131,15.199999809265137,0.7846153974533081,0.8333333134651184,0.5833333134651184,0.08695652335882187,0.18478260934352875,37.7,25
-0.14357343171720877,-0.036024902992184776,-0.2960561813493687,-1.214039685195356,-0.372531909394228,0.06534524014072225,-4.878927630410134,0.095694156859606,-0.10636097487618186,0.2553458628702878,-0.11323033406776586,0.0,-0.018563717782724705,-0.24687281603438926,-0.3398122842495102,0.05160344879736312,-0.27837314716658057,-0.29392663369973243,-0.37930989953915684,-0.959019786952233,-0.04107965470128045,-0.5536005742501643,-1.166732118648123,-0.2432524014990462,-0.15049357047834727,-0.19083832120346853,0.2180224904415192,-0.26283078864991866,-0.08459467669861036,-0.25812674030874116,25.0,58.0,42.0,355.0,0.4399999976158142,0.8500000238418579,28.0,200.0,156.1999969482422,268.8984069824219,1.3809523582458496,1.0,0.008500000461935997,2.3943662643432617,0.19359999895095825,2.2727272510528564,5.87211799621582,156.1999969482422,1.7727272510528564,625.0,11.0,8875.0,126025.0,0.607619047164917,14.199999809265137,0.75,0.75,0.8333333134651184,0.08695652335882187,0.18478260934352875,40.5,25
-0.1475222704754144,-0.021939288468819852,-0.3157095231095446,-0.9798817358592974,-0.008261521524563036,0.04556897627210699,-5.5868972168969435,0.21817871390815644,-0.19192155641869502,0.29852546579115125,-0.08675857026741012,0.0,-0.03901461424578339,0.051322039213866855,-0.1979790992841905,0.05478437969282196,-0.25628781121409816,-0.36698554364617403,0.04446324870681946,-0.9609757550394304,-0.1527883700987595,-0.6183612777881106,-1.0378289557797786,0.33626715219597203,-0.4788582913866856,0.11554868536689067,-0.1589288826550847,-0.21203763827738134,-0.08198878227447264,-0.3065563594066006,25.0,58.0,42.0,380.0,0.4099999964237213,0.8999999761581421,29.100000381469727,210.0,155.8000030517578,276.4349060058594,1.3809523582458496,1.0,0.008999999612569809,2.3684210777282715,0.1680999994277954,2.4390244483947754,5.940171241760254,155.8000030517578,1.9390244483947754,625.0,10.25,9500.0,144400.0,0.5661904811859131,15.199999809265137,0.7846153974533081,0.9523809552192688,0.1666666716337204,0.09565217047929764,0.18478260934352875,34.5,25
-0.17905056844350095,-0.012307180705073025,-0.3256802626033839,-0.9826580128809591,0.02630759070024236,0.08171725582264507,-5.312991547440499,0.17516990354486156,-0.02833552257552879,-0.5537449662065183,-0.11618144797052697,0.0,-0.011847608368906092,0.1639502543353028,-0.10189527183779205,0.0527619837119247,-0.175451073766951,0.11921624902334034,0.07763057233437808,-0.9967729243372435,-0.04148595334041019,-0.5522651548187201,-1.0321250527620849,0.29315459389688664,-0.2759886926678355,0.09068905670386415,0.006190801537331667,-0.12137861488746295,-0.2199419553776464,-0.2636965934548089,25.0,58.0,42.0,365.0,0.4099999964237213,0.8999999761581421,29.299999237060547,205.0,149.64999389648438,265.52301025390625,1.3809523582458496,1.0,0.008999999612569809,2.4657533168792725,0.1680999994277954,2.4390244483947754,5.899897575378418,149.64999389648438,1.9390244483947754,625.0,10.25,9125.0,133225.0,0.5661904811859131,14.600000381469727,0.7846153974533081,0.8536585569381714,0.5,0.34130436182022095,0.18478260934352875,31.7,25
-0.2118920310691423,-0.013350711282140812,0.10433321899869967,-1.129022419642232,-7.040611548108977e-05,0.05655639091516027,-5.124030595754306,-0.08861706938228918,-0.14270153762057103,0.2663900467245553,-0.007629825531683801,0.0,0.0008290346246068965,0.04144995820948087,-0.03149865483208803,0.01515794836106381,-0.29108636375646,-0.24993726329333557,0.021089918429630938,-0.9654973963274244,-0.02777789588007191,-0.5424656685741102,-0.8311564395671697,-0.033596040677016416,-0.4647386182660467,0.17393433225205843,0.20443394877152687,0.33721376795592223,0.5797039301627924,-0.29779555490356285,25.0,60.0,40.0,380.0,0.4099999964237213,0.8999999761581421,34.70000076293945,180.0,155.8000030517578,276.4349060058594,1.5,1.0,0.008999999612569809,2.3684210777282715,0.1680999994277954,2.4390244483947754,5.940171241760254,155.8000030517578,1.9390244483947754,625.0,10.25,9500.0,144400.0,0.6150000095367432,15.199999809265137,0.7846153974533081,1.0,0.0,0.15217390656471252,0.18478260934352875,40.6,25
-0.1716889107405196,0.023571558838192123,0.08883136097667206,-1.2350815077014137,0.013425624592288191,0.05818010377391134,-4.437025143708412,-0.03294902408218083,-0.27491801577659086,0.22152940368493615,0.001811375618889626,0.0,-0.005973187229058698,0.04266921363464485,-0.16987173950195453,0.002189043769119728,-0.23755232353586525,-0.3512481499072611,0.018514655564652656,-0.9881221706166272,-0.16976215791827534,-0.5755338122104875,-0.8804048004740168,-0.02574057145203746,-0.4622865274848184,0.1516007961676081,-0.0982018457933752,-0.25148580002695,-0.08453565358990732,-0.33869400434674113,25.0,60.0,40.0,380.0,0.4099999964237213,0.8999999761581421,35.400001525878906,215.0,155.8000030517578,276.4349060058594,1.5,1.0,0.008999999612569809,2.3684210777282715,0.1680999994277954,2.4390244483947754,5.940171241760254,155.8000030517578,1.9390244483947754,625.0,10.25,9500.0,144400.0,0.6150000095367432,15.199999809265137,0.7846153974533081,0.930232584476471,0.25,0.34130436182022095,0.18478260934352875,35.6,25
-0.16148562613098325,0.019378381730123944,0.07768025159757418,-1.1917661565156206,0.011424670293134903,0.0853433905508755,-5.560382797544106,-0.3210741553596439,-0.26892288439986733,0.11505926679731093,-0.008161056305413762,0.0,0.002386975793562687,-0.0414855072537902,-0.16576635372955018,0.06625515306184296,-0.188063654380022,-0.3129077793517116,0.053439141462514536,-0.9913942397672277,-0.19189331521239356,-0.559197720349474,-0.9141575376006326,-0.16502344291891521,-0.4585978573059428,0.09484157344531184,-0.19736932404274513,-0.119319690190213,-0.29707861004138336,0.49013000760760606,25.0,60.0,40.0,380.0,0.4099999964237213,0.8999999761581421,30.5,225.0,155.8000030517578,276.4349060058594,1.5,1.0,0.008999999612569809,2.3684210777282715,0.1680999994277954,2.4390244483947754,5.940171241760254,155.8000030517578,1.9390244483947754,625.0,10.25,9500.0,144400.0,0.6150000095367432,15.199999809265137,0.7846153974533081,0.8888888955116272,0.4166666567325592,0.34130436182022095,0.35217392444610596,40.5,25
-0.20570678834687642,0.07442503905722433,0.13307950724221448,-1.202756805075034,0.07580371464126259,0.07268404319054092,-2.4008703227481765,-0.143096749927183,-0.05756188331508081,0.22821427326206303,-0.017359661146231355,0.0,-0.00124155861035138,-0.022002417446813187,-0.13103287510793613,-0.003929713679827136,-0.18819572853053215,-0.058317887470487904,0.07058192397426975,-0.9436151756421932,-0.06200344226999207,-0.6093099757970937,-0.8586509462609441,0.37843521838048766,-0.28990011069383936,0.10032853198069457,0.006042787681248072,-0.3657341602796168,-0.452381849350719,-0.3491995193625424,25.0,60.0,40.0,380.0,0.4000000059604645,0.8999999761581421,39.29999923706055,220.0,152.0,272.6349182128906,1.5,1.0,0.008999999612569809,2.3684210777282715,0.1599999964237213,2.5,5.940171241760254,152.0,2.0,625.0,10.0,9500.0,144400.0,0.6000000238418579,15.199999809265137,0.796875,0.8181818127632141,0.6666666865348816,0.08695652335882187,0.18478260934352875,44.9,25
-0.17781291900888538,0.002691677286863612,0.07371762635464638,-1.039378380517764,0.19591994214764533,0.09055155604756202,-3.9462035202730457,-0.11747004485304631,0.15435092532346847,0.2627409763315674,-0.0048593641226702304,0.0,0.009401289214458203,-0.008164617650977389,0.1015505248768369,-0.0008023151273389304,-0.20098629516200722,0.17662819750021272,0.10467502471090695,-0.9405918890717118,-0.7198539591540271,-0.5797512665115689,-0.7528388574403235,0.2625179971159721,-0.25361202873613603,0.20563501670171072,0.05461728677505323,-0.34328835078834496,-0.5194907448425801,0.42209724192595477,25.0,60.0,40.0,380.0,0.38999998569488525,0.8999999761581421,37.20000076293945,215.0,148.1999969482422,268.8349304199219,1.5,1.0,0.008999999612569809,2.3684210777282715,0.15209999680519104,2.5641026496887207,5.940171241760254,148.1999969482422,2.0641026496887207,625.0,9.75,9500.0,144400.0,0.5849999785423279,15.199999809265137,0.8095238208770752,0.8139534592628479,0.6666666865348816,0.08695652335882187,0.35217392444610596,44.3,25
-0.16001192544459175,0.07229463187227002,0.12766148382928771,-1.2130751987399904,0.07533354083843027,0.06740582051108661,-3.8689870083072684,-0.11076584973074764,-0.034397496115604984,0.22026939166459564,-0.012400360237423589,0.0,-0.0045421817565938095,-0.026185563271342346,-0.12455116302094525,0.005203881961899622,-0.20430930855524523,-0.058791623296852065,0.08828186531110144,-0.9497553288922336,-0.043240123916929954,-0.6112236071976346,-0.8685438668829496,0.3847285983788123,-0.3395287479936934,0.16339733159549,0.2207837290661368,-0.2644849918609436,-0.2861892953823584,-0.3775500101611821,25.0,60.0,40.0,380.0,0.4000000059604645,0.8999999761581421,37.20000076293945,210.0,152.0,272.6349182128906,1.5,1.0,0.008999999612569809,2.3684210777282715,0.1599999964237213,2.5,5.940171241760254,152.0,2.0,625.0,10.0,9500.0,144400.0,0.6000000238418579,15.199999809265137,0.796875,0.738095223903656,0.9166666865348816,0.09565217047929764,0.18478260934352875,44.3,25
-0.18692903208839234,0.008952494023199226,-0.18196764139428215,-0.9321446457013903,0.18254131785982183,0.06738356120617083,-4.097301997190009,-0.08180151393141813,0.21919509097896983,0.4221138872307063,-0.08974026902128275,0.0,0.011812156359776085,0.062487461493870564,0.10235969147150722,-0.003572349237130284,-0.1928976509169646,0.2956219504839493,0.12940338424370404,-0.944551081132159,-0.7609938925677985,-0.6282045566667147,-0.9051935582955026,0.511489024735965,-0.37995648790575465,0.2674640170226015,0.029232727804472048,-0.126056635672783,-0.5502483397098763,0.5422076641277445,25.0,58.0,42.0,380.0,0.38999998569488525,0.8999999761581421,37.400001525878906,200.0,148.1999969482422,268.8349304199219,1.3809523582458496,1.0,0.008999999612569809,2.3684210777282715,0.15209999680519104,2.5641026496887207,5.940171241760254,148.1999969482422,2.0641026496887207,625.0,9.75,9500.0,144400.0,0.5385714173316956,15.199999809265137,0.8095238208770752,0.925000011920929,0.25,0.09565217047929764,0.35217392444610596,45.6,25
-0.16323187854715784,0.0026982158097738013,-0.18910151129436856,-0.8518109827688966,0.17916790381274797,0.07922641863692463,-4.340095988226815,-0.40303627683140014,0.17388150100202987,0.20948234550396844,-0.10402088618500563,0.0,0.012551077782291573,0.0016551034455224694,0.09230069081548978,0.0050145048926072185,-0.19830323991514018,0.2760003141083112,0.06708000353121212,-0.9340756931630723,-0.7150990482119105,-0.5809274936252319,-0.9122432994567711,0.5112588649116797,-0.24451717822854932,0.19341967139383048,0.07769178879800537,-0.27143331312665864,-0.4242087128867073,0.37886603867035706,25.0,58.0,42.0,380.0,0.38999998569488525,0.8999999761581421,36.5,225.0,148.1999969482422,268.8349304199219,1.3809523582458496,1.0,0.008999999612569809,2.3684210777282715,0.15209999680519104,2.5641026496887207,5.940171241760254,148.1999969482422,2.0641026496887207,625.0,9.75,9500.0,144400.0,0.5385714173316956,15.199999809265137,0.8095238208770752,0.800000011920929,0.75,0.02391304261982441,0.35217392444610596,42.7,25
-0.18855632156188812,-0.038771791364167994,-0.2591930190726102,-0.9544405325399687,0.027939940777449556,0.054709029885150515,-3.9891245890518214,0.21454382063097957,-0.0687766103865141,0.18032369096061698,-0.1168466916213562,0.0,-0.15568114796049307,-0.08745236302270101,-0.12794586957692458,-0.013912589778769956,-0.24190639449424745,-0.13661972429392505,0.06399780921972373,-0.8973527980775923,-0.062265267327321475,-0.605764675504182,-1.0302073066038935,0.39305058009381627,-0.3227343862961209,0.09418579777467122,-0.04866608484747155,-0.1406387750014488,-0.2559393710966354,0.28227785687107226,25.0,58.0,42.0,380.0,0.4000000059604645,0.949999988079071,33.900001525878906,220.0,152.0,272.6349182128906,1.3809523582458496,1.0,0.009499999694526196,2.5,0.1599999964237213,2.5,5.940171241760254,152.0,2.0,625.0,10.0,9500.0,144400.0,0.5523809790611267,15.199999809265137,0.796875,0.8181818127632141,0.6666666865348816,0.08695652335882187,0.35217392444610596,42.8,25
-0.20570678834687642,-0.017582560730432593,-0.2806963278248928,-1.0342874561450925,0.0596719249026617,0.06471659788747347,-2.4883483229429526,-0.12438359195173088,-0.08674824036692572,0.31170984732003243,-0.10181390744923484,0.0,-0.02291136721535517,-0.018410957134436183,-0.12840845535453763,0.002317363453957343,-0.19134214020807727,-0.16765257137446682,0.06758270635597419,-0.9506273123598162,-0.08495341562415255,-0.6404498098470668,-1.0210927539917973,0.45160649583009466,-0.346872564595734,0.1315123982417401,-0.06913332006795594,-0.4037786763995202,-0.32862919840344157,-0.3652801465137838,25.0,58.0,42.0,380.0,0.4000000059604645,0.8999999761581421,39.599998474121094,220.0,152.0,272.6349182128906,1.3809523582458496,1.0,0.008999999612569809,2.3684210777282715,0.1599999964237213,2.5,5.940171241760254,152.0,2.0,625.0,10.0,9500.0,144400.0,0.5523809790611267,15.199999809265137,0.796875,0.8409090638160706,0.5833333134651184,0.09565217047929764,0.18478260934352875,44.0,25
-0.1716889107405196,-0.03678178681866591,-0.30669862485012905,-1.0561164463130372,0.03675851369168343,0.03234255885002653,-4.7858843993330025,-0.29071205079017126,-0.3256518946877532,0.24808684505795736,-0.1158287689758919,0.0,-0.06134587429152883,0.050637319102988264,-0.17423458388983196,-0.014275297821768475,-0.22741797139006636,-0.396941010634148,0.06950991645006387,-0.9557439103656495,-0.122079257829732,-0.5190413126433804,-1.0065939904838295,0.43682433767526585,-0.42158582883945367,0.1631986365295198,-0.13173065392742936,-0.3035321329968459,-0.26509464866560795,-0.4453277188856511,25.0,58.0,42.0,380.0,0.4099999964237213,0.8999999761581421,34.70000076293945,200.0,155.8000030517578,276.4349060058594,1.3809523582458496,1.0,0.008999999612569809,2.3684210777282715,0.1680999994277954,2.4390244483947754,5.940171241760254,155.8000030517578,1.9390244483947754,625.0,10.25,9500.0,144400.0,0.5661904811859131,15.199999809265137,0.7846153974533081,0.949999988079071,0.1666666716337204,0.34130436182022095,0.041304346174001694,36.9,25
-0.1716889107405196,0.023571558838192123,0.095482713310418,-1.2670617797176313,0.009511718654257068,0.05451948421132056,-4.710420704647307,-0.23535290956636729,-0.26340382501209825,0.22331510758406325,0.0033553033681869714,0.0,-0.01840676605689779,-0.026068455221326864,-0.17278250448904459,0.002189043769119728,-0.24966870415328304,-0.3506388311645784,0.034847659072944806,-0.9881221706166272,-0.17334041547372847,-0.5720267593776661,-0.8805350559372727,-0.10498550256946938,-0.4786637635839029,0.1516007961676081,-0.18982238183972985,-0.2991353137856335,-0.15466100940112507,-0.3396184201324882,25.0,60.0,40.0,380.0,0.4099999964237213,0.8999999761581421,35.29999923706055,190.0,155.8000030517578,276.4349060058594,1.5,1.0,0.008999999612569809,2.3684210777282715,0.1680999994277954,2.4390244483947754,5.940171241760254,155.8000030517578,1.9390244483947754,625.0,10.25,9500.0,144400.0,0.6150000095367432,15.199999809265137,0.7846153974533081,0.9473684430122375,0.1666666716337204,0.34130436182022095,0.18478260934352875,39.2,25
-0.21036357546166767,0.024294467245110488,-0.002484291729671763,-0.4348244956896325,0.5878265150366271,0.04988180496436226,-3.1826561349797893,-0.14135008934902435,-0.055474493293479046,-0.35913329372471786,-0.03364704417521174,0.0,0.1339357116465103,-0.027111425422040855,0.5828603567335954,0.39853369017666795,-0.18793745361672004,0.23636015162928511,0.4670935255253551,-0.9188599535486327,-0.6206075662021006,-0.34993076345122265,-0.7621995565446028,0.17683767908464212,-0.060036010632934136,0.27118395078782376,0.14197186975047682,-0.27899843751885584,-0.4206079051219153,-0.2968285555568905,25.0,60.0,40.0,360.0,0.3100000023841858,1.0,39.20000076293945,190.0,111.5999984741211,225.88571166992188,1.5,1.0,0.009999999776482582,2.777777671813965,0.09610000252723694,3.225806474685669,5.886104106903076,111.5999984741211,2.725806474685669,625.0,7.75,9000.0,129600.0,0.4650000035762787,14.399999618530273,0.9272727370262146,0.6842105388641357,1.0,0.09565217047929764,0.041304346174001694,43.7,25
-0.21867760227817903,0.03540810804731231,0.11950771699658808,-1.2862311649012257,0.07436735735549618,0.07876342943005465,-2.933180327255469,-0.0879581805038133,-0.025590685470549934,0.3827563730708856,-0.02998296656200548,0.0,0.0021149563684166824,0.06759554418889109,-0.1323316754633427,-0.010353788921795603,-0.20559799510840168,-0.09071485998874404,0.10543493935599722,-0.9469940716787691,-0.08774588861342318,-0.6133420974931288,-0.8855607649825409,0.26360512345007026,-0.37093439503750786,0.15661837913973656,-0.23294179278917088,-0.2130589252176946,-0.5170587966037415,0.48304192666713236,25.0,60.0,40.0,380.0,0.4000000059604645,0.8999999761581421,39.20000076293945,190.0,152.0,272.6349182128906,1.5,1.0,0.008999999612569809,2.3684210777282715,0.1599999964237213,2.5,5.940171241760254,152.0,2.0,625.0,10.0,9500.0,144400.0,0.6000000238418579,15.199999809265137,0.796875,0.9473684430122375,0.1666666716337204,0.09565217047929764,0.35217392444610596,46.0,25
-0.20409656181645147,0.0756057066178079,0.12350075535169237,-1.1789206914253567,0.07461448078577305,0.09032232152286364,-2.8637426068373864,-0.39641082862250115,-0.029879983284684837,0.19377148393393842,-0.01059219413698306,0.0,0.0038167120448799707,-0.015825164926926177,-0.13933091543927117,-0.00173712516328346,-0.18971053264430132,-0.09835415315934366,0.05529593134706916,-0.9285928471542405,-0.05968675856403387,-0.5890307349506669,-0.8662062475013925,0.32778327145776315,-0.25617173650442315,0.08359960597138529,0.025087177610521188,-0.31228473448012156,-0.3032615469350076,0.3569775210498956,25.0,60.0,40.0,380.0,0.4000000059604645,0.8999999761581421,38.70000076293945,225.0,152.0,272.6349182128906,1.5,1.0,0.008999999612569809,2.3684210777282715,0.1599999964237213,2.5,5.940171241760254,152.0,2.0,625.0,10.0,9500.0,144400.0,0.6000000238418579,15.199999809265137,0.796875,0.800000011920929,0.75,0.017391303554177284,0.35217392444610596,42.7,25
-0.1976724346413951,0.04069307844253691,0.12821339302146656,-1.249413030236271,0.07756725296226029,0.08700461319497023,-3.9282263462088802,-0.10708447366763436,-0.01749806822065909,0.24815812352466024,-0.006143814559488236,0.0,0.007668921576486295,0.08551323177088595,-0.12382513676914841,-0.007545817465393126,-0.20213876051516708,-0.08894911526718823,0.08038888058192016,-0.9637799544643606,-0.05282613276526261,-0.49290083998895,-0.84447996112722,0.3659346270938912,-0.3851918603690056,0.15749857337716677,-0.14952742232435506,-0.13106736041227432,0.4137469024242637,0.45459717762024276,25.0,60.0,40.0,380.0,0.4000000059604645,0.8999999761581421,38.099998474121094,210.0,152.0,272.6349182128906,1.5,1.0,0.008999999612569809,2.3684210777282715,0.1599999964237213,2.5,5.940171241760254,152.0,2.0,625.0,10.0,9500.0,144400.0,0.6000000238418579,15.199999809265137,0.796875,0.8809523582458496,0.4166666567325592,0.15217390656471252,0.35217392444610596,46.7,25
-0.1846597246718222,0.05492310832317735,0.12190236267695716,-1.1363429681290877,0.005331252352751077,0.09866503912882975,-4.899259756277656,0.20421104509926724,-0.1515640920629173,0.07400870662155955,0.005282541027256253,0.0,0.006805332052680493,-0.04860675128205916,-0.19076287037284148,-0.004457514588125996,-0.21742474860248928,-0.30917039388149736,0.05390739335686308,-0.9808972638813724,-0.11197539859677474,-0.5387728889520282,-0.9334655320414315,-0.17759189053333316,-0.4204083321695549,0.1044735935021095,-0.0262445346681269,-0.19314399575279156,0.34520976908561446,0.4418580025585027,25.0,60.0,40.0,380.0,0.4099999964237213,0.8999999761581421,31.600000381469727,215.0,155.8000030517578,276.4349060058594,1.5,1.0,0.008999999612569809,2.3684210777282715,0.1680999994277954,2.4390244483947754,5.940171241760254,155.8000030517578,1.9390244483947754,625.0,10.25,9500.0,144400.0,0.6150000095367432,15.199999809265137,0.7846153974533081,0.8604651093482971,0.5,0.15217390656471252,0.35217392444610596,39.7,25
-0.1937758377513292,0.07687981692128869,0.13752894474581784,-1.2023582728612057,0.009783990257533485,0.09189984799010338,-3.891660582863384,-0.18743632023518764,-0.18997694140081478,0.05348663372643517,0.001158498379372353,0.0,0.010637543754366803,-0.121473558326956,-0.15927849596594848,0.009135365390506035,-0.20191541428918983,-0.2936498696878296,0.03737380915373584,-0.9585912280644123,-0.13738999724077716,-0.5259934097279858,-0.8961647764917252,0.020728749051752655,-0.36679620363826987,0.14442024033202286,-0.26503523106483173,-0.3910842519073354,0.2688531127705093,0.43931934875753603,25.0,60.0,40.0,380.0,0.4099999964237213,0.8999999761581421,38.099998474121094,220.0,155.8000030517578,276.4349060058594,1.5,1.0,0.008999999612569809,2.3684210777282715,0.1680999994277954,2.4390244483947754,5.940171241760254,155.8000030517578,1.9390244483947754,625.0,10.25,9500.0,144400.0,0.6150000095367432,15.199999809265137,0.7846153974533081,0.8181818127632141,0.6666666865348816,0.24565216898918152,0.35217392444610596,43.4,25
-0.1716889107405196,0.023571558838192123,0.09038883782463336,-1.2374567898191637,0.005890904275423987,0.059127697373786293,-4.688670902083804,-0.15593416950073818,-0.22930808373360984,0.25457959877251474,0.001811375618889626,0.0,-0.0016815091549373564,0.07583099718481033,-0.16699030815640778,-0.005872340250125043,-0.2314752925965452,-0.352520887170588,0.036559256688794325,-0.9776251947307719,-0.12943091457353706,-0.5705522211205114,-0.8882286791639714,-0.043796088900510705,-0.4732134454255504,0.16126157340018188,-0.11808865184982792,-0.29890866135670496,0.32508307052278235,-0.37534561146069806,25.0,60.0,40.0,380.0,0.4099999964237213,0.8999999761581421,34.900001525878906,205.0,155.8000030517578,276.4349060058594,1.5,1.0,0.008999999612569809,2.3684210777282715,0.1680999994277954,2.4390244483947754,5.940171241760254,155.8000030517578,1.9390244483947754,625.0,10.25,9500.0,144400.0,0.6150000095367432,15.199999809265137,0.7846153974533081,0.9268292784690857,0.25,0.24565216898918152,0.18478260934352875,45.6,25
-0.18565226639608842,-0.04118967806070733,-0.2705533294690175,-0.9810010536975557,0.02843782146740825,0.08650160873185277,-4.144092814653399,0.47003254125052013,-0.23895112285507994,0.08231968298270591,-0.10740549928838497,0.0,-0.012242876602624643,0.059097347439822055,-0.16451123964202935,0.009869955482048928,-0.18214002393356452,-0.38638093566181536,0.05390739335686308,-0.9808972638813724,-0.12554412993673306,-0.5680441210629967,-1.0529314419598839,0.3834523387823072,-0.39423662496025913,0.1044735935021095,-0.08142950327662757,-0.21472870348017029,0.22415698553873278,0.4735997006937126,25.0,58.0,42.0,380.0,0.4099999964237213,0.8999999761581421,32.900001525878906,225.0,155.8000030517578,276.4349060058594,1.3809523582458496,1.0,0.008999999612569809,2.3684210777282715,0.1680999994277954,2.4390244483947754,5.940171241760254,155.8000030517578,1.9390244483947754,625.0,10.25,9500.0,144400.0,0.5661904811859131,15.199999809265137,0.7846153974533081,0.8666666746139526,0.5,0.24565216898918152,0.35217392444610596,38.3,25
-0.2085926723537957,-0.01607385621808687,-0.24439707021390056,-1.0340235745165962,0.039889055041193444,0.08840363335965651,0.8780348564261182,-0.28733138317187157,-0.2304466049853128,0.043169974709666624,-0.08487776056760232,0.0,-0.007746969290996085,0.003822727677901732,-0.16124582420703973,-0.00097896381726763,-0.21056811810671605,-0.336511559081325,0.03383484823789703,-0.7450738028185664,-0.11877946902980617,-0.4130153942688972,-1.0566122971539287,0.3122210705235894,-0.25913955067281497,0.12864468651371308,-0.4055517312588367,-0.5527817400596656,0.336934081825349,0.6096239980066799,25.0,58.0,42.0,380.0,0.4099999964237213,0.8999999761581421,42.29999923706055,220.0,155.8000030517578,276.4349060058594,1.3809523582458496,1.0,0.008999999612569809,2.3684210777282715,0.1680999994277954,2.4390244483947754,5.940171241760254,155.8000030517578,1.9390244483947754,625.0,10.25,9500.0,144400.0,0.5661904811859131,15.199999809265137,0.7846153974533081,0.8409090638160706,0.5833333134651184,0.24565216898918152,0.35217392444610596,47.0,25
-0.18209885245540136,-0.022928456023823873,-0.2774639354953904,-1.0385787630683436,0.048722712266881935,0.04821217534119817,-3.635080545216567,-0.06503316471948815,-0.10002008392695366,0.2821338477479885,-0.12638653824225551,0.0,-0.018196204625739305,0.06967931553978815,-0.09599491120539189,-0.0035710142599507015,-0.18971490280515224,-0.16641377961208526,0.05777893265001591,-0.9885718755797552,-0.05792285119754717,-0.5284784409193859,-0.9222875325566972,0.5424184344531867,-0.32429247811173656,0.14706732618918703,-0.17034220425946636,-0.3243488333340811,-0.08244483053848435,0.46125136808009626,25.0,58.0,42.0,380.0,0.4000000059604645,0.8500000238418579,37.880001068115234,215.0,152.0,272.6349182128906,1.3809523582458496,1.0,0.008500000461935997,2.236842155456543,0.1599999964237213,2.5,5.940171241760254,152.0,2.0,625.0,10.0,9500.0,144400.0,0.5523809790611267,15.199999809265137,0.796875,0.7906976938247681,0.75,0.34130436182022095,0.35217392444610596,42.93,25
-0.1716889107405196,-0.04118967806070733,-0.29554545198031557,-0.9866081564683169,0.02701584727682544,0.06673853676247068,-4.425676383071131,0.033924678602714226,-0.26896495039766066,0.0928622942225611,-0.11919561714653652,0.0,-0.023582877536199212,0.1696375175976265,-0.16833017708234807,-0.0034872945834420743,-0.21620472419260142,-0.4142407040116594,0.0477794522965709,-0.9779302994847305,-0.13511615219451426,-0.5667568270427987,-1.0506083801012718,0.5593988877809399,-0.4214970075512602,0.13105025335204176,-0.1297462244915629,-0.2971313660339918,0.20951088994919737,-0.34777545647723906,25.0,58.0,42.0,380.0,0.4099999964237213,0.8999999761581421,34.90999984741211,210.0,155.8000030517578,276.4349060058594,1.3809523582458496,1.0,0.008999999612569809,2.3684210777282715,0.1680999994277954,2.4390244483947754,5.940171241760254,155.8000030517578,1.9390244483947754,625.0,10.25,9500.0,144400.0,0.5661904811859131,15.199999809265137,0.7846153974533081,0.8571428656578064,0.5,0.24565216898918152,0.18478260934352875,44.58,25
-0.1716889107405196,-0.049176171606737235,-0.302531012692073,-1.0275583528500505,0.06091904816560626,0.049531861811197966,-4.721204862891433,-0.06421814444069243,-0.14248541550317445,0.0654603043134834,-0.1101059016672363,0.0,-0.01976079506986617,0.12151461763580666,-0.2031219547663499,-0.026814521342278304,-0.19541226846495288,-0.32830267904810734,0.06618231764483866,-0.9220698542322203,-0.06167993413426013,-0.5664214303303764,-1.0104291665301066,0.5684079710859666,-0.3355844195501452,0.11038124814050389,0.12826365583699387,-0.21428350467335558,-0.17530900416157966,-0.21977918094355522,25.0,58.0,42.0,380.0,0.4099999964237213,0.8999999761581421,36.0,210.0,155.8000030517578,276.4349060058594,1.3809523582458496,1.0,0.008999999612569809,2.3684210777282715,0.1680999994277954,2.4390244483947754,5.940171241760254,155.8000030517578,1.9390244483947754,625.0,10.25,9500.0,144400.0,0.5661904811859131,15.199999809265137,0.7846153974533081,0.8571428656578064,0.5,0.017391303554177284,0.041304346174001694,42.8,25
-0.2018101914568105,-0.019403259909812558,-0.29507865206790324,-1.0058698171366687,0.04842812618449707,0.0337850501188538,-2.843861508785823,-0.11260156259407346,-0.2253650982395268,0.1048511575405904,-0.0757045708693844,0.0,-0.007752840760230381,0.0742086988154635,-0.20612604064730164,-0.023759781169806614,-0.2216905497138799,-0.2929166079349582,0.08145937192672327,-0.9161098072894817,-0.12163641918911375,-0.5841384690508267,-1.0207998610046096,0.33088789364878535,-0.324636678598444,0.10034538884458628,-0.4712752983886527,-0.14436928787514214,-0.3481732523858887,-0.2303656822961538,25.0,58.0,42.0,380.0,0.4099999964237213,0.8999999761581421,39.5,190.0,155.8000030517578,276.4349060058594,1.3809523582458496,1.0,0.008999999612569809,2.3684210777282715,0.1680999994277954,2.4390244483947754,5.940171241760254,155.8000030517578,1.9390244483947754,625.0,10.25,9500.0,144400.0,0.5661904811859131,15.199999809265137,0.7846153974533081,0.9210526347160339,0.25,0.02391304261982441,0.041304346174001694,46.5,25
-0.1846597246718222,-0.025366013005923196,-0.26593064277762934,-1.026572215279315,0.05238051218422516,0.04684891156278931,-4.439460739850413,0.030475421758126255,-0.10396068870790164,0.15403914439426603,-0.10696484807961598,0.0,-0.020626035738753032,0.06939756043366911,-0.19764241998891705,0.0019458549576662422,-0.21339445212932479,-0.3740367562467337,0.03907929165542944,-0.9564167922988192,-0.09588607009558739,-0.5973388610222544,-0.9029065113157034,0.5643119818499039,-0.241865345232969,0.09637985017586105,0.06636206647298766,-0.2777332653410531,-0.3432555561389186,0.25593610365565694,25.0,58.0,42.0,380.0,0.4099999964237213,0.8500000238418579,36.099998474121094,215.0,155.8000030517578,276.4349060058594,1.3809523582458496,1.0,0.008500000461935997,2.236842155456543,0.1680999994277954,2.4390244483947754,5.940171241760254,155.8000030517578,1.9390244483947754,625.0,10.25,9500.0,144400.0,0.5661904811859131,15.199999809265137,0.7846153974533081,0.8139534592628479,0.6666666865348816,0.02391304261982441,0.35217392444610596,43.35,25
-0.2118920310691423,-0.04845716566060733,-0.27509238042224093,-0.9213379473547559,0.024225306237973126,0.04528384373113404,-5.166198019881157,-0.08254882556405224,-0.180650244936975,0.31675650933047184,-0.10760617140879122,0.0,-0.015585772319951426,0.1782438234031608,-0.030243754017019307,0.0175071716992005,-0.28979832706689634,-0.3290263633914533,0.021089918429630938,-0.9654973963274244,-0.027488910214706976,-0.5468697565340459,-0.9642369033061582,0.46890541914470524,-0.4123561788674817,0.17393433225205843,0.2349148632969027,0.3267863436459331,0.5744913488707996,-0.2998498975991259,25.0,58.0,42.0,380.0,0.4099999964237213,0.8999999761581421,34.70000076293945,180.0,155.8000030517578,276.4349060058594,1.3809523582458496,1.0,0.008999999612569809,2.3684210777282715,0.1680999994277954,2.4390244483947754,5.940171241760254,155.8000030517578,1.9390244483947754,625.0,10.25,9500.0,144400.0,0.5661904811859131,15.199999809265137,0.7846153974533081,1.0,0.0,0.15217390656471252,0.18478260934352875,40.6,25
-0.16148562613098325,-0.02729308857616151,-0.30025373669046196,-0.9870568052137483,0.03572038264658912,0.07407084336684927,-5.527746251385014,-0.28575824384933385,-0.2955852920970323,0.1337567685252671,-0.1018723574386102,0.0,-0.019639448639691658,0.0963860691083937,-0.16451145291448144,0.06860437639997966,-0.1890076664135211,-0.3684407590758481,0.053439141462514536,-0.9913942397672277,-0.17634992052800685,-0.5664752701103507,-1.0553750337474403,0.3485072163376711,-0.4593582877961708,0.09484157344531184,-0.20512249481847283,-0.09459281101950959,-0.30311670211262526,0.503292250680417,25.0,58.0,42.0,380.0,0.4099999964237213,0.8999999761581421,30.5,225.0,155.8000030517578,276.4349060058594,1.3809523582458496,1.0,0.008999999612569809,2.3684210777282715,0.1680999994277954,2.4390244483947754,5.940171241760254,155.8000030517578,1.9390244483947754,625.0,10.25,9500.0,144400.0,0.5661904811859131,15.199999809265137,0.7846153974533081,0.8888888955116272,0.4166666567325592,0.34130436182022095,0.35217392444610596,40.5,25
-0.20570678834687642,-0.017582560730432593,-0.2802346907399836,-1.0464467017607115,0.06166288435243763,0.061411496006514715,-2.437410015194063,-0.12825006326341154,-0.09319682920209231,0.27723128001763997,-0.10181390744923484,0.0,-0.02291136721535517,-0.02027819274931592,-0.12840845535453763,-0.001580490341690442,-0.18707279076778366,-0.15538264901274326,0.07159252237906796,-0.9436151756421932,-0.05588386755606144,-0.6160407709910676,-1.016799358567673,0.6055570398744452,-0.2900625422764637,0.10040701951318586,-0.022730577039209426,-0.4092460838971768,-0.4422528558957029,-0.3469686896001977,25.0,58.0,42.0,380.0,0.4000000059604645,0.8999999761581421,39.29999923706055,220.0,152.0,272.6349182128906,1.3809523582458496,1.0,0.008999999612569809,2.3684210777282715,0.1599999964237213,2.5,5.940171241760254,152.0,2.0,625.0,10.0,9500.0,144400.0,0.5523809790611267,15.199999809265137,0.796875,0.8181818127632141,0.6666666865348816,0.08695652335882187,0.18478260934352875,44.9,25
-0.17781291900888538,0.011437632796827711,-0.18897375832190771,-0.8681509903202498,0.1817791118588203,0.07927900886353581,-3.9543516741990863,-0.10456644629089086,0.17531062528391986,0.2755476405524809,-0.10609844396764923,0.0,0.012551077782291573,0.0012360185774072598,0.10280542569190564,0.0015469082107977669,-0.2019303071955063,0.28512122338185,0.11536278654272948,-0.9405918890717118,-0.7310498515787903,-0.5886065152718176,-0.9009681934929353,0.5481813697564748,-0.25875310404309226,0.205713504234202,0.008806825746110497,-0.3327556693190309,-0.5081823266264429,0.43865682911450915,25.0,58.0,42.0,380.0,0.38999998569488525,0.8999999761581421,37.20000076293945,215.0,148.1999969482422,268.8349304199219,1.3809523582458496,1.0,0.008999999612569809,2.3684210777282715,0.15209999680519104,2.5641026496887207,5.940171241760254,148.1999969482422,2.0641026496887207,625.0,9.75,9500.0,144400.0,0.5385714173316956,15.199999809265137,0.8095238208770752,0.8139534592628479,0.6666666865348816,0.08695652335882187,0.35217392444610596,44.3,25
-0.1829548401658111,-0.02644893292609946,-0.40121264133468004,-0.8361302995885005,0.004939228633141987,0.08305242329238897,-6.6223461632137335,0.24252334485327523,-0.2752532254131005,0.5521378985662007,-0.10787201880080365,0.0,0.012452178039036628,-0.15713548463865326,-0.09838441218425749,0.039050649495367726,-0.25380534178653574,-0.32554742869329845,0.1058079117726941,-0.982895080273811,-0.15310403198810144,-0.5536929935583701,-0.9996468366807457,0.4383237246435559,-0.519058703237871,0.15965274481621688,0.053690211042637666,-0.18762677979536432,-0.44094174516541157,-0.5139157816908085,25.0,58.0,42.0,380.0,0.4099999964237213,1.0,25.829999923706055,215.0,155.8000030517578,276.4349060058594,1.3809523582458496,1.0,0.009999999776482582,2.6315789222717285,0.1680999994277954,2.4390244483947754,5.940171241760254,155.8000030517578,1.9390244483947754,625.0,10.25,9500.0,144400.0,0.5661904811859131,15.199999809265137,0.7846153974533081,0.9534883499145508,0.1666666716337204,0.34130436182022095,0.06521739065647125,30.42,25
-0.2258656405364252,0.003193767175217475,-0.3078460727277232,-0.9075599052502871,0.007814784167592934,0.06882933930837119,-7.715272673078117,-0.12556861419733295,-0.02160582339265282,0.7664446162558886,-0.1114089175925899,0.0,-0.07357556939105293,-0.12495224630563684,0.03956156232275049,0.030490297088779168,-0.3192315267295449,-0.15587115545416616,0.1234569168085664,-0.9818901240941657,0.034446619464076234,-0.5174392550985316,-1.0233815295527169,0.404725017257257,-0.5340415734362378,0.27690960302812384,0.47531126931127204,0.3765013665110033,0.42597655278752533,-0.5056559274259563,25.0,58.0,42.0,380.0,0.4000000059604645,0.949999988079071,22.18000030517578,200.0,152.0,272.6349182128906,1.3809523582458496,1.0,0.009499999694526196,2.5,0.1599999964237213,2.5,5.940171241760254,152.0,2.0,625.0,10.0,9500.0,144400.0,0.5523809790611267,15.199999809265137,0.796875,1.0,0.0,0.24565216898918152,0.06521739065647125,32.02,25
-0.2102578856098381,0.0022309093227676573,-0.22744285930144326,-1.0041079986292554,0.169087135255293,0.055697767904937696,-0.17791374087502182,0.0035683823317120065,0.20447626152019516,0.03873671162884219,-0.08807926487781582,0.0,0.0014107222815468606,-0.04932325649204667,0.09099021585242537,-0.0014669001059464514,-0.2183001703326611,0.24413342021605863,0.0908710311305842,-0.7888117119331401,-0.7792674602952644,-0.368089579569276,-0.9031163917144814,0.32614535228620334,-0.40018840919273274,0.15044684474340908,-0.2434296850576154,-0.16228975450573316,-0.07129464620367942,-0.6514704136878366,25.0,58.0,42.0,380.0,0.38999998569488525,0.8500000238418579,40.27000045776367,200.0,148.1999969482422,268.8349304199219,1.3809523582458496,1.0,0.008500000461935997,2.236842155456543,0.15209999680519104,2.5641026496887207,5.940171241760254,148.1999969482422,2.0641026496887207,625.0,9.75,9500.0,144400.0,0.5385714173316956,15.199999809265137,0.8095238208770752,0.875,0.4166666567325592,0.34130436182022095,0.06521739065647125,43.22,25
-0.2102578856098381,0.011181704644818739,-0.20866870164632156,-0.9593736829006241,0.17661228997046288,0.049354032628929775,-0.37373953938629834,-0.024776350218113228,0.2676068762738039,0.2535164645144213,-0.05892351623299834,0.0,0.01543249878465657,-0.14933275869689144,0.09287540174834687,-0.015197960072581429,-0.2069178702196491,0.2837899061922336,0.16243974224300345,-0.8614790189779292,-0.7122039012056682,-0.6078701232761141,-0.8449320183167185,0.3195260238603673,-0.32773378439849316,0.14979683372665775,-0.46001526185336444,-0.17218522419923357,-0.9668594587771558,-0.3338052468482006,25.0,58.0,42.0,380.0,0.38999998569488525,0.8500000238418579,40.27000045776367,190.0,148.1999969482422,268.8349304199219,1.3809523582458496,1.0,0.008500000461935997,2.236842155456543,0.15209999680519104,2.5641026496887207,5.940171241760254,148.1999969482422,2.0641026496887207,625.0,9.75,9500.0,144400.0,0.5385714173316956,15.199999809265137,0.8095238208770752,0.9210526347160339,0.25,0.08695652335882187,0.18478260934352875,51.26,25
-0.1980144866157969,0.013830578679089277,-0.2129311854073331,-0.9434130360002198,-0.05363689323540445,0.05895454992725245,2.557524842527068,0.013986120262941708,-0.08689281430605857,0.2531995947528736,-0.06256211660482752,0.0,0.012212662469329944,0.23195929774590407,-0.08392966860767219,-0.03985970909589528,-0.2215792101267021,-0.14874318184313984,0.04944118593946599,-0.7384795327057926,-0.050780049834388837,-0.5533549466461332,-0.9495073256373808,0.41404660674758514,-0.3130421511995197,0.12320778563637032,-0.023445584173175896,-0.15584095796552733,-0.670709876109897,-0.43757607144008337,25.0,58.0,42.0,380.0,0.4000000059604645,0.8999999761581421,45.9900016784668,195.0,152.0,272.6349182128906,1.3809523582458496,1.0,0.008999999612569809,2.3684210777282715,0.1599999964237213,2.5,5.940171241760254,152.0,2.0,625.0,10.0,9500.0,144400.0,0.5523809790611267,15.199999809265137,0.796875,0.8717948794364929,0.4166666567325592,0.08695652335882187,0.18478260934352875,48.67,25
-0.1980144866157969,0.0024535518025662955,-0.2725817532345376,-1.057094037217946,0.0541990756759452,0.0514992566366467,1.0314101121609294,0.03575919269077783,-0.09590371421315014,0.3176560322234088,-0.09017914932886274,0.0,-0.02558261687940258,-0.027607561556581745,-0.08139173970354115,-0.02505269582644466,-0.23198459868337024,-0.2081132207881421,0.06341593544091885,-0.664570655376466,-0.016461539613199596,-0.4262866245627277,-1.0423963592615526,0.301385733106574,-0.3424895976005293,0.13741102820289397,0.08817718484770527,-0.09118579055011028,-0.04351239135237677,-0.3140407661140626,25.0,58.0,42.0,380.0,0.4000000059604645,0.8999999761581421,41.349998474121094,210.0,152.0,272.6349182128906,1.3809523582458496,1.0,0.008999999612569809,2.3684210777282715,0.1599999964237213,2.5,5.940171241760254,152.0,2.0,625.0,10.0,9500.0,144400.0,0.5523809790611267,15.199999809265137,0.796875,0.9523809552192688,0.1666666716337204,0.34130436182022095,0.18478260934352875,46.67,25
-0.1716889107405196,-0.041285510292415485,-0.2798397089962671,-1.0445833861424985,0.05036113001777756,0.06731891995683917,-4.024017052665547,0.020558245137619606,-0.1785837594129309,0.11533400001783242,-0.11120692163727465,0.0,-0.018804802663916365,0.15276171960345492,-0.19332669372563938,0.005493994331587492,-0.23091363077415977,-0.4087386330661802,0.0477794522965709,-0.9727415730847825,-0.11611356282653887,-0.5728231188184221,-0.992910342351264,0.5764776241026252,-0.3308510701426868,0.132591862969612,-0.021359466311316522,-0.27313147666645016,0.43995485845194604,-0.3461682567320731,25.0,58.0,42.0,380.0,0.4099999964237213,0.8999999761581421,35.52000045776367,210.0,155.8000030517578,276.4349060058594,1.3809523582458496,1.0,0.008999999612569809,2.3684210777282715,0.1680999994277954,2.4390244483947754,5.940171241760254,155.8000030517578,1.9390244483947754,625.0,10.25,9500.0,144400.0,0.5661904811859131,15.199999809265137,0.7846153974533081,0.8333333134651184,0.5833333134651184,0.15217390656471252,0.18478260934352875,38.82,25
-0.15611532855452584,-0.041668866693587416,-0.29963194542702215,-1.0445634161852506,0.04222326531327748,0.04795673498236304,-3.880188654413103,-0.0639143852799221,-0.2977408891845908,0.0740183578515119,-0.11977743313254473,0.0,-0.02511344117428686,0.06703230105601402,-0.1650224694995045,-0.013838636592773053,-0.2193199802793696,-0.3662674530228699,0.04241865213877036,-0.9727976806434808,-0.1180401587683974,-0.5112108403417007,-0.9440208426540857,0.5224247165255967,-0.3303975003884876,0.1461555372416889,0.09423322531457971,-0.29720775529328797,-0.28141846991932196,-0.31785615721991006,25.0,58.0,42.0,380.0,0.4099999964237213,0.8500000238418579,36.54999923706055,220.0,155.8000030517578,276.4349060058594,1.3809523582458496,1.0,0.008500000461935997,2.236842155456543,0.1680999994277954,2.4390244483947754,5.940171241760254,155.8000030517578,1.9390244483947754,625.0,10.25,9500.0,144400.0,0.5661904811859131,15.199999809265137,0.7846153974533081,0.7954545617103577,0.75,0.34130436182022095,0.0,41.2,25
-0.1993501342318252,-0.04845479685731653,-0.31051507578948917,-0.9085732587412155,-0.011812785779983967,0.05009395699737834,-6.563427344689824,-0.0017548453465749472,-0.21429306575230678,0.2510544017726752,-0.10207302955901644,0.0,-0.017717830879211634,0.06898321753148662,-0.027041722840820546,0.0741720272505515,-0.27799027506673524,-0.2891133501859881,0.053856103269251936,-0.9789713047802104,-0.010685311985741961,-0.5520622962732012,-1.034322284903343,0.3096813174953726,-0.49743562361267163,0.11117282014430889,0.3033566310215342,0.31959940287282,0.48987144858522924,-0.25925010892001804,25.0,58.0,42.0,380.0,0.4099999964237213,0.8999999761581421,28.399999618530273,180.0,155.8000030517578,276.4349060058594,1.3809523582458496,1.0,0.008999999612569809,2.3684210777282715,0.1680999994277954,2.4390244483947754,5.940171241760254,155.8000030517578,1.9390244483947754,625.0,10.25,9500.0,144400.0,0.5661904811859131,15.199999809265137,0.7846153974533081,1.0,0.0,0.15217390656471252,0.18478260934352875,41.2,25
-0.17854430753973718,-0.017796767302632445,-0.2871304641546116,-0.9543329579006117,-0.09689796202782495,0.04579831097661714,3.009696861999412,-0.2923277326001158,-0.20292950968693874,0.15647438811776856,-0.13665213440020194,0.0,-0.023730286903002287,0.1297309175579355,-0.16638741173568622,-0.04119751378913536,-0.22138970372196087,-0.3019274584318745,0.06328016458668183,-0.6783551570843772,-0.12303534689239501,-0.43153646710496857,-0.9155263949931262,0.3181856726239708,-0.2766419444389836,0.130657007419226,-0.14321814271949956,-0.4287305294198933,-0.5264838186081909,-0.15679993351311877,25.0,58.0,42.0,380.0,0.4099999964237213,0.8500000238418579,45.9900016784668,190.0,155.8000030517578,276.4349060058594,1.3809523582458496,1.0,0.008500000461935997,2.236842155456543,0.1680999994277954,2.4390244483947754,5.940171241760254,155.8000030517578,1.9390244483947754,625.0,10.25,9500.0,144400.0,0.5661904811859131,15.199999809265137,0.7846153974533081,0.621052622795105,1.2000000476837158,0.34130436182022095,0.043478261679410934,48.67,25
-0.18154881432578074,-0.028050430121714612,-0.2916025037762322,-1.0485856187942364,0.04590471701417215,0.05391153230123021,0.7793245642470583,-1.0912538493830242,-0.3198008602047017,0.005143110495590516,-0.10470860224795754,0.0,-0.043676083025759795,0.03334046416859806,-0.1678134394328141,-0.04556816003853468,-0.17185765916596032,-0.33101096359567944,0.05332374410668977,-0.6602275158092977,-0.1113498408315247,-0.36366816145519704,-1.0602229650710255,0.35653389826503845,-0.2627611877755232,0.13449177394968834,-0.21476581200602085,-0.4704489740516606,-0.28090753241659067,-0.3215987955507002,25.0,58.0,42.0,380.0,0.4099999964237213,0.8999999761581421,41.349998474121094,225.0,155.8000030517578,276.4349060058594,1.3809523582458496,1.0,0.008999999612569809,2.3684210777282715,0.1680999994277954,2.4390244483947754,5.940171241760254,155.8000030517578,1.9390244483947754,625.0,10.25,9500.0,144400.0,0.5661904811859131,15.199999809265137,0.7846153974533081,0.800000011920929,0.75,0.34130436182022095,0.043478261679410934,46.67,25
-0.15611532855452584,-0.04531638401200036,-0.27317121514818826,-1.0084700350485107,0.01753949312464005,-0.05060189690331711,-4.068821142678294,-0.09995232449745581,-0.2516754441064243,0.15018582707843792,-0.1132751568595259,0.0,0.050863486970450816,-0.005404753308108475,-0.17137465441202768,-0.004486918183544976,-0.23072304178769557,-0.3331441460870804,0.054291030868741305,-0.9693274017280491,-0.0872510821394583,-0.551910446239945,-0.878289724480682,0.29708766996689434,-0.38224048844958575,0.16134371396088795,0.27701418493676744,-0.05500142295904382,-0.30585872171774586,-0.46184990779597174,25.0,58.0,42.0,380.0,0.4099999964237213,0.800000011920929,35.52000045776367,180.0,155.8000030517578,276.4349060058594,1.3809523582458496,1.0,0.00800000037997961,2.1052632331848145,0.1680999994277954,2.4390244483947754,5.940171241760254,155.8000030517578,1.9390244483947754,625.0,10.25,9500.0,144400.0,0.5661904811859131,15.199999809265137,0.7846153974533081,0.6111111044883728,1.1666666269302368,0.34130436182022095,0.043478261679410934,38.82,25
-0.1716889107405196,-0.023593130415252076,-0.2792839510073762,-1.0716432056387017,0.031375759867675226,0.04712948685399094,-4.558705948913326,0.052792584513120244,-0.138020977585635,0.2280081658179553,-0.10869161159163195,0.0,-0.02487113759859561,0.15842511595897496,-0.1927374476578036,-0.0029278557614797586,-0.2905995928765355,-0.36212975749313453,0.0505941571857762,-0.9772851544279286,-0.1934842021757482,-0.6125163562774596,-0.9738946215932213,0.37767496154863545,-0.3922196455572508,0.1305873790998454,-0.03848139655832765,-0.2493408853702943,-0.03869129614737908,-0.37061799858673994,25.0,58.0,42.0,380.0,0.4099999964237213,0.8500000238418579,34.5,205.0,155.8000030517578,276.4349060058594,1.3809523582458496,1.0,0.008500000461935997,2.236842155456543,0.1680999994277954,2.4390244483947754,5.940171241760254,155.8000030517578,1.9390244483947754,625.0,10.25,9500.0,144400.0,0.5661904811859131,15.199999809265137,0.7846153974533081,0.8780487775802612,0.4166666567325592,0.09565217047929764,0.18478260934352875,41.15,25
-0.17007868421009467,-0.03640251576763169,-0.2665860582124901,-0.9879936179736287,0.02845287930900542,0.047198269391223326,-3.0635681895750744,0.37575641787621317,-0.12034912122231556,0.22157645009669794,-0.09687187097042294,0.0,-0.020626035738753032,0.09914540670663975,-0.1928463244417736,0.01914709148793241,-0.2511237030491694,-0.37177145889113444,0.05149725202344035,-0.9569127331078029,-0.17658922996718776,-0.6164363819898468,-0.9601639095910003,0.4017497339346851,-0.33332082224195664,0.1281173076883839,0.08397709121515255,-0.09073240579213404,-0.04548509256228623,0.2620380411141544,25.0,58.0,42.0,380.0,0.4099999964237213,0.8500000238418579,34.5,225.0,155.8000030517578,276.4349060058594,1.3809523582458496,1.0,0.008500000461935997,2.236842155456543,0.1680999994277954,2.4390244483947754,5.940171241760254,155.8000030517578,1.9390244483947754,625.0,10.25,9500.0,144400.0,0.5661904811859131,15.199999809265137,0.7846153974533081,0.800000011920929,0.75,0.09565217047929764,0.35217392444610596,41.15,25
-0.1716889107405196,-0.03748735109650709,-0.2958937368242041,-1.0180834340642473,0.029419633298062357,0.053906911656993184,-5.019938962235366,0.20720196104860333,-0.10782703160960037,0.053669696369958185,-0.10949446291817065,0.0,-0.023790331845191855,0.16471843050971652,-0.19909506747322966,-0.009335469637033912,-0.2400947075769508,-0.3708115997288477,0.03274645343143848,-0.9819074811184854,-0.11274441604464906,-0.5983583628516577,-0.9784040648304575,0.3171044887668876,-0.3752869316545532,0.03498068792395187,0.1566338400548747,-0.18910579908434472,-0.2917835226649195,-0.30983584728491637,25.0,58.0,42.0,380.0,0.4099999964237213,0.8500000238418579,33.79999923706055,205.0,155.8000030517578,276.4349060058594,1.3809523582458496,1.0,0.008500000461935997,2.236842155456543,0.1680999994277954,2.4390244483947754,5.940171241760254,155.8000030517578,1.9390244483947754,625.0,10.25,9500.0,144400.0,0.5661904811859131,15.199999809265137,0.7846153974533081,0.8536585569381714,0.5,0.017391303554177284,0.18478260934352875,43.25,25
-0.1459120439449895,-0.03640014696434089,-0.2899518902649448,-0.9536749337521429,0.02649675273939256,0.04218043453190978,-5.240226929928723,-0.12558611520938168,-0.18102294491122864,0.12113384764464583,-0.09855129712065894,0.0,-0.020675306697959056,0.08102227071423591,-0.19920415752965176,0.054427731102901784,-0.2679124027417713,-0.3497210663661644,0.030054999463808168,-0.9615350597983595,-0.10764655300609777,-0.607573445407106,-0.953440364090003,0.328031508686363,-0.3744330609728639,0.06385220593083842,0.09696424171508806,-0.3741780923348185,0.06653109916520508,0.31534307781793036,25.0,58.0,42.0,380.0,0.4099999964237213,0.8500000238418579,30.600000381469727,225.0,155.8000030517578,276.4349060058594,1.3809523582458496,1.0,0.008500000461935997,2.236842155456543,0.1680999994277954,2.4390244483947754,5.940171241760254,155.8000030517578,1.9390244483947754,625.0,10.25,9500.0,144400.0,0.5661904811859131,15.199999809265137,0.7846153974533081,0.7777777910232544,0.8333333134651184,0.017391303554177284,0.35217392444610596,34.9,25
-0.15611532855452584,-0.048738160682324325,-0.28961722478933977,-1.0236844765884943,0.0518027764530432,0.046713479117438235,-4.242055806637069,-0.10203301995180884,-0.05800127408443616,0.09939923318426638,-0.10868129053404706,0.0,-0.024904813223332673,-0.0478576497026798,-0.20429421541244866,-0.010551348306156859,-0.18709428767899006,-0.3106306337676423,0.10418175718636927,-0.9008926129640272,-0.05055641018582641,-0.5322531059389416,-0.984153668834223,0.5023100754659003,-0.2767946924776046,0.11717057528822934,0.7240540537476015,-0.18578662323695594,-0.13849296002535189,-0.18507413314205548,25.0,58.0,42.0,380.0,0.4099999964237213,0.8999999761581421,36.0,190.0,155.8000030517578,276.4349060058594,1.3809523582458496,1.0,0.008999999612569809,2.3684210777282715,0.1680999994277954,2.4390244483947754,5.940171241760254,155.8000030517578,1.9390244483947754,625.0,10.25,9500.0,144400.0,0.5661904811859131,15.199999809265137,0.7846153974533081,0.5263158082962036,1.5,0.02391304261982441,0.041304346174001694,42.8,25
-0.2622406420066784,-0.01410514090934528,-0.27557560903767964,-0.8892638759643833,0.01673779412326208,0.03676411595358408,-5.065672762448271,-0.10622230906473974,-0.019613182578729967,0.13146801783738682,-0.09370819928618761,0.0,-0.08034573226921413,-0.007981858512498148,-0.042978982585521575,0.0003877446870820616,-0.3161721916799784,-0.2856724406108837,0.03649222201218602,-0.9819551227496398,-0.07590486789431193,-0.5801234456746935,-0.9677299289079548,0.393131579664263,-0.33038737836371834,0.09707682941962,0.20335880321810454,0.675579142397075,-0.5418291436073829,-0.20088309602924764,25.0,58.0,42.0,380.0,0.4099999964237213,0.8500000238418579,34.29999923706055,170.0,155.8000030517578,276.4349060058594,1.3809523582458496,1.0,0.008500000461935997,2.236842155456543,0.1680999994277954,2.4390244483947754,5.940171241760254,155.8000030517578,1.9390244483947754,625.0,10.25,9500.0,144400.0,0.5661904811859131,15.199999809265137,0.7846153974533081,1.2647058963775635,-0.75,0.02391304261982441,0.18478260934352875,38.44,25
-0.2210081441486493,-0.005485240639299207,-0.3030493373308805,-0.8925291782759496,0.03852572584580161,0.05264127623747741,-4.335243598956449,0.12630140650476163,-0.0415244712351137,0.20901340457722845,-0.1138923139353026,0.0,0.002386495660407363,0.03983749630145966,-0.05746450399242089,0.008342744937040111,-0.22515946356908587,-0.271534867351582,0.05565256237544455,-0.9339172785905014,-0.05588243959437551,-0.6227982369637722,-0.9381049346428093,0.5199089032648654,-0.3547235745376913,0.09954085057072244,0.15007314643732164,0.46440153414964824,-0.5633726072090564,-0.2543602692272335,25.0,58.0,42.0,380.0,0.4099999964237213,0.8999999761581421,37.880001068115234,160.0,155.8000030517578,276.4349060058594,1.3809523582458496,1.0,0.008999999612569809,2.3684210777282715,0.1680999994277954,2.4390244483947754,5.940171241760254,155.8000030517578,1.9390244483947754,625.0,10.25,9500.0,144400.0,0.5661904811859131,15.199999809265137,0.7846153974533081,1.09375,-0.25,0.02391304261982441,0.18478260934352875,42.93,25
-0.18565226639608842,-0.021939288468819852,-0.2983834846659344,-0.9674037930148127,0.026400119663712696,0.06272469721877587,-5.291141767664978,0.14522650279528737,-0.16235187633086828,0.247248581452639,-0.07987729511402028,0.0,-0.03183358548980261,0.02134871620902147,-0.20311643983077438,0.00179232281355794,-0.2581386199738179,-0.3329041310295932,0.02401986754037997,-0.9452961193102691,-0.109534567777748,-0.6005092784887283,-1.0391003285244216,0.29292805193678967,-0.3954004834066948,0.08140110382270095,-0.10738729522458161,-0.176586537609033,-0.40373348617326354,0.35374821132673767,25.0,58.0,42.0,380.0,0.4099999964237213,0.8999999761581421,30.899999618530273,225.0,155.8000030517578,276.4349060058594,1.3809523582458496,1.0,0.008999999612569809,2.3684210777282715,0.1680999994277954,2.4390244483947754,5.940171241760254,155.8000030517578,1.9390244483947754,625.0,10.25,9500.0,144400.0,0.5661904811859131,15.199999809265137,0.7846153974533081,0.9555555582046509,0.1666666716337204,0.02391304261982441,0.35217392444610596,35.8,25
-0.1867259871202295,-0.033859832979633776,-0.2652531239026215,-0.9257144829990837,0.04987159042058647,0.020137333501304814,-5.3369359865420485,-0.0762083651651659,-0.1190458555039932,0.26413908482183246,-0.09668270379231297,0.0,-0.023743325760703368,0.03155405171577707,-0.03340473333953893,-0.00662929411481462,-0.21691353895172427,-0.2796682204795554,0.05088885949954115,-0.9431705754972876,-0.04385259856692185,-0.6222226730092597,-0.8965003752638662,0.5100515713167441,-0.30743198417251355,0.103058943655217,-0.00023354674647684036,0.16540311539799127,-0.8175609752798219,0.3594079360904664,25.0,58.0,42.0,380.0,0.4099999964237213,0.8500000238418579,36.099998474121094,215.0,155.8000030517578,276.4349060058594,1.3809523582458496,1.0,0.008500000461935997,2.236842155456543,0.1680999994277954,2.4390244483947754,5.940171241760254,155.8000030517578,1.9390244483947754,625.0,10.25,9500.0,144400.0,0.5661904811859131,15.199999809265137,0.7846153974533081,1.0,0.0,0.02391304261982441,0.35217392444610596,43.35,25
-0.2622406420066784,-0.015447697000900285,-0.2930741214053535,-0.9100110135388245,0.0179421182777461,0.06533637239546225,-4.730257530887657,0.24777703896667339,-0.24658544293165746,0.01641839671248866,-0.1192654023383149,0.0,-0.01938487011427138,0.18525979749922433,0.002962928039328861,0.008651704865839148,-0.2550119105727368,-0.24138231798638346,0.07275916787443128,-0.9958091186466523,-0.19567589455230391,-0.508121680764661,-0.9371231479128804,0.5559387340058203,-0.4185702752977921,0.1431847906995158,0.3772004054867905,0.5733345490067978,-0.41371583380688,-0.5409902379523462,25.0,58.0,42.0,380.0,0.4099999964237213,0.8999999761581421,34.29999923706055,85.0,155.8000030517578,276.4349060058594,1.3809523582458496,1.0,0.008999999612569809,2.3684210777282715,0.1680999994277954,2.4390244483947754,5.940171241760254,155.8000030517578,1.9390244483947754,625.0,10.25,9500.0,144400.0,0.5661904811859131,15.199999809265137,0.7846153974533081,2.058823585510254,-1.5,0.34130436182022095,0.041304346174001694,38.44,25
-0.16632397770001117,-0.03352447497468861,-0.3049443663373114,-1.0282435985422942,0.04299895679087666,0.04914930880806648,-2.9485909424217933,-0.6631033506711805,-0.20209893634989237,-0.004368465843444604,-0.11533259169219787,0.0,-0.056503007446918364,-0.05389696549999277,-0.1695859833221317,-0.01175970281520976,-0.1854666489318681,-0.329508411701426,0.06605769293692815,-0.9419036500026666,-0.12530414377782614,-0.5169926419899726,-1.0205889670154016,0.5158296887429077,-0.33740928576881,0.14709595951404797,0.35458194185388403,-0.1895150126855549,-0.2906121283496141,-0.3665712169326679,25.0,58.0,42.0,380.0,0.4099999964237213,0.8999999761581421,37.880001068115234,225.0,155.8000030517578,276.4349060058594,1.3809523582458496,1.0,0.008999999612569809,2.3684210777282715,0.1680999994277954,2.4390244483947754,5.940171241760254,155.8000030517578,1.9390244483947754,625.0,10.25,9500.0,144400.0,0.5661904811859131,15.199999809265137,0.7846153974533081,0.4888888895511627,1.9166666269302368,0.34130436182022095,0.0,42.93,25
-0.1846597246718222,-0.02564398423631089,-0.2640122222383137,-1.0244224680976872,0.027040396795296767,0.07575360706954766,-4.703160657884075,-0.14574271091173402,-0.1884637262093223,0.3322378743589676,-0.10477036717014772,0.0,-0.005119653636078795,0.19233343388190857,-0.1906318374730981,-0.004798125077254124,-0.26694915034101047,-0.41198976440736856,0.06927518194809348,-0.968957695719234,-0.10476933571628355,-0.5355838579923505,-0.9843742737141471,0.4817857941232687,-0.3815508576554332,0.16003060232732522,-0.21250787284678999,-0.24861126717368148,0.5323889080745268,0.5084898004073204,25.0,58.0,42.0,380.0,0.4099999964237213,0.8999999761581421,34.90999984741211,195.0,155.8000030517578,276.4349060058594,1.3809523582458496,1.0,0.008999999612569809,2.3684210777282715,0.1680999994277954,2.4390244483947754,5.940171241760254,155.8000030517578,1.9390244483947754,625.0,10.25,9500.0,144400.0,0.5661904811859131,15.199999809265137,0.7846153974533081,0.9230769276618958,0.25,0.15217390656471252,0.35217392444610596,44.58,25
-0.16904834994048532,-0.04971975624680806,-0.29003237884446736,-0.8981541522971452,-0.007260259258913313,0.0260627281836293,-7.046246938938726,0.0361926855816061,-0.1955871109641334,0.6177308307378543,-0.10389843034227265,0.0,0.006708426580092894,0.0011717415939852323,0.04916791818412489,0.07457021766329608,-0.3327509537116323,-0.28226417223445777,0.053856103269251936,-1.0318071172479244,-0.015050284111015638,-0.5258503451082579,-0.9918849663144925,0.28801003252134605,-0.4778937262034126,0.11451548749941878,0.4754269700011369,0.6251108797846159,0.5515055241279738,-0.2542764810061864,25.0,58.0,42.0,380.0,0.4099999964237213,0.8999999761581421,25.829999923706055,180.0,155.8000030517578,276.4349060058594,1.3809523582458496,1.0,0.008999999612569809,2.3684210777282715,0.1680999994277954,2.4390244483947754,5.940171241760254,155.8000030517578,1.9390244483947754,625.0,10.25,9500.0,144400.0,0.5661904811859131,15.199999809265137,0.7846153974533081,0.9722222089767456,0.0833333358168602,0.15217390656471252,0.18478260934352875,30.42,25
-0.1848999742413949,-0.018426566163643597,-0.2764905418143821,-1.0029745959107157,-0.0009463158520241501,0.010369090084827018,-6.786890221979087,0.10173079730939567,-0.11407810562339644,0.4489163635434595,-0.10459436932049786,0.0,-0.12709381068915726,-0.057529868016509784,-0.16922852490809012,0.04119448426650401,-0.3750124759312623,-0.3423723774401669,0.07092097193072529,-0.9749223151899362,-0.11092629813348405,-0.5790098275832014,-1.0511227519565018,0.3174230506440965,-0.4457733019772543,0.21603024477814298,-0.07648473040303008,-0.2739261292603613,0.39745290792544863,0.5302489240625694,25.0,58.0,42.0,380.0,0.4099999964237213,0.949999988079071,22.18000030517578,200.0,155.8000030517578,276.4349060058594,1.3809523582458496,1.0,0.009499999694526196,2.5,0.1680999994277954,2.4390244483947754,5.940171241760254,155.8000030517578,1.9390244483947754,625.0,10.25,9500.0,144400.0,0.5661904811859131,15.199999809265137,0.7846153974533081,0.75,0.8333333134651184,0.15217390656471252,0.35217392444610596,32.02,25
-0.2723176545838954,0.021590633161607614,0.024453576416113395,-1.140476060544727,-0.02091363377970675,0.057311476859222756,-7.23780597974869,0.12176339639381709,-0.14639825744458818,0.44640822666357494,0.038761118409932835,0.0,-0.0809523609734265,-0.2204603940798472,0.023656649352635083,0.07456061879331305,-0.3572182828557592,-0.1320361983611522,0.05672437323864908,-1.0395153090811333,-0.25616198962887193,-0.5787696890867617,-0.8430122892906802,-0.06157724648834692,-0.5087158028433624,0.19198938972875176,0.9411999708953089,0.943312565884497,-0.17281548444996028,-0.150366181955605,25.0,60.0,40.0,380.0,0.4099999964237213,0.8500000238418579,22.18000030517578,60.0,155.8000030517578,276.4349060058594,1.5,1.0,0.008500000461935997,2.236842155456543,0.1680999994277954,2.4390244483947754,5.940171241760254,155.8000030517578,1.9390244483947754,625.0,10.25,9500.0,144400.0,0.6150000095367432,15.199999809265137,0.7846153974533081,3.3333332538604736,-2.3333332538604736,0.34130436182022095,0.18478260934352875,32.02,25
-0.1716889107405196,0.05492310832317735,0.05544808457293609,-1.1294932613732007,0.009163192596986532,0.07770303287814913,-5.0619158900927435,0.2995090832598898,-0.30034832236621584,0.052681077059523344,0.010808577074041236,0.0,-0.01309803630157584,0.044998954968224376,-0.16853890829112692,0.0049398472324812025,-0.18286209168217557,-0.3072553550616123,0.05236489719693587,-1.0000617387787658,-0.1706347948277219,-0.5727044162869849,-0.9207722274147806,-0.13669480200403641,-0.4970759594275021,0.06742389813974779,-0.04715921191555817,-0.1588947754650978,-0.3266735474491852,-0.2788262786386456,25.0,60.0,40.0,380.0,0.4099999964237213,0.8999999761581421,31.299999237060547,210.0,155.8000030517578,276.4349060058594,1.5,1.0,0.008999999612569809,2.3684210777282715,0.1680999994277954,2.4390244483947754,5.940171241760254,155.8000030517578,1.9390244483947754,625.0,10.25,9500.0,144400.0,0.6150000095367432,15.199999809265137,0.7846153974533081,0.8571428656578064,0.5,0.34130436182022095,0.18478260934352875,31.3,25
-0.1716889107405196,0.050286106455036714,0.06804540073843236,-1.12557098590107,0.0033902742414278994,0.0760198321040168,-4.463662881018716,0.376542535684738,-0.1352584034288254,0.06270886946513525,0.012302509150495949,0.0,-0.004187431124330377,-0.03882008252165989,-0.1958276102121292,0.0002545834999751706,-0.2504745471798932,-0.24780352529861518,0.05986732218477162,-0.9608938514914297,-0.1508888020233384,-0.5920072981882804,-0.9190933806663453,-0.19604347677318354,-0.40856876859136776,0.047005408006557496,0.11902553015045049,-0.2628037160725702,-0.04855427926460762,-0.2979341595414691,25.0,60.0,40.0,380.0,0.4099999964237213,0.8999999761581421,30.899999618530273,210.0,155.8000030517578,276.4349060058594,1.5,1.0,0.008999999612569809,2.3684210777282715,0.1680999994277954,2.4390244483947754,5.940171241760254,155.8000030517578,1.9390244483947754,625.0,10.25,9500.0,144400.0,0.6150000095367432,15.199999809265137,0.7846153974533081,0.8333333134651184,0.5833333134651184,0.08695652335882187,0.18478260934352875,34.6,25
-0.1878646246852243,0.06233670016314604,0.12325242022747351,-1.2085282985768777,-0.3204552122330487,0.06533359580106404,-3.787944615058745,0.01868771071817321,0.1524594507116455,0.2264345295870342,-0.02220794318313298,0.0,0.02792052044988307,-0.10872055607314751,-0.3867437525958042,0.02348985631914151,-0.2721907654234234,-0.19403496505634923,-0.1974464781958197,-0.9671408937636315,-0.10243270901170079,-0.5591571323796313,-0.949109265561714,-0.10406775767723675,-0.37286167509813,-0.1460074713654276,0.3291632186960399,-0.11587173283944353,-0.24519906382465495,-0.3586619919408414,25.0,60.0,40.0,380.0,0.4399999976158142,0.8500000238418579,36.099998474121094,200.0,167.1999969482422,287.8349304199219,1.5,1.0,0.008500000461935997,2.236842155456543,0.19359999895095825,2.2727272510528564,5.940171241760254,167.1999969482422,1.7727272510528564,625.0,11.0,9500.0,144400.0,0.6600000262260437,15.199999809265137,0.75,0.75,0.8333333134651184,0.08695652335882187,0.18478260934352875,38.0,25
-0.1716889107405196,0.0194811531203059,0.11140004038509407,-1.1863334461946504,0.0034808581399398434,0.054745028995403226,-4.413733809984693,0.1990545851246877,-0.09576174538257516,0.21830480258693813,-0.0018697387565573933,0.0,-0.013208354889239386,-0.011518008704897593,-0.20028016970554913,-0.001575687697947203,-0.2858749710665829,-0.319102821575179,0.04248106309857794,-0.9609757550394304,-0.18258866289281145,-0.5981695664621951,-0.9019558207115307,-0.14224738881807142,-0.4436157335935755,0.18114320536384737,-0.18414013462646028,-0.34076434984734605,-0.15196986031495985,-0.27812710924441114,25.0,60.0,40.0,380.0,0.4099999964237213,0.8999999761581421,34.29999923706055,210.0,155.8000030517578,276.4349060058594,1.5,1.0,0.008999999612569809,2.3684210777282715,0.1680999994277954,2.4390244483947754,5.940171241760254,155.8000030517578,1.9390244483947754,625.0,10.25,9500.0,144400.0,0.6150000095367432,15.199999809265137,0.7846153974533081,0.9523809552192688,0.1666666716337204,0.09565217047929764,0.18478260934352875,39.1,25
-0.1755855076305855,0.029026670819399625,0.1000018520917252,-1.215533768927861,0.04680085820742153,0.05274368919331217,-4.473055837776589,-0.4281671959991323,-0.03382407034594335,0.2208384665391424,-0.009881891413426961,0.0,-0.0299904790637132,0.03826772392047946,-0.10623845824320084,-0.020837068473731225,-0.21930064066333793,-0.09488275635827273,0.10515238723626048,-0.9653709702936294,-0.015794677049466774,-0.4943847093480422,-0.825665536030081,0.1544763320455701,-0.42548647197186973,0.19550529081277584,-0.07936232415453454,-0.26110712354779486,-0.3699397942604281,-0.4116947623357467,25.0,60.0,40.0,380.0,0.4000000059604645,0.8999999761581421,34.29999923706055,195.0,152.0,272.6349182128906,1.5,1.0,0.008999999612569809,2.3684210777282715,0.1599999964237213,2.5,5.940171241760254,152.0,2.0,625.0,10.0,9500.0,144400.0,0.6000000238418579,15.199999809265137,0.796875,0.9230769276618958,0.25,0.34130436182022095,0.028260869905352592,38.44,25
-0.194117889725731,0.001385405597852405,-0.2793624948917767,-0.9314511155999463,-0.0984721365437337,0.025782212793783055,3.105045891200727,-0.14387766440356287,-0.2785507000100282,0.2820881453279215,-0.10837167578547365,0.0,-0.030875215890794137,0.18312321147053298,-0.16875345725552937,-0.03366803813546489,-0.24914306832444338,-0.31434644292704317,0.06007615512827208,-0.6757783670181716,-0.11254286242891508,-0.4153198223019655,-0.9182698266195725,0.2671321744316129,-0.29532166044298996,0.11577999188149805,0.07350244234937317,-0.10648876181885585,-0.38648011199006216,-0.15737249500048506,25.0,58.0,42.0,380.0,0.4099999964237213,0.8500000238418579,45.9900016784668,190.0,155.8000030517578,276.4349060058594,1.3809523582458496,1.0,0.008500000461935997,2.236842155456543,0.1680999994277954,2.4390244483947754,5.940171241760254,155.8000030517578,1.9390244483947754,625.0,10.25,9500.0,144400.0,0.5661904811859131,15.199999809265137,0.7846153974533081,0.9473684430122375,0.1666666716337204,0.34130436182022095,0.043478261679410934,48.67,25
-0.2118920310691423,-0.05082916495166486,-0.29463300723937336,-0.9202419091865557,0.04355529537008383,0.02646793358271033,-4.980279215273292,0.0067825322741618815,-0.08854187207720046,0.30912328992763033,-0.09077950019468342,0.0,-0.05333967194682201,-0.010441740114366592,-0.05689040408707136,0.013454813577962507,-0.24291075407553722,-0.2806858767159609,0.054916143876067386,-0.9578401145529992,-0.006729342230527388,-0.6228199561724261,-0.9190510497460922,0.46856904464328875,-0.35329721711269324,0.0999413094510723,0.01448202395592434,0.2454880080326781,-0.8135602187008936,-0.2845872644129611,25.0,58.0,42.0,380.0,0.4099999964237213,0.8500000238418579,36.099998474121094,170.0,155.8000030517578,276.4349060058594,1.3809523582458496,1.0,0.008500000461935997,2.236842155456543,0.1680999994277954,2.4390244483947754,5.940171241760254,155.8000030517578,1.9390244483947754,625.0,10.25,9500.0,144400.0,0.5661904811859131,15.199999809265137,0.7846153974533081,1.029411792755127,-0.0833333358168602,0.02391304261982441,0.18478260934352875,43.35,25
-0.2118920310691423,-0.013843299144592274,-0.2987184556766105,-0.8947396105235297,0.017175853717728576,0.0582467426505266,-5.003608498649916,0.1183609716188123,-0.042852255628335244,0.2198386696140794,-0.11512995018694423,0.0,0.0030121544029124096,0.02644963233746306,-0.059498311234095984,0.004574196593311982,-0.3161721916799784,-0.28334045002764546,0.03927304903565818,-0.9661302195225324,-0.04503177963973018,-0.5965647721151461,-1.0122000107970937,0.38372783673199196,-0.3396325635358278,0.09078766109429513,0.1524628498510878,0.44520551396323915,-0.5048901418237278,-0.22635455009324973,25.0,58.0,42.0,380.0,0.4099999964237213,0.8999999761581421,34.29999923706055,160.0,155.8000030517578,276.4349060058594,1.3809523582458496,1.0,0.008999999612569809,2.3684210777282715,0.1680999994277954,2.4390244483947754,5.940171241760254,155.8000030517578,1.9390244483947754,625.0,10.25,9500.0,144400.0,0.5661904811859131,15.199999809265137,0.7846153974533081,1.09375,-0.25,0.02391304261982441,0.18478260934352875,38.44,25
-0.1846597246718222,-0.02564398423631089,-0.2640122222383137,-1.053850939729337,0.027040396795296767,0.07390135985133492,-4.708263710901942,-0.10690301836287655,-0.19171061508846446,0.2129956869135821,-0.10428961032933828,0.0,-0.005025359347922256,0.16845055656301158,-0.19034517586856037,-0.004762302748707853,-0.27040314404359206,-0.3829430587929628,0.07405237567605404,-0.968957695719234,-0.127136956553853,-0.5395056876427233,-0.9843742737141471,0.4883015806350105,-0.38837907434297786,0.15961808014972578,-0.5758797478539733,-0.2222456710630985,0.44526952486842375,0.4818999274397167,25.0,58.0,42.0,380.0,0.4099999964237213,0.8999999761581421,34.90999984741211,195.0,155.8000030517578,276.4349060058594,1.3809523582458496,1.0,0.008999999612569809,2.3684210777282715,0.1680999994277954,2.4390244483947754,5.940171241760254,155.8000030517578,1.9390244483947754,625.0,10.25,9500.0,144400.0,0.5661904811859131,15.199999809265137,0.7846153974533081,0.8974359035491943,0.3333333432674408,0.15217390656471252,0.35217392444610596,44.58,25
-0.17155586222421898,-0.041045812212481346,-0.30406794458549247,-1.014987819971875,-0.005890714844702722,0.050105466136157205,-6.399081493417357,0.12324777442591693,-0.1758032196998506,0.44894954984083413,-0.1056457739567024,0.0,-0.0031713450397587726,-0.009015152692781586,-0.11561706934064775,0.07918252757070927,-0.32239708700138364,-0.3849542331743202,0.05708366454364974,-1.0325727892609953,-0.07151237903326063,-0.5771981413071674,-1.0172623154014353,0.33552279927703993,-0.48713098813238487,0.0778102301418744,0.033611395593388,-0.25849267785252045,0.4777133694799693,-0.24024050974272718,25.0,58.0,42.0,380.0,0.4099999964237213,0.8999999761581421,25.829999923706055,180.0,155.8000030517578,276.4349060058594,1.3809523582458496,1.0,0.008999999612569809,2.3684210777282715,0.1680999994277954,2.4390244483947754,5.940171241760254,155.8000030517578,1.9390244483947754,625.0,10.25,9500.0,144400.0,0.5661904811859131,15.199999809265137,0.7846153974533081,0.8333333134651184,0.5,0.15217390656471252,0.18478260934352875,30.42,25
-0.19680299969744647,0.0039048804253783197,-0.276647168542729,-0.8999363606604869,-0.002609841372173502,0.054890480228936216,-7.669587690428183,-0.09082706256010029,-0.17976327523176017,0.6611537223014288,-0.1053132559794364,0.0,-0.12213979812658626,-0.04953819541098661,-0.012266323396864367,0.03608184773605801,-0.37902577303613216,-0.2359705401021894,0.06400798265250372,-0.982214264381804,-0.05186901817961157,-0.5762887324004005,-1.0413632548483949,0.30290045834899404,-0.4610723460164128,0.2571564720241044,0.3575242172856722,0.36068049157732923,0.45949291897179717,0.536828562259167,25.0,58.0,42.0,380.0,0.4099999964237213,0.949999988079071,22.18000030517578,200.0,155.8000030517578,276.4349060058594,1.3809523582458496,1.0,0.009499999694526196,2.5,0.1680999994277954,2.4390244483947754,5.940171241760254,155.8000030517578,1.9390244483947754,625.0,10.25,9500.0,144400.0,0.5661904811859131,15.199999809265137,0.7846153974533081,1.0,0.0,0.15217390656471252,0.35217392444610596,32.02,25
-0.2621075934903778,0.01665922814848072,-0.3106941900301587,-0.9181891614040505,0.0033820785737474495,0.053133455046341496,-6.81737731599535,0.020174999919048184,-0.20831313162205597,0.42987363333988693,-0.11802050485370075,0.0,-0.09758141413548577,-0.027835194019117004,0.0915091459368716,0.07690984213144975,-0.3035649269679589,-0.2550269469399722,0.05672437323864908,-1.0323000625608727,-0.2030577833781566,-0.5724564512794355,-0.922673987475976,0.44519737930258624,-0.4926623719094432,0.0605126075475889,0.7819724174037324,0.8888131960323381,-0.16267379483790254,-0.1966857695300957,25.0,58.0,42.0,380.0,0.4099999964237213,0.8500000238418579,25.829999923706055,60.0,155.8000030517578,276.4349060058594,1.3809523582458496,1.0,0.008500000461935997,2.236842155456543,0.1680999994277954,2.4390244483947754,5.940171241760254,155.8000030517578,1.9390244483947754,625.0,10.25,9500.0,144400.0,0.5661904811859131,15.199999809265137,0.7846153974533081,3.0,-2.0,0.34130436182022095,0.18478260934352875,30.42,25
-0.1716889107405196,-0.04118730925741653,-0.33638550366052455,-0.9682479870371749,0.03345890495044075,0.06643048569412294,-5.065947804461262,0.3099701344975766,-0.32701073006338083,0.07137857878747955,-0.11366247529676177,0.0,-0.03552716123344783,0.1828705313304083,-0.16728400747605818,0.007289070570617903,-0.18380610371567466,-0.3948525421904323,0.05236489719693587,-1.0000617387787658,-0.15481453883581406,-0.5778575124815868,-1.0538526911537691,0.37611862348317976,-0.49783638991773016,0.06742389813974779,-0.0674002164762607,-0.19653138324053485,-0.3326319874785026,-0.2749957068950863,25.0,58.0,42.0,380.0,0.4099999964237213,0.8999999761581421,31.299999237060547,210.0,155.8000030517578,276.4349060058594,1.3809523582458496,1.0,0.008999999612569809,2.3684210777282715,0.1680999994277954,2.4390244483947754,5.940171241760254,155.8000030517578,1.9390244483947754,625.0,10.25,9500.0,144400.0,0.5661904811859131,15.199999809265137,0.7846153974533081,0.8571428656578064,0.5,0.34130436182022095,0.18478260934352875,31.3,25
-0.17155586222421898,-0.03758081452492445,-0.3053640572828868,-0.964196165609182,-0.002318758110361278,0.07156448611252522,-5.48434781834149,0.3414123398081458,-0.16692085777799626,0.45124085147917986,-0.10312884697879975,0.0,-0.007226238981299113,-0.07242485137916814,-0.14374547121917558,0.05743224324315938,-0.32527415908011664,-0.3365090389084203,0.06775327250608135,-0.9910386175340935,-0.13506323462398984,-0.612745503201141,-1.0054937865126041,0.34998622383491534,-0.4219073282001572,0.050821204790462586,0.15867413918336068,-0.2931214267248803,0.14390311457833177,-0.21289255958825165,25.0,58.0,42.0,380.0,0.4099999964237213,0.8999999761581421,25.829999923706055,210.0,155.8000030517578,276.4349060058594,1.3809523582458496,1.0,0.008999999612569809,2.3684210777282715,0.1680999994277954,2.4390244483947754,5.940171241760254,155.8000030517578,1.9390244483947754,625.0,10.25,9500.0,144400.0,0.5661904811859131,15.199999809265137,0.7846153974533081,0.8333333134651184,0.5833333134651184,0.08695652335882187,0.18478260934352875,34.6,25
-0.20134367777541454,-0.013661252705358727,-0.28815739902868065,-1.2291201493940445,-0.3763437163831247,-0.01878065406714949,-5.914397713668979,0.186027647480649,0.27539712637791974,0.5301433346949899,-0.11338313340716338,0.0,-0.03813629959276975,-0.24329656524949805,-0.47949688100462373,0.046563091913124056,-0.3919651531865801,-0.2532928549601778,-0.253412831064553,-1.016787301519022,-0.1480090755748372,-0.5720248849661604,-1.1484522915314457,-0.2788288575315546,-0.4096544341136851,-0.04272266763317296,0.3997293516469758,-0.20292989285210744,0.16412140390222751,-0.1328065540637134,25.0,58.0,42.0,380.0,0.4399999976158142,0.8500000238418579,22.18000030517578,200.0,167.1999969482422,287.8349304199219,1.3809523582458496,1.0,0.008500000461935997,2.236842155456543,0.19359999895095825,2.2727272510528564,5.940171241760254,167.1999969482422,1.7727272510528564,625.0,11.0,9500.0,144400.0,0.607619047164917,15.199999809265137,0.75,0.75,0.8333333134651184,0.08695652335882187,0.18478260934352875,28.0,25
-0.2087253813397079,-0.0002633807039223253,-0.26152140251883865,-0.9927563797776371,-0.003702617859240164,0.03821088309231902,-7.099884050455284,0.1632301646577002,-0.14567648574616152,0.6557146196893497,-0.08675857026741012,0.0,-0.018223459571088507,-0.11991741478423372,-0.20456259913591246,0.05215790529495071,-0.4140038934519335,-0.2995195211068143,0.047461589948269,-0.998335767602355,-0.16857933542647927,-0.6430532145258354,-1.045017437274735,0.44180576345641975,-0.45241612288260113,0.23761399562578908,-0.09269605570327673,-0.23116548690680597,0.050938097977957036,-0.25501296136836193,25.0,58.0,42.0,380.0,0.4099999964237213,0.8999999761581421,20.270000457763672,210.0,155.8000030517578,276.4349060058594,1.3809523582458496,1.0,0.008999999612569809,2.3684210777282715,0.1680999994277954,2.4390244483947754,5.940171241760254,155.8000030517578,1.9390244483947754,625.0,10.25,9500.0,144400.0,0.5661904811859131,15.199999809265137,0.7846153974533081,0.9523809552192688,0.1666666716337204,0.09565217047929764,0.18478260934352875,29.1,25
-0.2102578856098381,0.0036337699295946454,0.06188528577222384,-0.977815257423869,0.2169753166934071,0.06062657981295601,-0.26090377924957575,-0.04998543404841252,0.26038249077567044,0.21858153955791063,-0.03260486756578411,0.0,0.0159212442239713,-0.15515693996146476,0.09025098199494844,-0.017547183410718124,-0.2080408079823976,0.22926283825593538,0.15175198041118093,-0.8614790189779292,-0.7023552208483584,-0.6008255672009041,-0.6867836060099893,0.1809731422955266,-0.32936724482083896,0.14971834619416646,-0.4846834398803896,-0.18814221413096832,-0.9958036669001653,-0.3432883260332164,25.0,60.0,40.0,380.0,0.38999998569488525,0.8500000238418579,40.27000045776367,190.0,148.1999969482422,268.8349304199219,1.5,1.0,0.008500000461935997,2.236842155456543,0.15209999680519104,2.5641026496887207,5.940171241760254,148.1999969482422,2.0641026496887207,625.0,9.75,9500.0,144400.0,0.5849999785423279,15.199999809265137,0.8095238208770752,0.9210526347160339,0.25,0.08695652335882187,0.18478260934352875,51.26,25
-0.1980144866157969,0.04352093720579174,0.08645685912390282,-1.1469680875864974,0.09456210239888939,0.06277180382067293,1.1007954974361807,0.02205959760228228,-0.06951916591002956,0.2738759680085909,-0.02771135323549897,0.0,-0.00539421833243955,-0.02785726504968809,-0.08401615945693963,-0.027401919164581356,-0.2303080128245706,-0.15768122410153051,0.06240533703612064,-0.664570655376466,-0.016237348724219124,-0.4189770384720408,-0.8842479469548238,0.2058563666398647,-0.3731360608891314,0.13733254067040268,0.06290262313161755,-0.12096554893263395,-0.043631329689210026,-0.3156550473778266,25.0,60.0,40.0,380.0,0.4000000059604645,0.8999999761581421,41.349998474121094,210.0,152.0,272.6349182128906,1.5,1.0,0.008999999612569809,2.3684210777282715,0.1599999964237213,2.5,5.940171241760254,152.0,2.0,625.0,10.0,9500.0,144400.0,0.6000000238418579,15.199999809265137,0.796875,0.9523809552192688,0.1666666716337204,0.34130436182022095,0.18478260934352875,46.67,25
-0.1993501342318252,-0.013348342478850007,0.054280220944846344,-1.1162577310286916,-0.03610849813343818,0.06136650418140458,-6.5136360314477075,-0.007823089164811949,-0.18498503879242167,0.23273301149943382,-0.0020966836819090446,0.0,-0.00039324210847885516,-0.06781064766219329,-0.02829662365588928,0.0718228039124148,-0.2792783117562989,-0.2194448349348089,0.053856103269251936,-0.9789713047802104,-0.02846932265274055,-0.5476582083132655,-0.9012418211643546,-0.17176502833021012,-0.5079523127029176,0.11117282014430889,0.2728757164961587,0.3300268271828093,0.4950840298772221,-0.2571957662244551,25.0,60.0,40.0,380.0,0.4099999964237213,0.8999999761581421,28.399999618530273,180.0,155.8000030517578,276.4349060058594,1.5,1.0,0.008999999612569809,2.3684210777282715,0.1680999994277954,2.4390244483947754,5.940171241760254,155.8000030517578,1.9390244483947754,625.0,10.25,9500.0,144400.0,0.6150000095367432,15.199999809265137,0.7846153974533081,1.0,0.0,0.15217390656471252,0.18478260934352875,41.2,25
-0.1716889107405196,0.03058516653266365,0.10420315989684793,-1.2365389727725116,0.0032559491738164506,0.041532635449166744,-4.946335914038695,-0.37795868387374176,-0.26240983265960405,0.19297952397162957,0.0004094569487351377,0.0,0.00034382572548854833,-0.08087506324702279,-0.17236975642230837,-0.015534906711999735,-0.22549022516155445,-0.30449024253925344,0.07897325597990285,-0.969067689311468,-0.12429370995334495,-0.5164280082039298,-0.780069962452948,-0.1425337636188171,-0.44568737070706,0.16587662858708885,-0.33112724437701574,-0.30347335082625254,-0.2863025025868382,-0.41854579602602204,25.0,60.0,40.0,380.0,0.4099999964237213,0.8500000238418579,34.5,190.0,155.8000030517578,276.4349060058594,1.5,1.0,0.008500000461935997,2.236842155456543,0.1680999994277954,2.4390244483947754,5.940171241760254,155.8000030517578,1.9390244483947754,625.0,10.25,9500.0,144400.0,0.6150000095367432,15.199999809265137,0.7846153974533081,0.9210526347160339,0.25,0.34130436182022095,0.043478261679410934,41.15,25
-0.17278144680649793,-0.0009553467173646434,0.09637771161368246,-1.177750848114014,0.011014953343364102,0.04568730944450096,-4.480685602431615,0.5043760164831322,-0.2741468256501708,0.16426263607467753,-0.014410799197770953,0.0,-0.041229464843781184,0.006850574901052338,-0.17066632343419658,-0.007849683621004862,-0.20422392822354887,-0.30705314342349027,0.05715841344289878,-0.9836425174459271,-0.10633693480858228,-0.46851478289173665,-0.8714349689724449,-0.04926768723089867,-0.46365627368909984,0.11910449348145125,0.00314604652433442,0.07298238275911119,-0.37643950314769814,-0.39370982517834463,25.0,60.0,40.0,380.0,0.4099999964237213,0.8999999761581421,33.79999923706055,225.0,155.8000030517578,276.4349060058594,1.5,1.0,0.008999999612569809,2.3684210777282715,0.1680999994277954,2.4390244483947754,5.940171241760254,155.8000030517578,1.9390244483947754,625.0,10.25,9500.0,144400.0,0.6150000095367432,15.199999809265137,0.7846153974533081,0.9610221982002258,0.14616666734218597,0.34130436182022095,0.043478261679410934,43.25,25
-0.15611532855452584,0.03237878354876414,0.0889142614154402,-1.1445231650044378,-0.006284226130705752,-0.09776634469672855,-4.914597205581463,-0.18514822766705824,-0.22148427943450097,0.10235662822168758,-0.015728223567750645,0.0,0.035451999618397796,-0.018492680056195764,-0.16969129521446435,-0.000849590889090242,-0.17853525788722932,-0.2548803951232371,0.06662053293645553,-0.978954461656029,-0.06316834664139108,-0.5247428219115174,-0.8875338635597354,-0.1280052279455589,-0.4386411864062773,0.1108910247570937,0.2387262059387372,0.12169942358158134,-0.437345886778822,-0.48498395527572646,25.0,60.0,40.0,380.0,0.4099999964237213,0.800000011920929,33.79999923706055,180.0,155.8000030517578,276.4349060058594,1.5,1.0,0.00800000037997961,2.1052632331848145,0.1680999994277954,2.4390244483947754,5.940171241760254,155.8000030517578,1.9390244483947754,625.0,10.25,9500.0,144400.0,0.6150000095367432,15.199999809265137,0.7846153974533081,0.6111111044883728,1.1666666269302368,0.34130436182022095,0.043478261679410934,43.25,25
-0.18565226639608842,-0.012059360129722384,0.08351553507055816,-1.0596570454796561,0.00210440731025849,0.07330985046168946,-4.885399431370405,0.46201952783509,-0.07822901661347621,0.15864817163701542,-0.010608509753732042,0.0,0.00820831814587343,-0.11381951481193144,-0.03974288549729838,0.002870268157042436,-0.26675148169087864,-0.2708177878050357,0.024825506547525637,-0.9452961193102691,-0.07473615507327809,-0.5736188497688837,-0.9067369708057481,-0.16930453138350837,-0.3605366040341935,0.07683205291292977,-0.03288388579273076,0.1832571726536373,-0.7902791900605839,0.31519487962949105,25.0,60.0,40.0,380.0,0.4099999964237213,0.8999999761581421,33.79999923706055,223.0,155.8000030517578,276.4349060058594,1.5,1.0,0.008999999612569809,2.3684210777282715,0.1680999994277954,2.4390244483947754,5.940171241760254,155.8000030517578,1.9390244483947754,625.0,10.25,9500.0,144400.0,0.6150000095367432,15.199999809265137,0.7846153974533081,0.9696412682533264,0.11283333599567413,0.017391303554177284,0.35217392444610596,43.25,25
-0.2118920310691423,-0.0028528590782910352,0.06909158591641953,-1.1084339821336122,-0.002090289111443424,0.027315525710985326,-6.008721597080992,-0.0707888667374464,-0.0768239308227365,0.2797955889152654,0.008729681940789165,0.0,-0.03952861688224038,-0.13965427271190645,-0.0600539753949753,0.007370877775431864,-0.2877841516651808,-0.2074710405102385,0.04196774897563502,-0.9819551227496398,0.008075950480323607,-0.5969356900998459,-0.8532660668454636,-0.20165880932060487,-0.4426691992743591,0.027476775417224677,-0.012375303690259099,0.2632138506989749,-0.6896343392240458,-0.2944088387250549,25.0,60.0,40.0,380.0,0.4099999964237213,0.8500000238418579,30.899999618530273,170.0,155.8000030517578,276.4349060058594,1.5,1.0,0.008500000461935997,2.236842155456543,0.1680999994277954,2.4390244483947754,5.940171241760254,155.8000030517578,1.9390244483947754,625.0,10.25,9500.0,144400.0,0.6150000095367432,15.199999809265137,0.7846153974533081,1.029411792755127,-0.0833333358168602,0.02391304261982441,0.18478260934352875,35.8,25
-0.2118920310691423,0.06047372750121991,0.12190631766027202,-1.1261388390873324,0.014230013492347407,0.06391382342150366,-4.649847440404903,0.18982158089805806,-0.001403177709953541,0.20707576351032736,0.017653410757704407,0.0,0.01811306628544099,-0.06306688715473467,-0.06064809942414945,0.006020655355665888,-0.24419879076510093,-0.195070872295696,0.05567240337405996,-0.9420152113258918,-0.03953034872658294,-0.6155480688073719,-0.8175058068784086,0.018788272859676578,-0.392366827698652,0.09771038274649858,0.20953428831334436,0.564426916029913,-0.5120575374740377,-0.264047532336869,25.0,60.0,40.0,380.0,0.4099999964237213,0.8999999761581421,36.099998474121094,160.0,155.8000030517578,276.4349060058594,1.5,1.0,0.008999999612569809,2.3684210777282715,0.1680999994277954,2.4390244483947754,5.940171241760254,155.8000030517578,1.9390244483947754,625.0,10.25,9500.0,144400.0,0.6150000095367432,15.199999809265137,0.7846153974533081,1.09375,-0.25,0.02391304261982441,0.18478260934352875,43.35,25
-0.2713567550861854,0.056114238414753735,0.06997109472445026,-1.115485053578721,-0.004071514851688358,0.06999005526959368,-3.8262874331981434,0.3786095953737685,-0.18798360152944665,-0.05223798120256867,0.02631401902541826,0.0,-0.00475631865518877,-0.0389465115167118,0.007048630642169607,0.010071029871430576,-0.23214240580056072,-0.1555720950599638,0.1134134061609331,-0.9868111273513266,-0.19708738348388743,-0.4868829398649365,-0.8122842398667152,0.08348294477951677,-0.4929194689438019,0.1213488354260285,0.2872759508380255,0.4650578349080902,-0.25846572307928095,-0.5811331457722637,25.0,60.0,40.0,380.0,0.4099999964237213,0.8999999761581421,37.880001068115234,85.0,155.8000030517578,276.4349060058594,1.5,1.0,0.008999999612569809,2.3684210777282715,0.1680999994277954,2.4390244483947754,5.940171241760254,155.8000030517578,1.9390244483947754,625.0,10.25,9500.0,144400.0,0.6150000095367432,15.199999809265137,0.7846153974533081,2.058823585510254,-1.5,0.34130436182022095,0.041304346174001694,42.93,25
-0.18154881432578074,0.09090403942493785,0.11239757523792569,-1.096688320875359,0.048606892572436326,0.06469135216386432,0.7222856687963898,-1.1497316817445276,-0.2017493715327201,0.03097997117433645,-0.006973888120189147,0.0,-0.029532418100042274,-0.1588354673784074,-0.17208386253594096,-0.04293065608112656,-0.17892611819840845,-0.22713604989027927,0.06840085305726487,-0.6590635847957667,-0.10597690497440344,-0.3916439007668191,-0.855286565209822,-0.019769268157963985,-0.3356947845627914,0.13359436509645292,0.014230866563959919,-0.28412659045324296,-0.38330389956036137,-0.7512382337212707,25.0,60.0,40.0,380.0,0.4099999964237213,0.8999999761581421,41.349998474121094,225.0,155.8000030517578,276.4349060058594,1.5,1.0,0.008999999612569809,2.3684210777282715,0.1680999994277954,2.4390244483947754,5.940171241760254,155.8000030517578,1.9390244483947754,625.0,10.25,9500.0,144400.0,0.6150000095367432,15.199999809265137,0.7846153974533081,0.4888888895511627,1.9166666269302368,0.34130436182022095,0.0,46.67,25
-0.1846597246718222,0.023571558838192123,0.12072205771524348,-1.2291318193995593,0.0027446844418425676,0.08702615425357389,-4.658376743364303,-0.14973801399867478,-0.15351215388874326,0.28126383462183535,0.0018184814218793976,0.0,0.0171730720143141,0.056349483947700174,-0.19188673828816682,-0.007147348415390819,-0.2660051383075114,-0.3470361998362933,0.06927518194809348,-0.968957695719234,-0.10498526241503627,-0.5292394607355845,-0.8431567775673392,-0.048675737495396804,-0.42622146643185704,0.16003060232732522,-0.20343721326286973,-0.2710197054289164,0.536526739124956,0.5005181260348851,25.0,60.0,40.0,380.0,0.4099999964237213,0.8999999761581421,34.90999984741211,195.0,155.8000030517578,276.4349060058594,1.5,1.0,0.008999999612569809,2.3684210777282715,0.1680999994277954,2.4390244483947754,5.940171241760254,155.8000030517578,1.9390244483947754,625.0,10.25,9500.0,144400.0,0.6150000095367432,15.199999809265137,0.7846153974533081,0.9230769276618958,0.25,0.15217390656471252,0.35217392444610596,44.58,25
-0.19930267917307684,0.03320815338178246,0.114837139277169,-0.9892682481740522,0.04734403405348403,0.06247175361791657,-0.027758405826887596,0.11060900932133122,-0.2177520236132204,0.16154692632641873,-0.020447058229951548,0.0,0.0193195612301199,-0.01880787122323924,-0.07020250632000086,0.018268612899307063,-0.218622295100893,-0.21023261758102718,-0.015065278365627774,-0.8570085023490069,-0.061650150006468736,-0.41065719338540424,-0.8685602254563115,-0.11863509024311943,-0.42560633688563704,0.16984989335304496,0.6731501327273173,0.7816220123956262,0.6000119001639529,-0.29490863319914945,25.0,60.0,40.0,380.0,0.4099999964237213,0.8999999761581421,40.27000045776367,180.0,155.8000030517578,276.4349060058594,1.5,1.0,0.008999999612569809,2.3684210777282715,0.1680999994277954,2.4390244483947754,5.940171241760254,155.8000030517578,1.9390244483947754,625.0,10.25,9500.0,144400.0,0.6150000095367432,15.199999809265137,0.7846153974533081,0.9722222089767456,0.0833333358168602,0.15217390656471252,0.18478260934352875,43.22,25
-0.1930190901678019,0.07385459077710732,0.11109348483592049,-0.9510397485989447,-0.052036656902443336,0.053683642516490174,2.96319029562072,-0.16279176208187152,-0.124175089594548,0.1339193057949639,-0.0060159889554994815,0.0,-0.17776680814145138,0.006800655442168196,-0.15887313903761796,-0.014229832661661003,-0.20030235781449154,-0.2488815478369899,0.04382128554960154,-0.7322700095651029,-0.13968206097935065,-0.43451360780415893,-0.7251505464260076,-0.05774397544742582,-0.35604973709585946,0.12480339347847472,-0.38864505629853774,-0.43299016439246824,0.4243286918301354,0.4791243572931278,25.0,60.0,40.0,380.0,0.4099999964237213,0.949999988079071,45.9900016784668,200.0,155.8000030517578,276.4349060058594,1.5,1.0,0.009499999694526196,2.5,0.1680999994277954,2.4390244483947754,5.940171241760254,155.8000030517578,1.9390244483947754,625.0,10.25,9500.0,144400.0,0.6150000095367432,15.199999809265137,0.7846153974533081,0.75,0.8333333134651184,0.15217390656471252,0.35217392444610596,48.67,25
-0.2846696209918898,0.03840267445267402,0.05141549346036039,-0.8781557629442966,-0.06296903697952728,0.06372859709078761,2.8876788529999953,0.1419502941242764,-0.07666493720010653,-0.1042373975101173,0.004791110639909856,0.0,-0.04292207762146428,0.0412585977761434,0.009426719227759884,0.0022810735615351025,-0.24717306427104718,-0.10928022810255328,0.0768266619985274,-0.6960288288658018,-0.3054539442066134,-0.45678084830457044,-0.7638391710562431,-0.005903458530077763,-0.4265027734586231,0.11917259261097499,0.8922363292796187,0.7073851844786506,-0.12121437452463721,-0.244963910737747,25.0,60.0,40.0,380.0,0.4099999964237213,0.8500000238418579,45.9900016784668,60.0,155.8000030517578,276.4349060058594,1.5,1.0,0.008500000461935997,2.236842155456543,0.1680999994277954,2.4390244483947754,5.940171241760254,155.8000030517578,1.9390244483947754,625.0,10.25,9500.0,144400.0,0.6150000095367432,15.199999809265137,0.7846153974533081,3.3333332538604736,-2.3333332538604736,0.34130436182022095,0.18478260934352875,48.67,25
-0.17155586222421898,0.050286106455036714,0.07664489427057732,-1.125441439945208,-0.02661447046381549,0.08283703329655145,-5.453695266419712,0.3237964464295526,-0.14135104178404,0.43221409068097566,0.012302509150495949,0.0,0.015237179215530972,-0.21204790752133848,-0.14500037203424432,0.055083019905022686,-0.32433014704661756,-0.24891185177960026,0.06775327250608135,-0.9910386175340935,-0.14998098142147354,-0.607592407006539,-0.8724133227736158,-0.1637790809384876,-0.4211468977099292,0.04695270039124488,0.17318032792493007,-0.2540284680048889,0.12747165744416833,-0.2209537993799676,25.0,60.0,40.0,380.0,0.4099999964237213,0.8999999761581421,25.989999771118164,210.0,155.8000030517578,276.4349060058594,1.5,1.0,0.008999999612569809,2.3684210777282715,0.1680999994277954,2.4390244483947754,5.940171241760254,155.8000030517578,1.9390244483947754,625.0,10.25,9500.0,144400.0,0.6150000095367432,15.199999809265137,0.7846153974533081,0.8333333134651184,0.5833333134651184,0.08695652335882187,0.18478260934352875,34.6,25
-0.19150312725860824,0.051302566204728325,0.10161619347987953,-1.1792684853848774,-0.3763437163831247,0.003798278423223732,-5.3550597105412425,0.17897102377979762,0.258891977393927,0.5435387685500233,-0.016674801333358222,0.0,-0.007085204405264589,-0.2112794369870039,-0.4222257915147642,0.040991920336430905,-0.3386558219548444,-0.25059604363954663,-0.25263417487769335,-1.0175455269241984,-0.12331839104850931,-0.5778359820319694,-0.9604251886074674,-0.23592342121503954,-0.41681551504024633,-0.2123244505640463,0.4370908135681039,-0.16134703310871754,0.1797508731453195,-0.1745009877256062,25.0,60.0,40.0,380.0,0.4399999976158142,0.8500000238418579,24.5,200.0,167.1999969482422,287.8349304199219,1.5,1.0,0.008500000461935997,2.236842155456543,0.19359999895095825,2.2727272510528564,5.940171241760254,167.1999969482422,1.7727272510528564,625.0,11.0,9500.0,144400.0,0.6600000262260437,15.199999809265137,0.75,0.75,0.8333333134651184,0.08695652335882187,0.18478260934352875,28.0,25
-0.17155586222421898,0.019483521923596706,0.07012310505205469,-1.1844615412053077,-0.02799833021269438,0.05920523672204459,-6.1697950670676684,0.20246481687178994,-0.166904386923655,0.6183725555081816,0.0036634030932173583,0.0,0.002838852770517024,-0.23212962677336257,-0.14840676192137436,0.05331371834319697,-0.3300544942289459,-0.29709021049649215,0.05234919902812918,-0.9911205210820944,-0.16667332705959467,-0.6185690950498512,-0.8570194988059924,-0.14828600544706708,-0.4912602353903171,0.11554868536689067,-0.12127828625087794,-0.25483369223424535,0.018511060879103564,-0.25681669254932593,25.0,60.0,40.0,380.0,0.4099999964237213,0.8999999761581421,26.0,210.0,155.8000030517578,276.4349060058594,1.5,1.0,0.008999999612569809,2.3684210777282715,0.1680999994277954,2.4390244483947754,5.940171241760254,155.8000030517578,1.9390244483947754,625.0,10.25,9500.0,144400.0,0.6150000095367432,15.199999809265137,0.7846153974533081,0.9523809552192688,0.1666666716337204,0.09565217047929764,0.18478260934352875,29.1,25
-0.11116781176466366,0.024976824284482113,0.006131582412868266,-0.7817075577586642,0.46040328895044696,0.06577248086120888,-4.414690175255681,-0.03455865640734074,-0.06779533599280654,-0.4532142010865144,-0.00017257181667296694,0.0,0.012425085081144292,0.09691300245882722,0.6351775632143645,0.0004522970977264816,-0.2914829464329972,0.2683798100680069,0.11689821373393043,-0.9627579594997353,-0.5401074241229075,-0.5564996923483636,-0.6648538916946,0.39324324423064205,-0.45386578437933717,0.3280901502987952,-0.05753686093100679,0.28780220167464765,-0.3836658879754335,-0.6898764162242675,25.0,60.0,40.0,380.0,0.36000001430511475,0.8999999761581421,34.70000076293945,170.0,136.8000030517578,257.4349060058594,1.5,1.0,0.008999999612569809,2.3684210777282715,0.12960000336170197,2.777777671813965,5.940171241760254,136.8000030517578,2.277777671813965,625.0,9.0,9500.0,144400.0,0.5400000214576721,15.199999809265137,0.8500000238418579,1.1176470518112183,-0.3333333432674408,0.09565217047929764,0.06521739065647125,48.8,25
-0.18519604397902842,0.023850395904764746,0.013422976940362487,-0.7621455053066154,0.44922873318885337,0.07598301707898203,-4.802678263382364,-0.07313453108423167,0.026199141386880474,-0.37545539385969434,0.01705420634671825,0.0,0.005010639275774412,0.018384843554429785,0.0971686074227442,-0.009588506269273933,-0.2605232790690831,0.16036488566611903,0.13817295824900053,-0.9333253207655797,-0.7043638748186284,-0.5386085294823126,-0.7401226478189652,0.2063130620171047,-0.3774636672559848,0.14503938990701223,-0.10039332437495536,-0.22815517476485714,-0.317875463835252,0.09947113741767795,25.0,60.0,40.0,380.0,0.3799999952316284,0.8999999761581421,33.5,170.0,144.39999389648438,265.034912109375,1.5,1.0,0.008999999612569809,2.3684210777282715,0.1444000005722046,2.6315789222717285,5.940171241760254,144.39999389648438,2.1315789222717285,625.0,9.5,9500.0,144400.0,0.5699999928474426,15.199999809265137,0.8225806355476379,0.9411764740943909,0.1666666716337204,0.08695652335882187,0.0,44.0,25
-0.18445137391844746,-0.03600442539532784,-0.01770321281845296,-0.7565691431206926,0.4460637727198114,0.080263668272174,-5.201554379524187,0.13396359715817885,-0.0019954225269483055,-0.4265394430785291,0.0002795043360266012,0.0,-0.0020334310917850874,0.0005701804624152555,0.1521273750018433,0.011216640088471147,-0.2763200067313622,0.19276147307941785,0.07712359161856212,-0.9620616908376969,-0.8212159116961009,-0.58803960682365,-0.7548325098111461,0.13874929951045037,-0.40792915406945485,0.1306200472933344,-0.03985026789985927,0.16979539275033698,-0.6949682695761281,-0.3364706804500548,25.0,60.0,40.0,380.0,0.3799999952316284,0.8999999761581421,33.0,160.0,144.39999389648438,265.034912109375,1.5,1.0,0.008999999612569809,2.3684210777282715,0.1444000005722046,2.6315789222717285,5.940171241760254,144.39999389648438,2.1315789222717285,625.0,9.5,9500.0,144400.0,0.5699999928474426,15.199999809265137,0.8225806355476379,1.0,0.0,0.08695652335882187,0.18478260934352875,42.7,25
-0.17762909260981347,-0.03785999888319066,-0.020798924248739595,-1.008776947973176,0.16537891971235355,0.04690381242105056,-5.638583423987566,-0.27493635098895053,0.1529374086192613,0.3127951676380214,-0.019896377268553925,0.0,-0.0036235207495661976,0.02770260231637463,0.12823066379703846,-0.01152899884741136,-0.24928575301742617,0.12540459623968328,0.12055910488007543,-0.9618299577592645,-0.7129180373494556,-0.524889251330125,-0.7552360952154435,0.18136927335802666,-0.3764306648746546,0.15617957543096292,0.1624436277486132,0.23229565776952532,-0.507317920725909,-0.16029982788534766,25.0,60.0,40.0,380.0,0.38999998569488525,0.8999999761581421,33.099998474121094,175.0,148.1999969482422,268.8349304199219,1.5,1.0,0.008999999612569809,2.3684210777282715,0.15209999680519104,2.5641026496887207,5.940171241760254,148.1999969482422,2.0641026496887207,625.0,9.75,9500.0,144400.0,0.5849999785423279,15.199999809265137,0.8095238208770752,0.9714285731315613,0.0833333358168602,0.08695652335882187,0.043478261679410934,44.8,25
-0.21578862795920822,0.008990965645360425,0.09340248930079996,-1.1258867004432076,0.0467127188130899,0.044870615227820036,-5.343317569101541,-0.07159588224765254,-0.04316402746995069,0.3967466225523752,-0.009180612638034318,0.0,-0.01153847194343976,-0.01459698374590636,0.0198679848724831,-0.006455130483285188,-0.27949227795973763,-0.15582711353449374,0.11019611981112266,-0.9688420944768877,0.12785253790020018,-0.5276966666938282,-0.8352187178334185,0.16990463375142326,-0.4382634667805365,0.08187261685513621,-0.16754532956935536,0.22206074814992985,-0.21130482504486356,-0.05668946259382676,25.0,60.0,40.0,380.0,0.4000000059604645,0.8999999761581421,32.099998474121094,170.0,152.0,272.6349182128906,1.5,1.0,0.008999999612569809,2.3684210777282715,0.1599999964237213,2.5,5.940171241760254,152.0,2.0,625.0,10.0,9500.0,144400.0,0.6000000238418579,15.199999809265137,0.796875,1.0,0.0,0.09565217047929764,0.0,42.1,25
-0.18519604397902842,0.0035950828378224628,-0.0030625437388454935,-0.7821841044847938,0.44634343849108193,0.08336213244967401,-4.849594931147217,0.05805367073359931,-0.033491613846654375,-0.4510088115081028,0.01105864231414688,0.0,0.00043281641623012744,0.016514083875226182,0.1086197490380903,0.013956247583723748,-0.26654144655459755,0.23791850250456023,0.10354511710084034,-0.9747231212143807,-0.7878193189056666,-0.57836462771597,-0.7624488569768143,0.17720609828976383,-0.43333858224935395,0.14038542631815096,-0.11480212809532789,-0.22892729175786425,-0.35439470619774655,-0.3673978179846387,25.0,60.0,40.0,380.0,0.3799999952316284,0.8999999761581421,33.5,165.0,144.39999389648438,265.034912109375,1.5,1.0,0.008999999612569809,2.3684210777282715,0.1444000005722046,2.6315789222717285,5.940171241760254,144.39999389648438,2.1315789222717285,625.0,9.5,9500.0,144400.0,0.5699999928474426,15.199999809265137,0.8225806355476379,0.939393937587738,0.1666666716337204,0.09565217047929764,0.18478260934352875,42.3,25
-0.18445137391844746,0.010126481913244728,0.024115610012621438,-0.7436743064158171,0.4440708480892259,0.06459997457429897,-4.733165400079341,0.028460853751219845,-0.00906411091808048,-0.36985003764368624,0.010344419038219624,0.0,0.010713593097398586,0.04109541760102321,0.12526701226880618,-0.0028657359165809894,-0.27949227795973763,0.16359320430893523,0.10373180072053466,-0.9647735657920522,-0.7542579164263623,-0.5131292871914819,-0.720056178227401,0.2324891787951071,-0.4837570472088942,0.22134008974445493,-0.24536771198754626,0.17554788068704422,-0.3801417107704874,-0.08822526200290497,25.0,60.0,40.0,380.0,0.3799999952316284,0.8999999761581421,34.099998474121094,165.0,144.39999389648438,265.034912109375,1.5,1.0,0.008999999612569809,2.3684210777282715,0.1444000005722046,2.6315789222717285,5.940171241760254,144.39999389648438,2.1315789222717285,625.0,9.5,9500.0,144400.0,0.5699999928474426,15.199999809265137,0.8225806355476379,1.0303030014038086,-0.0833333358168602,0.09565217047929764,0.0,44.1,25
-0.18268853169529475,0.013714935429524249,-0.04973255397699463,-0.7400200170106342,0.4356419445643194,-0.11953306262526059,-5.088738992562386,0.12845090670190495,7.608084339152898e-05,-0.29499280844700415,0.01841917736333408,0.0,-0.02633977103506977,-0.09714049224921459,0.11944164261615661,-0.015971341673290344,-0.26650102597828973,0.18408745778798125,0.09973302600762064,-0.9674217711449848,-0.7264188742128042,-0.5196442899467054,-0.7295103835691896,0.032628381484696115,-0.43520738535101866,0.13296591291086624,0.17144640161928773,0.3559931240377375,-0.5094791362602101,0.15650328062310254,25.0,60.0,40.0,380.0,0.3799999952316284,0.800000011920929,32.5,160.0,144.39999389648438,265.034912109375,1.5,1.0,0.00800000037997961,2.1052632331848145,0.1444000005722046,2.6315789222717285,5.940171241760254,144.39999389648438,2.1315789222717285,625.0,9.5,9500.0,144400.0,0.5699999928474426,15.199999809265137,0.8225806355476379,0.96875,0.0833333358168602,0.08695652335882187,0.0,41.9,25
-0.18468039002137726,-0.005982063023844231,-0.2178732477076794,-0.8861755689267928,-0.07352857066442499,0.07449515299156567,3.554575389937407,0.12394069271567673,-0.15849276062029136,0.33341187999292915,-0.10886070703056436,0.0,0.026958127331396235,0.26475499244719247,-0.11255486678187497,0.013699377733391763,-0.22812036038890704,-0.2546526576193253,0.03720809743004414,-0.8046825805797465,-0.09250062827665263,-0.36473827519676766,-0.943150527131569,0.3061945119014761,-0.32502178118925446,0.11373302177739163,-0.0639054893166738,-0.16546968203553447,0.5768707409627825,0.5487459164549254,25.0,58.0,42.0,375.0,0.4099999964237213,0.8999999761581421,46.310001373291016,165.0,153.75,272.797607421875,1.3809523582458496,1.0,0.008999999612569809,2.4000000953674316,0.1680999994277954,2.4390244483947754,5.926926136016846,153.75,1.9390244483947754,625.0,10.25,9375.0,140625.0,0.5661904811859131,15.0,0.7846153974533081,0.939393937587738,0.1666666716337204,0.24565216898918152,0.35217392444610596,51.9,25
-0.25198844760109695,-0.027371974446409493,-0.2940840031402112,-0.9071645780888692,0.019049851072357363,0.039866985029911074,0.5894313813719934,0.08201772328288638,-0.18578222739921837,0.311234133775801,-0.07887667511474568,0.0,0.007570181317291372,0.1856344327254417,0.03885714578873004,-0.021894386906565106,-0.2337368809184566,-0.2301874704138261,0.06674062466758392,-0.7572378864663655,0.04402409171802266,-0.32568091967697005,-1.0024895838296544,0.3453977334919594,-0.4167464360098068,0.12002320069543074,0.25441542982556725,0.3560709390189531,0.5869689082589105,-0.49991095113793443,25.0,58.0,42.0,375.0,0.4099999964237213,0.8999999761581421,41.189998626708984,165.0,153.75,272.797607421875,1.3809523582458496,1.0,0.008999999612569809,2.4000000953674316,0.1680999994277954,2.4390244483947754,5.926926136016846,153.75,1.9390244483947754,625.0,10.25,9375.0,140625.0,0.5661904811859131,15.0,0.7846153974533081,1.0303030014038086,-0.0833333358168602,0.24565216898918152,0.043478261679410934,42.9,25
-0.2237525976168053,-0.012004742550152887,-0.2690516052747074,-0.8954072046831832,0.061681193748612445,0.08614230901576596,0.46582062708411354,0.10122879018869974,-0.22548958171963934,0.41350264740717735,-0.08108091575630276,0.0,0.014876374980543587,0.11844394951819989,-0.03767586434518933,0.012410408557802496,-0.2095123578580125,-0.2930497286318919,0.0426682096206822,-0.6936814980507123,-0.005612066783191801,-0.30796639874703785,-0.9928934386403414,0.26776251187906014,-0.37455658146616105,0.13733736832677262,0.47820025330358146,0.6470412940096102,0.6184710646725674,0.5169206036260636,25.0,58.0,42.0,375.0,0.4099999964237213,0.8999999761581421,41.08000183105469,160.0,153.75,272.797607421875,1.3809523582458496,1.0,0.008999999612569809,2.4000000953674316,0.1680999994277954,2.4390244483947754,5.926926136016846,153.75,1.9390244483947754,625.0,10.25,9375.0,140625.0,0.5661904811859131,15.0,0.7846153974533081,0.96875,0.0833333358168602,0.15217390656471252,0.35217392444610596,44.4,25
-0.24201331178543325,-0.021451519995878535,-0.2751970774796577,-0.8941299750767672,0.05610892481659327,0.0368049010256634,-0.5106016945674545,0.037292513311205505,-0.23297101999551253,0.35453784024718343,-0.06393431929631635,0.0,-0.01409729339260858,0.12615748278895697,-0.025798428435347177,0.002534677116602912,-0.21243744370799225,-0.23890967562542295,0.031585377089226076,-0.8759231902224441,0.05488736925928636,-0.3471892335948702,-1.0120140694586706,0.3380720182892238,-0.4184781001738096,0.11850424497601315,0.3764886049520084,0.6380142267934851,0.6510959714176981,-0.46952240780694277,25.0,58.0,42.0,375.0,0.4099999964237213,0.8999999761581421,40.38999938964844,170.0,153.75,272.797607421875,1.3809523582458496,1.0,0.008999999612569809,2.4000000953674316,0.1680999994277954,2.4390244483947754,5.926926136016846,153.75,1.9390244483947754,625.0,10.25,9375.0,140625.0,0.5661904811859131,15.0,0.7846153974533081,1.0,0.0,0.15217390656471252,0.043478261679410934,50.7,25
-0.2343210100543537,-0.027097938158589695,-0.2809956650588642,-0.8618601276199471,0.06311748063936318,0.0998479287084067,0.9064623467084961,0.2049875554776696,-0.2220580696443806,0.32442045124399294,-0.07260104708595878,0.0,0.01167105485499892,0.1847637674416801,-0.046538048308772915,-0.021619328613431844,-0.21727262049944052,-0.2329233582484299,0.13105643363825634,-0.7572378864663655,-0.05766631375563456,-0.3734863675128707,-0.9998813687216669,0.33322810633723804,-0.44229464529756457,0.11184093349054232,0.7464652632411286,0.5177253572965642,0.718281801171455,-0.35861949328609266,25.0,58.0,42.0,380.0,0.4099999964237213,0.8999999761581421,41.97999954223633,160.0,155.8000030517578,276.4349060058594,1.3809523582458496,1.0,0.008999999612569809,2.3684210777282715,0.1680999994277954,2.4390244483947754,5.940171241760254,155.8000030517578,1.9390244483947754,625.0,10.25,9500.0,144400.0,0.5661904811859131,15.199999809265137,0.7846153974533081,1.0625,-0.1666666716337204,0.15217390656471252,0.043478261679410934,50.5,25
-0.25198844760109695,-0.0023409082731316406,-0.2731966495290866,-0.9069337667879457,0.05815761478630154,0.06391907382128154,0.7884946569208607,0.1487663101698032,-0.09988819925649449,0.39948108080157096,-0.07688929145111938,0.0,0.025077712369956026,0.08779816721105795,0.015718006207414082,-0.009482501059731025,-0.21304401991468466,-0.2256007767374934,0.11882860189978338,-0.7383231985929283,-0.09929084955356046,-0.38258202980923245,-0.9510901924423053,0.33998058011856047,-0.3825215132436136,0.13571118428602044,0.4880431440740776,0.5015528915419489,0.5394445974953,-0.31183326795303207,25.0,58.0,42.0,375.0,0.4099999964237213,0.8999999761581421,41.16999816894531,150.0,153.75,272.797607421875,1.3809523582458496,1.0,0.008999999612569809,2.4000000953674316,0.1680999994277954,2.4390244483947754,5.926926136016846,153.75,1.9390244483947754,625.0,10.25,9375.0,140625.0,0.5661904811859131,15.0,0.7846153974533081,1.0666667222976685,-0.1666666716337204,0.15217390656471252,0.18478260934352875,51.9,25
-0.194117889725731,-0.006576738371780632,-0.27439818093697144,-0.9932879483461782,0.04272674863524405,0.061897972327228705,1.0405271836497167,0.15097003011445917,-0.22197094879390847,0.3501763057629528,-0.0757294609781661,0.0,-0.010512545377274718,0.09140738751064355,-0.11434169572922276,-0.005272148971733297,-0.22482006480055208,-0.3133624840091661,0.04772236994267486,-0.7564530370404495,-0.06563228675946782,-0.3924409346760991,-1.0412885750570207,0.30368271745943076,-0.3650395232941737,0.10647807388605764,-0.038378159869117315,-0.18528837721007177,0.5631735279372249,-0.3795186136518432,25.0,58.0,42.0,375.0,0.4099999964237213,0.8999999761581421,42.29999923706055,160.0,153.75,272.797607421875,1.3809523582458496,1.0,0.008999999612569809,2.4000000953674316,0.1680999994277954,2.4390244483947754,5.926926136016846,153.75,1.9390244483947754,625.0,10.25,9375.0,140625.0,0.5661904811859131,15.0,0.7846153974533081,0.9375,0.1666666716337204,0.24565216898918152,0.18478260934352875,48.2,25
-0.24026659108780846,0.00807414083793033,-0.2961506864052884,-0.732698632329395,0.45126895326866473,0.03963186786329804,-3.4019772400497845,0.14637376936973714,0.19394841351439793,-0.38964125272125816,-0.11342378977690878,0.0,0.06792231390467261,0.0664656102923367,0.1075893405211216,0.012188467245546177,-0.20891823124456932,0.45895651672118404,0.09725456149842517,-0.9079456533640764,-0.8034425134316272,-0.47071292890584704,-0.9283651469065685,0.45549170840770775,-0.4824187116812816,0.27028457632889025,0.062434824868625255,-0.1541548351467681,0.07549240048357365,-0.3187393293244809,25.0,58.0,42.0,370.0,0.3799999952316284,1.0,37.84000015258789,160.0,140.60000610351562,258.060302734375,1.3809523582458496,1.0,0.009999999776482582,2.702702760696411,0.1444000005722046,2.6315789222717285,5.913503170013428,140.60000610351562,2.1315789222717285,625.0,9.5,9250.0,136900.0,0.5247619152069092,14.800000190734863,0.8225806355476379,0.9375,0.1666666716337204,0.34130436182022095,0.07391304522752762,48.2,25
-0.23115047800830146,-0.011510789158347415,-0.3380554167119815,-0.7291948870873278,0.4465713355570729,0.08052083741781126,-4.763452617020835,0.051016516506547184,0.20521534793018176,-0.4938502091627741,-0.11358115550405867,0.0,0.06110898302113132,0.09312017994113368,0.08159176019628815,0.0084470812432773,-0.2042531641703117,0.4882590164321351,0.0486252761845988,-0.9256706460274466,-0.8032530740904767,-0.5070113952736162,-0.9410011523984239,0.5005686228231864,-0.15213750765117334,0.2070927982590765,0.03731985528882701,-0.18262098770641683,-0.08034739894858509,-0.3088963143943929,25.0,58.0,42.0,360.0,0.3799999952316284,1.0,33.40999984741211,160.0,136.8000030517578,251.08570861816406,1.3809523582458496,1.0,0.009999999776482582,2.777777671813965,0.1444000005722046,2.6315789222717285,5.886104106903076,136.8000030517578,2.1315789222717285,625.0,9.5,9000.0,129600.0,0.5247619152069092,14.399999618530273,0.8225806355476379,0.9375,0.1666666716337204,0.34130436182022095,0.07391304522752762,45.2,25
-0.23115047800830146,-0.005480903316557547,-0.30903657194305667,-0.6797914782204081,0.446626880197899,0.06567385035261009,-4.802735328451761,-0.10878570129640565,0.08337244978433804,-0.4326103607285155,-0.10426335992942772,0.0,0.10669341160696039,0.10877763103279113,0.09889846160710257,0.0003856972240325211,-0.23351616358520322,0.4107122507384836,0.03601401862261484,-0.9151736701415913,-0.8477708094250144,-0.5139402262682127,-0.8770621856504577,0.4764709863096286,-0.47803159592788186,0.29373950949951816,0.0038903361177992242,-0.19635959067369077,0.45127898649722353,-0.2476335041313174,25.0,58.0,42.0,370.0,0.3799999952316284,1.0,34.099998474121094,180.0,140.60000610351562,258.060302734375,1.3809523582458496,1.0,0.009999999776482582,2.702702760696411,0.1444000005722046,2.6315789222717285,5.913503170013428,140.60000610351562,2.1315789222717285,625.0,9.5,9250.0,136900.0,0.5247619152069092,14.800000190734863,0.8225806355476379,0.9444444179534912,0.1666666716337204,0.15217390656471252,0.07391304522752762,42.9,25
-0.23115047800830146,0.0017878298878418264,-0.2800323022819055,-0.6464154834200598,0.47526982686651437,0.09888515008362597,-4.39562917498534,-0.11191490241968709,0.0706995163391895,-0.44366057461391845,-0.1035141953164273,0.0,0.0929246288142469,0.09599114869560735,0.07928963538985966,0.005394476167232313,-0.19152896755705756,0.4196974024338323,0.10930156544453815,-0.8837040883398972,-0.8615822848415771,-0.5064119562029809,-0.8768137061121714,0.4569167689806445,-0.15786304423847414,0.3150761316874298,0.02085704068639585,-0.16966222967372468,0.525420557403616,-0.30420509360185033,25.0,58.0,42.0,360.0,0.3799999952316284,1.0,36.400001525878906,190.0,136.8000030517578,251.08570861816406,1.3809523582458496,1.0,0.009999999776482582,2.777777671813965,0.1444000005722046,2.6315789222717285,5.886104106903076,136.8000030517578,2.1315789222717285,625.0,9.5,9000.0,129600.0,0.5247619152069092,14.399999618530273,0.8225806355476379,0.9473684430122375,0.1666666716337204,0.15217390656471252,0.07391304522752762,44.4,25
-0.2406414045783808,0.0033321260661116287,-0.3418726444665181,-0.9298869035771258,0.01917357265010432,-0.021753925637697492,1.1248714931057588,0.005095917009602987,-0.009846424673515474,0.30517941721146535,-0.07342487314086717,0.0,0.002026272851535015,-0.023881008305294788,-0.11945763947205607,-0.05566474342167377,-0.2082901339472613,0.07928559015167536,0.04804724250717398,-0.6764389011197772,0.004639683446357731,-0.4056428208172447,-1.0055493738708876,0.3289554367583379,-0.36152252894779585,0.14635820634196656,0.1362931418464765,-0.08470361145603254,0.5890751288768724,-0.2995598384036991,25.0,58.0,42.0,375.0,0.4000000059604645,1.0,42.20000076293945,200.0,150.0,269.047607421875,1.3809523582458496,1.0,0.009999999776482582,2.6666667461395264,0.1599999964237213,2.5,5.926926136016846,150.0,2.0,625.0,10.0,9375.0,140625.0,0.5523809790611267,15.0,0.796875,0.949999988079071,0.1666666716337204,0.15217390656471252,0.07391304522752762,50.7,25
-0.20314124848035164,0.0361109660001093,-0.323512904718491,-0.8119428794513568,0.04586066975484189,0.07473474828784663,1.7418817676400602,0.1510483757947967,0.03606596189738275,0.3422023769712566,-0.00019376019411442664,0.0,-0.042175270526344295,0.1630064695242844,-0.023582350038364872,-0.0317010576348394,-0.22092442845875082,-0.025577619399037,0.010970973131372389,-0.7335695790357903,0.04673851977741796,-0.40826118702385183,-0.9476613208745612,0.3288346117352163,-0.4391585033711066,0.17431174086653772,0.7666637730769693,0.6606293125934111,0.6621877617145934,-0.2635075283399763,25.0,58.0,42.0,375.0,0.4000000059604645,1.0,44.900001525878906,180.0,150.0,269.047607421875,1.3809523582458496,1.0,0.009999999776482582,2.6666667461395264,0.1599999964237213,2.5,5.926926136016846,150.0,2.0,625.0,10.0,9375.0,140625.0,0.5523809790611267,15.0,0.796875,1.0,0.0,0.15217390656471252,0.18478260934352875,50.5,25
-0.18468039002137726,-0.0009248238397563285,-0.21545365723021748,-0.9196430918615724,-0.06996426119205615,0.08102424511084358,3.5097387299754557,-0.21988968724041372,-0.16250021902366027,0.13281474032321197,-0.12050899869549776,0.0,0.026412801468570123,0.16807732155917707,-0.10131197346027873,0.007596738159274143,-0.2235062837728561,-0.2160014311775341,0.047251726857462366,-0.7938076486373069,-0.08484300560932426,-0.3909341954584228,-0.9134532539357283,0.3172386485511491,-0.2906054608652795,0.13071689606885004,-0.3705465352994155,-0.5267133268691414,0.3517774351964389,0.5412482070482549,25.0,58.0,42.0,375.0,0.4099999964237213,0.8999999761581421,46.310001373291016,190.0,153.75,272.797607421875,1.3809523582458496,1.0,0.008999999612569809,2.4000000953674316,0.1680999994277954,2.4390244483947754,5.926926136016846,153.75,1.9390244483947754,625.0,10.25,9375.0,140625.0,0.5661904811859131,15.0,0.7846153974533081,0.8157894611358643,0.5833333134651184,0.24565216898918152,0.35217392444610596,51.9,25
-0.21178532727247426,-0.008726760176294576,-0.2886974880555346,-1.0235342229609405,0.04107110065988518,0.04376599477372258,0.6449572948139409,-0.025006323738076094,-0.24117142621137716,0.22195344639227926,-0.07594326978442655,0.0,-0.00822145583893325,0.05315154899656403,-0.12125648467601273,-0.024115575990242596,-0.23128058602043916,-0.2838655127762171,0.07685827278879175,-0.7240747767894719,0.001098924712380793,-0.3501793163841808,-1.0534023899411022,0.2803666352192087,-0.33696041980007824,0.15407099180196432,0.009028114029685492,-0.17650824519282404,0.5157708079472034,-0.22355641400954782,25.0,58.0,42.0,375.0,0.4099999964237213,0.8999999761581421,41.189998626708984,180.0,153.75,272.797607421875,1.3809523582458496,1.0,0.008999999612569809,2.4000000953674316,0.1680999994277954,2.4390244483947754,5.926926136016846,153.75,1.9390244483947754,625.0,10.25,9375.0,140625.0,0.5661904811859131,15.0,0.7846153974533081,0.9444444179534912,0.1666666716337204,0.24565216898918152,0.043478261679410934,48.83,25
-0.226260109900539,-0.018915612098096522,-0.24971953061914998,-1.0626758668073262,0.06618662761296344,0.09217525694700376,0.5177123991222881,-0.13516484842307436,-0.2273866040923172,0.18290585139004745,-0.07691868782139788,0.0,-0.0047481617800004036,0.03326711864935046,-0.13777722017732855,0.004086579900007377,-0.1847578737883354,-0.2987917595999741,0.06298577780002337,-0.7071009657123455,-0.10721316272289841,-0.3740637482897819,-0.9948860515116834,0.286249319095668,-0.29008329539388844,0.1345183076286556,-0.2818655536245812,-0.4976117021677831,0.43186371355288805,0.5123426293889911,25.0,58.0,42.0,375.0,0.4099999964237213,0.8999999761581421,41.08000183105469,195.0,153.75,272.797607421875,1.3809523582458496,1.0,0.008999999612569809,2.4000000953674316,0.1680999994277954,2.4390244483947754,5.926926136016846,153.75,1.9390244483947754,625.0,10.25,9375.0,140625.0,0.5661904811859131,15.0,0.7846153974533081,0.7948718070983887,0.6666666865348816,0.15217390656471252,0.35217392444610596,48.63,25
-0.2018101914568105,-0.012890680661822957,-0.2768647687021125,-1.0733571533061805,0.061840195971360555,0.04229942222946574,-0.536546018590993,-0.09904900139850482,-0.24677005900065865,0.12098149866350949,-0.07603572299860152,0.0,-0.0012755384487259597,0.06979228880590835,-0.14499508774606734,-0.018450081574490306,-0.21568504721779322,-0.22009943198461082,0.0604592584699916,-0.8367580405013768,-0.06955044303403514,-0.3818165606141751,-1.0345802031526503,0.34190463759682777,-0.3556835310098832,0.17887109485191943,-0.45550647351199924,-0.176402010348877,0.5929670427256981,-0.4062598245765665,25.0,58.0,42.0,375.0,0.4099999964237213,0.8999999761581421,40.38999938964844,190.0,153.75,272.797607421875,1.3809523582458496,1.0,0.008999999612569809,2.4000000953674316,0.1680999994277954,2.4390244483947754,5.926926136016846,153.75,1.9390244483947754,625.0,10.25,9375.0,140625.0,0.5661904811859131,15.0,0.7846153974533081,0.8947368264198303,0.3333333432674408,0.15217390656471252,0.043478261679410934,47.88,25
-0.194117889725731,-0.008868257221229756,-0.2737088751525386,-1.0395000941309718,0.026037103817500656,0.05496906576802377,0.9642422159325329,-0.016647292527269583,-0.2766244478614955,0.060800333540764535,-0.07708346928119413,0.0,0.0013402281634129394,0.10496343681898444,-0.1960051889266188,-0.04426504819666479,-0.22363739400887486,-0.2829516920076798,0.0782738152866943,-0.7180727367452981,-0.08663874003238262,-0.35820089822775886,-1.0372166305683952,0.36977165256647504,-0.31816232253191307,0.1380050454405171,-0.417110837809078,-0.15578420832530868,0.582821241442622,-0.1355704595798486,25.0,58.0,42.0,380.0,0.4099999964237213,0.8999999761581421,41.97999954223633,190.0,155.8000030517578,276.4349060058594,1.3809523582458496,1.0,0.008999999612569809,2.3684210777282715,0.1680999994277954,2.4390244483947754,5.940171241760254,155.8000030517578,1.9390244483947754,625.0,10.25,9500.0,144400.0,0.5661904811859131,15.199999809265137,0.7846153974533081,0.8947368264198303,0.3333333432674408,0.15217390656471252,0.043478261679410934,48.89,25
-0.21178532727247426,-0.0019469456693024805,-0.26590985962276104,-1.10690444851442,0.06556647946383544,0.07570000802477828,0.7657573716509655,0.17993048841840692,-0.2425321257972922,0.15238365744463891,-0.07939067406609761,0.0,-0.004383912090664356,0.11276793110430854,-0.1420877110026291,-0.00495626583139981,-0.2006119467633533,-0.2972934955093755,0.031502417185088664,-0.7567688715421317,-0.09811849537128407,-0.4075116612438455,-0.9911884407879661,0.323831377342831,-0.34264465613399203,0.13699596672110484,-0.18075045556125366,-0.18957138871386006,0.5045756865638038,-0.3952890382795179,25.0,58.0,42.0,375.0,0.4099999964237213,0.8999999761581421,41.16999816894531,185.0,153.75,272.797607421875,1.3809523582458496,1.0,0.008999999612569809,2.4000000953674316,0.1680999994277954,2.4390244483947754,5.926926136016846,153.75,1.9390244483947754,625.0,10.25,9375.0,140625.0,0.5661904811859131,15.0,0.7846153974533081,0.8648648858070374,0.4166666567325592,0.15217390656471252,0.18478260934352875,47.98,25
-0.194117889725731,-0.015836526941443527,-0.26909648536958297,-1.0490969652992026,0.04707284694407762,0.07176283954832487,1.0968537706730166,0.17599622669472256,-0.21534481154825585,0.1040589272542248,-0.08734974681230204,0.0,-0.01308420871237798,0.0447348014073257,-0.11368699821332207,0.0015757853143890954,-0.20825001889274491,-0.3057712620696525,0.018479557704417292,-0.7515801451421836,-0.062418105243872334,-0.41706842391691357,-1.0338126185913776,0.3128171353243116,-0.2935281465177898,0.11986747043681277,-0.25613241537704795,-0.19207646471657758,0.3888355332141602,-0.38917715879508785,25.0,58.0,42.0,375.0,0.4099999964237213,0.8999999761581421,42.29999923706055,180.0,153.75,272.797607421875,1.3809523582458496,1.0,0.008999999612569809,2.4000000953674316,0.1680999994277954,2.4390244483947754,5.926926136016846,153.75,1.9390244483947754,625.0,10.25,9375.0,140625.0,0.5661904811859131,15.0,0.7846153974533081,0.8333333134651184,0.5,0.24565216898918152,0.18478260934352875,47.75,25
-0.11235119232425814,-0.0695728778850519,-0.05881170677603725,0.14031586553284833,0.11540887460078464,0.013795408296701155,-4.146088792296343,0.10725151241341038,-0.12231154452519168,0.2388733315062319,-0.10273042570158661,0.0,0.009422871868230365,0.0538598386349953,0.173792324289931,0.14875302612380562,0.09663021215579487,-0.22263837987249893,-0.040002249109216986,-0.22857442913404177,-0.19640480799979465,0.02211739623492058,0.5444299359404623,0.005523501819623543,-0.26872584474650063,0.027368072660642784,-0.055313895013869525,0.010558016192748088,-0.5919955423348414,0.6497190950574392,30.0,58.0,42.0,400.0,0.3799999952316284,0.800000011920929,35.5,180.0,152.0,278.984130859375,1.3809523582458496,1.0,0.00800000037997961,2.0,0.1444000005722046,2.6315789222717285,5.991464614868164,152.0,2.1315789222717285,900.0,11.399999618530273,12000.0,160000.0,0.5247619152069092,13.333333015441895,0.8225806355476379,1.0277777910232544,-0.0833333358168602,0.2735042870044708,0.25641027092933655,46.1,30
-0.1105920655607936,-0.06769250585905666,-0.05343474999028353,0.14509782026306473,0.12361438288395615,0.05795997707975123,-4.406677119842575,0.17312290656714255,-0.10013533158286927,0.23197092646456213,-0.07545766375960923,0.0,0.01996624168636727,0.11936678943014783,0.1698370620382252,0.14731118804571006,0.10132617556533369,-0.17622647758799906,-0.026053319117709806,-0.21928370763540694,-0.15236996817533463,0.021336483711688083,0.5529571281808847,0.12765044022280125,-0.23994378066020167,0.023599585821396367,-0.1036457081052486,-0.14987546339664273,-0.7125336546149754,0.7563697370381498,30.0,58.0,42.0,400.0,0.3799999952316284,0.800000011920929,35.5,180.0,152.0,278.984130859375,1.3809523582458496,1.0,0.00800000037997961,2.0,0.1444000005722046,2.6315789222717285,5.991464614868164,152.0,2.1315789222717285,900.0,11.399999618530273,12000.0,160000.0,0.5247619152069092,13.333333015441895,0.8225806355476379,0.8777777552604675,0.36666667461395264,0.2735042870044708,0.25641027092933655,46.1,30
-0.08104422753199693,-0.017192025072643745,-0.12901676018200564,0.18127912657885098,-0.19621591221162382,-0.07695710584204633,-6.450665193612303,-0.09417642168375946,-0.11743633038019505,0.2008962902686464,0.024334500780969767,0.0,-0.20161449811504795,0.07487768407548362,0.0985348988925722,-0.03515745444654372,0.12192216532747938,0.044490861183677836,-0.05405177071545629,-0.2473372040740841,0.2651179754903386,0.008929847375825464,0.6369360675080606,0.04682798487167987,-0.2472345669814683,-0.14132264703048053,0.028148687561172857,-0.16001956470606998,-0.6896804491961245,0.6557571873313233,30.0,60.0,40.0,400.0,0.4000000059604645,0.75,32.79999923706055,165.0,160.0,286.984130859375,1.5,1.0,0.007499999832361937,1.875,0.1599999964237213,2.5,5.991464614868164,160.0,2.0,900.0,12.0,12000.0,160000.0,0.6000000238418579,13.333333015441895,0.796875,0.8787878751754761,0.3333333432674408,0.2735042870044708,0.25641027092933655,43.2,30
-0.10562341217613165,-0.004303596043241823,-0.025218943738221762,0.13288331545603374,0.09143329052720862,-0.003202875899512233,-1.2031063495836012,-0.19205777362713453,0.32333085095228276,-0.04747441479035071,-0.0037874399979002443,0.0,-0.11799218461539747,0.033667894926407795,0.2074299563531475,0.13214149338978987,0.11814319835611335,0.18687393355435794,0.20651521120615596,-0.3221524627980366,-0.20406979784744433,0.007445084469127239,0.47704211300461297,0.19471525495362146,-0.14663560916850896,-0.022894472721729866,-0.18165435395645646,-0.24229623325370592,-0.7313155902909193,0.9953518446431655,30.0,57.0,43.0,400.0,0.36000001430511475,0.8500000238418579,38.900001525878906,195.0,144.0,270.984130859375,1.325581431388855,1.0,0.008500000461935997,2.125,0.12960000336170197,2.777777671813965,5.991464614868164,144.0,2.277777671813965,900.0,10.800000190734863,12000.0,160000.0,0.47720929980278015,13.333333015441895,0.8500000238418579,0.8717948794364929,0.4166666567325592,0.2735042870044708,0.25641027092933655,50.4,30
-0.11263305203222773,-0.05790665122457161,-0.13401654483114053,0.17670337633301975,0.12255020953725074,0.10415762552612853,-4.101690784152403,0.07431507604036015,-0.24946516290465137,0.22000668812752347,-0.07658299034360468,0.0,-0.00039266285505657947,0.1492815617299365,0.15347980902419223,0.06723160388598826,0.0859742616158097,-0.20182046715385243,0.01645714416365563,-0.2487434223211884,-0.15849311406457595,0.01070162810667491,0.5450774379636804,0.005968603829942222,-0.19622117315063878,-0.12526056734653726,0.3258294946212164,-0.1628717245605546,-0.749761554770801,0.6900889911253134,30.0,59.0,41.0,400.0,0.38999998569488525,0.7799999713897705,34.599998474121094,175.0,156.0,282.984130859375,1.4390244483947754,1.0,0.007799999788403511,1.9500000476837158,0.15209999680519104,2.5641026496887207,5.991464614868164,156.0,2.0641026496887207,900.0,11.699999809265137,12000.0,160000.0,0.5612195134162903,13.333333015441895,0.8095238208770752,0.8571428656578064,0.4166666567325592,0.2735042870044708,0.25641027092933655,45.1,30
-0.11953090416224452,-0.11050226275769352,-0.04525735288049167,0.17804679326761794,0.14141001017257882,0.10757101040989608,-2.74139622518693,0.43431362533740697,0.28457679085500714,-0.0664955191911958,-0.015651817912788496,0.0,0.07952990274014747,0.07570467212373666,0.17325484348698944,0.1486059032275248,0.11966546485910194,0.11387441203730884,-0.020841120913034607,-0.2477217164510591,-0.18925129371324684,0.026925649834066978,0.48214913692990446,0.2262614020613353,-0.12472160344941145,0.03897330192441535,-0.08809761384803015,-0.13149669197974206,-0.6410945195473529,0.9765266495483509,30.0,56.0,44.0,400.0,0.3700000047683716,0.8199999928474426,37.20000076293945,185.0,148.0,274.984130859375,1.2727272510528564,1.0,0.008200000040233135,2.049999952316284,0.13689999282360077,2.702702760696411,5.991464614868164,148.0,2.202702760696411,900.0,11.100000381469727,12000.0,160000.0,0.47090908885002136,13.333333015441895,0.8360655903816223,0.8648648858070374,0.4166666567325592,0.2735042870044708,0.25641027092933655,48.3,30
-0.07506338013958531,0.32457366277834265,0.49416725290356806,-0.023832679324598538,-0.29175813405734347,0.12663949157696416,-6.416545224254705,-0.13255184182636193,-0.1568393231010224,-0.11538955571322332,0.2593320589007394,0.0,0.10138546657167188,0.06046940064468629,-0.0919895151513024,-0.11648492806635088,-0.2000371257052335,-0.1404100841805394,-0.24741238980861957,-0.18076926317909678,0.26035768740575355,0.02502329773465812,-0.48548414644287735,-0.4817043408599613,0.2740668451187492,-0.19001048336069948,0.06163271838338815,-0.1448925328582112,-0.8247324197931591,0.5381909223854313,30.0,61.0,39.0,375.0,0.4099999964237213,0.699999988079071,31.5,155.0,153.75,272.797607421875,1.5641025304794312,1.0,0.007000000216066837,1.8666666746139526,0.1680999994277954,2.4390244483947754,5.926926136016846,153.75,1.9390244483947754,900.0,12.300000190734863,11250.0,140625.0,0.6412820219993591,12.5,0.7846153974533081,0.85161292552948,0.38333332538604736,0.2735042870044708,0.25641027092933655,41.8,30
-0.1017423590489439,-0.05330143572621082,-0.008313058192948157,0.14529483491772038,0.09435082078122345,-0.04550738870963127,-0.3097323114553708,-0.04261083289613098,0.3290853850769638,-0.041314797255541144,-0.040322602345219824,0.0,-0.09580943971066962,-0.044690645597315067,0.13728387377430926,0.12774443415981743,0.07428985993596143,0.19217470303867662,0.21619151712351728,-0.31166788684210606,-0.21273748480195326,0.011476712739516217,0.5111086205851292,-0.14509889237042847,-0.2030495264701471,-0.015461390260353529,-0.18415267433965304,-0.16678623291580072,-0.8775480768552198,1.059001848098381,30.0,58.0,42.0,400.0,0.36000001430511475,0.8799999952316284,39.79999923706055,205.0,144.0,270.984130859375,1.3809523582458496,1.0,0.008799999952316284,2.200000047683716,0.12960000336170197,2.777777671813965,5.991464614868164,144.0,2.277777671813965,900.0,10.800000190734863,12000.0,160000.0,0.49714285135269165,13.333333015441895,0.8500000238418579,0.8780487775802612,0.4166666567325592,0.2735042870044708,0.25641027092933655,51.2,30
-0.0685578211332392,-0.053191726191228805,-0.03212259724732685,0.10042845315131452,0.033864763879768105,0.06445981087208058,-5.464084641562386,-0.228611665137755,0.021791064335501095,-0.14062751033617168,-0.03485707451118368,0.0,0.08465818992861425,0.06300443674587082,0.13138650010838301,-0.025274074411571486,-0.18654165451292765,-0.03365065641316793,-0.09274550832499623,-0.17670592390141224,0.1268229323989047,0.03569084644793659,-0.44387239634602554,0.05826392025605163,0.3762012662277204,-0.18651937418073652,-0.15391691839234964,-0.19072105139499845,-0.6445545445637668,0.7439460604901814,30.0,55.0,45.0,375.0,0.4000000059604645,0.7599999904632568,33.099998474121094,168.0,150.0,269.047607421875,1.2222222089767456,1.0,0.007600000128149986,2.0266666412353516,0.1599999964237213,2.5,5.926926136016846,150.0,2.0,900.0,12.0,11250.0,140625.0,0.4888888895511627,12.5,0.796875,0.8571428656578064,0.4000000059604645,0.2735042870044708,0.25641027092933655,43.9,30
-0.16379863505604395,0.31646850058392706,0.6548856776852643,0.19041511895027144,0.14720933260646202,0.061616909090270885,-2.615808728973385,0.24155094037742128,0.268261858862956,-0.06242363379876556,0.4163660551933156,0.0,0.05551109855693832,0.14631259330662907,0.1835706115697673,0.11349927831667345,0.06101155467615217,0.09508202152997282,-0.04711708246932532,-0.24012212516289214,-0.2143982403994661,-0.002946056006185868,0.5135340164482057,0.1261684246848151,-0.21739322472163677,0.12426271728136964,-0.09220138194792285,-0.1528530901964582,-0.9442414807973767,0.9109651312686773,30.0,62.0,38.0,400.0,0.3700000047683716,0.8299999833106995,37.599998474121094,188.0,148.0,274.984130859375,1.6315789222717285,1.0,0.008299999870359898,2.075000047683716,0.13689999282360077,2.702702760696411,5.991464614868164,148.0,2.202702760696411,900.0,11.100000381469727,12000.0,160000.0,0.6036841869354248,13.333333015441895,0.8360655903816223,0.8723404407501221,0.4000000059604645,0.2735042870044708,0.25641027092933655,48.9,30
-0.11263305203222773,-0.05790665122457161,-0.1533407613124807,0.17670337633301975,0.111164582756181,0.10768895005490552,-3.9172111156066665,-0.00395931299312606,-0.22065627575570163,0.20509636251599034,-0.07457818872281556,0.0,-0.03920416926252893,0.012776705010304186,0.08707305668028827,0.03776159242196435,0.0859742616158097,-0.15359575593582225,-0.03533342305883739,-0.2487434223211884,-0.1119514242884449,0.02582395549184897,0.5450774379636804,0.050103306857741524,-0.18533785867959038,-0.13474325917720065,0.1461478531357126,-0.16778765090338094,-0.8142672908156224,0.6625697787331112,30.0,59.0,41.0,400.0,0.38999998569488525,0.7900000214576721,34.900001525878906,172.0,156.0,282.984130859375,1.4390244483947754,1.0,0.007899999618530273,1.975000023841858,0.15209999680519104,2.5641026496887207,5.991464614868164,156.0,2.0641026496887207,900.0,11.699999809265137,12000.0,160000.0,0.5612195134162903,13.333333015441895,0.8095238208770752,0.8604651093482971,0.4000000059604645,0.2735042870044708,0.25641027092933655,45.8,30
-0.10562341217613165,-0.0004703423146749697,-0.011953104785105343,0.13288331545603374,0.09637399578471545,-0.05269676776254898,-1.210541291019553,-0.19356103049820186,0.3232044337806252,-0.06550077375415958,-0.00936943303763971,0.0,-0.10994604166845488,-0.04042608266591747,0.2097749644139565,0.13367033305309062,0.11814319835611335,0.1796455814516112,0.20964903883845287,-0.3221524627980366,-0.2271668017180701,0.007445084469127239,0.47704211300461297,0.1991200164405282,-0.14910811886929237,-0.02211116976894049,-0.10084526224489855,-0.19344823564930322,-0.7806756534698457,0.9809869948329504,30.0,57.0,43.0,400.0,0.36000001430511475,0.8600000143051147,39.20000076293945,198.0,144.0,270.984130859375,1.325581431388855,1.0,0.00860000029206276,2.1500000953674316,0.12960000336170197,2.777777671813965,5.991464614868164,144.0,2.277777671813965,900.0,10.800000190734863,12000.0,160000.0,0.47720929980278015,13.333333015441895,0.8500000238418579,0.8636363744735718,0.44999998807907104,0.2735042870044708,0.25641027092933655,50.8,30
-0.06443054756018365,-0.04245573615793731,-0.15224213973947773,-0.01907254413220258,-0.28210745141231036,0.012448164579640611,-7.672218094213904,-0.03604687946869995,-0.2406449612976749,0.2766860540610299,0.005453890113746382,0.0,-0.10854868679124838,0.10734619933775814,-0.16220985013155773,-0.02555923082237284,-0.19393502936212467,0.0232902924196344,-0.21560518095779946,-0.21570042270322437,0.43546084655927203,0.012996986270263489,-0.4804316090161031,-0.10774659832727769,0.2984467426169535,-0.18610116822708142,0.06830225173953132,-0.24352509585076168,-0.7816665747632271,0.49435856483509105,30.0,60.0,40.0,375.0,0.41999998688697815,0.7200000286102295,30.799999237060547,150.0,157.5,276.547607421875,1.5,1.0,0.007199999876320362,1.9199999570846558,0.17640000581741333,2.3809523582458496,5.926926136016846,157.5,1.8809523582458496,900.0,12.600000381469727,11250.0,140625.0,0.6299999952316284,12.5,0.7727272510528564,0.8333333134651184,0.4166666567325592,0.2735042870044708,0.25641027092933655,40.9,30
-0.1213334988156109,-0.04871706816938861,-0.048486508392721304,0.14509782026306473,0.13466330539348687,0.09626183184528997,-3.4421019796068335,0.27605995308259423,-0.10455302190274827,0.27986638442141204,-0.07545766375960923,0.0,0.09192857693953288,0.13602206717540444,0.18454152165112178,0.14612177744566776,0.1045676622765509,-0.16384760545324048,-0.028880965864421352,-0.23811250393654196,-0.18792655744828077,0.02355839268852479,0.5529571281808847,0.17859798288459,-0.18260179393331794,0.023471034033668802,0.09630451826474234,-0.22598380873854154,-0.7428539133157163,0.7971915177221833,30.0,58.0,42.0,400.0,0.3799999952316284,0.8100000023841858,36.099998474121094,182.0,152.0,278.984130859375,1.3809523582458496,1.0,0.008100000210106373,2.0250000953674316,0.1444000005722046,2.6315789222717285,5.991464614868164,152.0,2.1315789222717285,900.0,11.399999618530273,12000.0,160000.0,0.5247619152069092,13.333333015441895,0.8225806355476379,0.8681318759918213,0.4000000059604645,0.2735042870044708,0.25641027092933655,46.8,30
-0.1105920655607936,-0.10834355696504169,-0.2025770896926504,0.17855786854790406,0.0985668183634538,0.09389870346059731,-4.476118261982464,-0.05799878320038992,-0.27951432247734953,0.2696330445363954,-0.024213052063467938,0.0,-0.07753411620525474,0.12853167420682143,0.1553871737576708,0.05563892774661639,0.1133349076055053,-0.25547604654368056,-0.006396941737209845,-0.2493909287830469,-0.13679640614944968,0.0020572425915908682,0.5065137610791405,-0.126102046702176,-0.22184194261456486,-0.1761819016086065,0.035755188186615314,-0.14932395039383015,-0.7329530792182403,0.767049344567456,30.0,56.0,44.0,400.0,0.38999998569488525,0.7699999809265137,34.29999923706055,170.0,156.0,282.984130859375,1.2727272510528564,1.0,0.007699999958276749,1.9249999523162842,0.15209999680519104,2.5641026496887207,5.991464614868164,156.0,2.0641026496887207,900.0,11.699999809265137,12000.0,160000.0,0.49636363983154297,13.333333015441895,0.8095238208770752,0.8588235378265381,0.4000000059604645,0.2735042870044708,0.25641027092933655,44.9,30
-0.10654303627382375,0.14807812788745062,0.19948889423408112,0.14095329101524914,0.0833707501206024,-0.04969675115998312,0.18327745243269622,-0.4724842372022773,0.26339949536455326,-0.08095900465650951,0.18862270866434572,0.0,-0.12685510167314082,-0.0030638794125746145,0.1841932637235451,0.10957530259416591,0.03346523467299114,0.13526451842255077,0.13114397165806527,-0.327196459139709,-0.2222580453991488,-0.006422636669145897,0.4737397408475536,0.09579015388712812,-0.19581936870636837,0.05984236359464269,-0.13575704878210976,-0.2667331867319151,-1.0624773244908976,0.9735230581578466,30.0,61.0,39.0,400.0,0.36000001430511475,0.8700000047683716,40.099998474121094,210.0,144.0,270.984130859375,1.5641025304794312,1.0,0.008700000122189522,2.174999952316284,0.12960000336170197,2.777777671813965,5.991464614868164,144.0,2.277777671813965,900.0,10.800000190734863,12000.0,160000.0,0.563076913356781,13.333333015441895,0.8500000238418579,0.8666666746139526,0.46666666865348816,0.2735042870044708,0.25641027092933655,52.0,30
-0.06377641669204605,-0.08765064677670213,-0.12068989412074749,-0.01855021994231377,-0.2891080329762003,0.11445527764745415,-6.0029986506059085,-0.17122399352951975,-0.16910553553995636,-0.107551432634967,-0.07560848923625971,0.0,0.11105451199819229,0.11495233940425623,-0.05204217681036925,-0.09233693199601029,-0.19784928054545572,-0.12241482839234083,-0.21788011460056078,-0.18076926317909678,0.2650089515029558,0.03894510586105192,-0.47240762633021927,0.04076878956618644,0.27293129684945705,-0.18476300701808684,0.11037241811429893,-0.18337479366251735,-0.8210757060418681,0.6159635854391264,30.0,59.0,41.0,375.0,0.4099999964237213,0.7400000095367432,32.400001525878906,160.0,153.75,272.797607421875,1.4390244483947754,1.0,0.007400000002235174,1.9733333587646484,0.1680999994277954,2.4390244483947754,5.926926136016846,153.75,1.9390244483947754,900.0,12.300000190734863,11250.0,140625.0,0.5899999737739563,12.5,0.7846153974533081,0.8500000238418579,0.4000000059604645,0.2735042870044708,0.25641027092933655,42.5,30
-0.11172338725932839,0.0034421487728250456,-0.14613095148857216,0.1708094531976228,0.2299607624486239,0.10233762067702094,-1.9640854439036706,0.19271687651205563,0.2836789043442362,-0.05167632227853701,-0.014034843496923004,0.0,-0.0439438233056225,0.11745760231419321,0.19433403457223125,0.1417387801453777,0.1289865664084703,0.1395456057028229,-0.02122754144763421,-0.276734657138832,-0.2829548356772151,0.016863694373219804,0.5029955949471469,-0.09427918009984354,-0.14122582211308468,0.04436718074478679,-0.1050602742929784,-0.14908391950404556,-0.8601905439313976,0.9446707116027937,30.0,57.0,43.0,400.0,0.3700000047683716,0.8399999737739563,38.0,190.0,148.0,274.984130859375,1.325581431388855,1.0,0.00839999970048666,2.0999999046325684,0.13689999282360077,2.702702760696411,5.991464614868164,148.0,2.202702760696411,900.0,11.100000381469727,12000.0,160000.0,0.49046510457992554,13.333333015441895,0.8360655903816223,0.8578947186470032,0.44999998807907104,0.2735042870044708,0.25641027092933655,49.5,30
-0.05508553396343127,0.4427892570073846,0.7662415582409816,-0.016537931165301608,-0.09897803215975787,0.09028849871838675,-5.351235478090666,-0.023820047215456365,-0.15341076318122893,-0.07551586016726014,0.4476676303184204,0.0,0.005676897427638351,0.10650212896818101,0.07371732745352191,-0.03917527159038788,-0.05551681061996054,-0.15733157577536785,-0.10328293530203539,-0.18857226433710242,0.1829198254777403,0.02979168231417206,-0.16787771549008496,-0.5116772475095877,-0.105378571554738,-0.1596792818760516,-0.06888424745702713,-0.1650545610226029,-0.8257332810449961,0.6047587028640414,30.0,62.0,38.0,385.0,0.4000000059604645,0.7300000190734863,33.0,162.0,154.0,276.22222900390625,1.6315789222717285,1.0,0.007300000172108412,1.896103858947754,0.1599999964237213,2.5,5.953243255615234,154.0,2.0,900.0,12.0,11550.0,148225.0,0.6526315808296204,12.833333015441895,0.796875,0.8518518805503845,0.4000000059604645,0.2735042870044708,0.25641027092933655,43.4,30
-0.11200251756279188,-0.052414962752475557,-0.009475407849977968,0.12295375446645675,0.06293689251246053,-0.03574829285425076,1.3928584224652252,-0.46689696323226815,0.3268011797341856,-0.16610670195209104,-0.0470839340014039,0.0,-0.10108616334666767,-0.01817134402459743,0.18568754956303446,0.11874670881769755,0.0050879866987107,0.20549506538886547,0.13294023247692857,-0.32959440190160805,-0.21480804867992942,0.006761541819725415,0.49070558537517733,0.16065244287662747,-0.18545581858407229,-0.03313763322924166,-0.23465837980762544,-0.2919209714702739,-1.1033048476432763,1.0427845440148529,30.0,58.0,42.0,400.0,0.36000001430511475,0.8899999856948853,41.0,215.0,144.0,270.984130859375,1.3809523582458496,1.0,0.008899999782443047,2.2249999046325684,0.12960000336170197,2.777777671813965,5.991464614868164,144.0,2.277777671813965,900.0,10.800000190734863,12000.0,160000.0,0.49714285135269165,13.333333015441895,0.8500000238418579,0.8651162981987,0.4833333194255829,0.2735042870044708,0.25641027092933655,53.2,30
-0.11263305203222773,-0.041261930808622345,-0.15187587639384653,0.18326606940311946,0.09661288172768345,0.07619493427275366,-4.038510590874196,0.21024708612108833,-0.08907950563653558,0.23435571955718637,0.0005926017460685278,0.0,0.07744764609012392,0.17145689211761653,0.15094583361309458,0.11710809611445408,0.10132617556533369,-0.17389900219975737,-0.022879200179638234,-0.2551143333473096,-0.13265484689258886,0.0198106409991372,0.5448564771330525,0.07271351748331055,-0.2004234833973816,0.107092620511339,0.03715134336543974,-0.16141554240910838,-0.8589667838082901,0.6850939425941616,30.0,60.0,40.0,400.0,0.3799999952316284,0.800000011920929,35.70000076293945,178.0,152.0,278.984130859375,1.5,1.0,0.00800000037997961,2.0,0.1444000005722046,2.6315789222717285,5.991464614868164,152.0,2.1315789222717285,900.0,11.399999618530273,12000.0,160000.0,0.5699999928474426,13.333333015441895,0.8225806355476379,0.8651685118675232,0.4000000059604645,0.2735042870044708,0.25641027092933655,46.3,30
-0.049290793205454625,-0.05483496610486931,-0.06469419437557775,0.10693783822920387,-0.3101192835031725,-0.03955157806466922,-6.648072991649528,-0.028635573549854788,-0.16060406720098708,0.1902037618437599,-0.027689381415835004,0.0,-0.12222424548542296,0.32270388877024997,-0.05057359407856045,-0.05959812507784187,0.0077206411616758735,0.11816570275105259,-0.2698934997273495,-0.22708372928151607,0.27993646574328007,0.023535260660047134,-0.2662350742928953,0.06399896401948675,0.08730314119610523,-0.150835556889078,0.067487306989136,-0.19057460565727335,-0.6711608383480636,0.6039834778527091,30.0,55.0,45.0,390.0,0.4099999964237213,0.7099999785423279,31.700000762939453,158.0,159.89999389648438,283.70953369140625,1.2222222089767456,1.0,0.0071000000461936,1.8205127716064453,0.1680999994277954,2.4390244483947754,5.966146945953369,159.89999389648438,1.9390244483947754,900.0,12.300000190734863,11700.0,152100.0,0.5011110901832581,13.0,0.7846153974533081,0.8481012582778931,0.4000000059604645,0.2735042870044708,0.25641027092933655,41.6,30
-0.11172338725932839,-0.04960081762592392,-0.15498010357302944,0.15293359430560646,0.2414982164799138,0.05514161107419417,-1.6814221732930763,0.25153643498575157,0.251623820531509,-0.07075272266156,-0.049402912124461504,0.0,0.06372531559358044,0.14338364757374314,0.19999293406581165,0.13298176685224014,0.11623947072541092,0.10324522339303993,-0.02148993414864443,-0.2760871506769735,-0.22354380442528296,0.004541801312669739,0.5181226248551526,0.1442320310802132,-0.14891216303124724,0.13145363305254484,-0.01084401257098862,-0.16818815543858312,-0.9906376825498966,0.9733262581275521,30.0,59.0,41.0,400.0,0.3700000047683716,0.8299999833106995,37.900001525878906,187.0,148.0,274.984130859375,1.4390244483947754,1.0,0.008299999870359898,2.075000047683716,0.13689999282360077,2.702702760696411,5.991464614868164,148.0,2.202702760696411,900.0,11.100000381469727,12000.0,160000.0,0.5324390530586243,13.333333015441895,0.8360655903816223,0.866310179233551,0.4166666567325592,0.2735042870044708,0.25641027092933655,49.0,30
-0.1213334988156109,-0.09792235154240707,-0.08426394164951058,0.17289014493201108,0.09358003513292311,0.08067267487422446,-3.4767339773835215,0.3792695187708379,-0.10666016524744638,0.28663140262019093,-0.01480832754094312,0.0,0.06163655370798733,0.12797208402122945,0.18644888638460036,0.15563431290861204,0.12007946473515328,-0.16512060044588503,-0.027650631837719868,-0.24572777156842915,-0.17572632652743064,0.02355839268852479,0.5079211482655074,0.08002789951003526,-0.13158857805327964,0.013276902107713647,0.06517999999285823,-0.18342679601512496,-0.6010857241117671,0.7725102069245958,30.0,56.0,44.0,400.0,0.3799999952316284,0.8199999928474426,36.400001525878906,184.0,152.0,278.984130859375,1.2727272510528564,1.0,0.008200000040233135,2.049999952316284,0.1444000005722046,2.6315789222717285,5.991464614868164,152.0,2.1315789222717285,900.0,11.399999618530273,12000.0,160000.0,0.48363634943962097,13.333333015441895,0.8225806355476379,0.864130437374115,0.4166666567325592,0.2735042870044708,0.25641027092933655,47.1,30
-0.05390398077816408,0.3341408840565386,0.479558099926199,-0.01760147516135267,-0.38286962497131083,-0.004857246849698208,-7.208169668439471,0.016713085546397232,-0.17891879198322524,0.2275993340270117,0.14044337800534873,0.0,-0.16337161117205576,0.4176598271218977,-0.18324795636908944,-0.005490512086603876,0.0025889247757247894,0.1393812188055325,-0.29679460173467836,-0.22939076786660265,0.3731544920270888,0.023590211753715347,-0.24467793063365573,-0.601619621682447,0.003912413939615586,-0.1814349207263359,0.07084553185266289,-0.24930671361984877,-0.5952310710264787,0.5099881411327709,30.0,61.0,39.0,385.0,0.41999998688697815,0.699999988079071,30.5,148.0,161.6999969482422,283.9222106933594,1.5641025304794312,1.0,0.007000000216066837,1.8181818723678589,0.17640000581741333,2.3809523582458496,5.953243255615234,161.6999969482422,1.8809523582458496,900.0,12.600000381469727,11550.0,148225.0,0.6569230556488037,12.833333015441895,0.7727272510528564,0.8243243098258972,0.4333333373069763,0.2735042870044708,0.25641027092933655,40.2,30
-0.10342409647379355,-0.052414962752475557,-0.005361818018985105,0.11417116514599303,0.06217951761762734,-0.04609104929308489,0.5610317125606115,-0.2963008510345779,0.2748346502483053,-0.10753738672227653,-0.04776574883756261,0.0,-0.09396928825002801,-0.054828303892087635,0.18672246638649692,0.12871341243993745,0.035465294955662925,0.11975283837412394,0.1617421676417453,-0.327196459139709,-0.21771036669983915,0.003070015453270012,0.49483906689949064,-0.061568249718913934,-0.18133555274106924,-0.022855606491515378,-0.30800895548843077,-0.2180439566705502,-0.972374656390462,1.0990052154092498,30.0,58.0,42.0,400.0,0.36000001430511475,0.8799999952316284,40.5,208.0,144.0,270.984130859375,1.3809523582458496,1.0,0.008799999952316284,2.200000047683716,0.12960000336170197,2.777777671813965,5.991464614868164,144.0,2.277777671813965,900.0,10.800000190734863,12000.0,160000.0,0.49714285135269165,13.333333015441895,0.8500000238418579,0.8653846383094788,0.46666666865348816,0.2735042870044708,0.25641027092933655,52.4,30
-0.054723443524491405,-0.09066043592996488,-0.03496832860310491,-0.029146412562349087,-0.04444787723106911,0.059358425059699474,-5.874364441081615,-0.08920150234210328,-0.2625540358901136,0.24318982984815707,-0.024247274881293232,0.0,-0.09709426736732221,0.0914148112832111,0.11742875528482918,-0.0060050487053369996,0.001629918796727046,-0.15874926779595344,-0.07012523057871983,-0.2284899475286204,0.18805412439977584,0.020941360474658652,-0.20973547636137643,0.00971214157405528,0.09446940102230315,-0.16203172936723564,-0.12173801350195253,-0.19268421710912784,-0.816328797750701,0.7478523211036585,30.0,57.0,43.0,390.0,0.4000000059604645,0.75,32.900001525878906,166.0,156.0,279.80950927734375,1.325581431388855,1.0,0.007499999832361937,1.923076868057251,0.1599999964237213,2.5,5.966146945953369,156.0,2.0,900.0,12.0,11700.0,152100.0,0.5302325487136841,13.0,0.796875,0.8554216623306274,0.4000000059604645,0.2735042870044708,0.25641027092933655,43.3,30
-0.10433394734059663,-0.022086707518795493,-0.1548614054957445,0.18224852889213253,0.1894719105466083,0.09699359272744282,-1.394065865320904,0.13290486750724262,0.2593785091710656,-0.03486677691609508,-0.040692275311597616,0.0,-0.040107418481600356,0.197217510231553,0.1913247362288618,0.12790839329911172,0.11623947072541092,0.12421198888101607,-0.01852185737295484,-0.2781936619463175,-0.2682967345007944,-0.0017107933939452518,0.5336757263062127,0.15486583902993054,-0.1470283493972415,0.13179614062233352,-0.08366622674189643,-0.16247085297472283,-1.0760759949261955,0.9059444522233164,30.0,60.0,40.0,400.0,0.3700000047683716,0.8399999737739563,38.599998474121094,192.0,148.0,274.984130859375,1.5,1.0,0.00839999970048666,2.0999999046325684,0.13689999282360077,2.702702760696411,5.991464614868164,148.0,2.202702760696411,900.0,11.100000381469727,12000.0,160000.0,0.5550000071525574,13.333333015441895,0.8360655903816223,0.859375,0.44999998807907104,0.2735042870044708,0.25641027092933655,50.0,30
-0.05711657945332191,-0.09958722239977832,-0.10631268855150107,0.02042993436747964,0.1171332593626614,0.06618190141274401,-3.581384647556765,-0.021815982191863897,-0.06932532094120351,-0.06939445038294069,-0.030409646219883367,0.0,0.0495544880340099,-0.026907096228500477,0.10736510367691031,-0.022687525108269924,-0.02228258391842144,-0.12727852266580889,-0.05002868552698516,-0.20009497366377466,-0.1311055942141083,0.03535146386240107,-0.26547145981879566,0.013653290097842998,0.10239000411593294,-0.16195189299416593,0.11308045756920705,-0.14316617597310266,-0.6053628057040888,0.7131679240367194,30.0,56.0,44.0,390.0,0.38999998569488525,0.7799999713897705,34.79999923706055,174.0,152.10000610351562,275.9095153808594,1.2727272510528564,1.0,0.007799999788403511,2.0,0.15209999680519104,2.5641026496887207,5.966146945953369,152.10000610351562,2.0641026496887207,900.0,11.699999809265137,11700.0,152100.0,0.49636363983154297,13.0,0.8095238208770752,0.8620689511299133,0.4000000059604645,0.2735042870044708,0.25641027092933655,45.4,30
-0.17340874661232641,0.3119335349718267,0.6602515356648444,0.18523330342525327,0.16175427590718364,0.09380935213582499,-3.4219323415808627,0.32898495847176495,-0.08545037916115229,0.2331108392314994,0.4255684000829289,0.0,0.04156984021347566,0.21613788507837292,0.1592692508939842,0.13215857072088408,0.04994727596358144,-0.1440819180001277,-0.055508382775458984,-0.23812818028026228,-0.18670453484806776,0.01124371878872902,0.49753791512032836,-0.040042047739532044,-0.21162496036948542,0.08762951820129916,0.08492330513894111,-0.1674493667917946,-0.9178622155800958,0.6774587088063149,30.0,62.0,38.0,400.0,0.3799999952316284,0.8299999833106995,36.900001525878906,186.0,152.0,278.984130859375,1.6315789222717285,1.0,0.008299999870359898,2.075000047683716,0.1444000005722046,2.6315789222717285,5.991464614868164,152.0,2.1315789222717285,900.0,11.399999618530273,12000.0,160000.0,0.6200000047683716,13.333333015441895,0.8225806355476379,0.8602150678634644,0.4333333373069763,0.2735042870044708,0.25641027092933655,48.0,30
-0.14138456528838608,-0.043340004480348034,-0.029400080646945426,0.10217552523344585,0.08283551579003612,-0.048449177902219795,1.9193340234874632,-0.22306637602346419,0.2924100797299165,-0.22582640621488387,-0.02683553433864469,0.0,-0.0670560940785906,0.17119787433830522,0.09919051713165412,0.11483059129148507,-0.012459445481984672,0.26599209916462524,0.22874962049233086,-0.32959440190160805,-0.22343322583278025,0.02729292163097523,0.504978005007495,0.1466796793379846,-0.22511407874378775,-0.0037390229024198774,-0.25190590673150015,-0.21239790137730963,-0.8206227292108811,1.0962266191622192,30.0,58.0,42.0,400.0,0.3499999940395355,0.8999999761581421,42.20000076293945,220.0,140.0,266.984130859375,1.3809523582458496,1.0,0.008999999612569809,2.25,0.12250000238418579,2.857142925262451,5.991464614868164,140.0,2.357142925262451,900.0,10.5,12000.0,160000.0,0.4833333194255829,13.333333015441895,0.8644067645072937,0.8636363744735718,0.5,0.2735042870044708,0.25641027092933655,54.0,30
-0.05328339219644493,-0.0776233268433472,-0.1378993292714446,-0.012273076886462347,-0.3472574277627302,-0.050117272408612926,-6.2427667242298055,0.038315615356830694,-0.16037339049581417,0.1697210971175075,-0.07670667680482296,0.0,-0.13631428301211565,0.07160758898219068,-0.043572645035499735,-0.09581690813288038,-0.0019625413135966577,0.049972934083611864,-0.20858251023797536,-0.22643622281965758,0.29856934021576437,0.0217923570161087,-0.24504881841176834,0.01385793176608333,-0.019617362510201523,-0.17562766757133988,0.0797122461484148,-0.2019454460623105,-0.8422770375159524,0.582514545668489,30.0,59.0,41.0,385.0,0.4099999964237213,0.7200000286102295,31.899999618530273,159.0,157.85000610351562,280.0722351074219,1.4390244483947754,1.0,0.007199999876320362,1.8701298236846924,0.1680999994277954,2.4390244483947754,5.953243255615234,157.85000610351562,1.9390244483947754,900.0,12.300000190734863,11550.0,148225.0,0.5899999737739563,12.833333015441895,0.7846153974533081,0.8427672982215881,0.4166666567325592,0.2735042870044708,0.25641027092933655,42.0,30
-0.10562341217613165,0.00021065621223189084,-0.14613095148857216,0.16842633766690626,0.2169545037413501,0.025504414199884123,-1.1433770053014154,-0.032279332718986475,0.2641351602217833,-0.01925699573225604,-0.007711224563334982,0.0,-0.09031338053459897,0.04703093069466483,0.20449712198352415,0.14255113577621342,0.12317391931094727,0.13341388764428666,-0.021345511878695645,-0.280412495007416,-0.2292400379113294,0.005350735800621145,0.4949307074479367,-0.09018829344932625,-0.15380812535123073,0.042314856459664284,-0.08020432550887914,-0.2187667506575838,-0.8191975456856296,0.9755906421716409,30.0,57.0,43.0,400.0,0.3700000047683716,0.8500000238418579,38.70000076293945,194.0,148.0,274.984130859375,1.325581431388855,1.0,0.008500000461935997,2.125,0.13689999282360077,2.702702760696411,5.991464614868164,148.0,2.202702760696411,900.0,11.100000381469727,12000.0,160000.0,0.49046510457992554,13.333333015441895,0.8360655903816223,0.8659793734550476,0.4333333373069763,0.2735042870044708,0.25641027092933655,50.3,30
-0.05676442999592553,-0.030481215809307245,-0.15615909859145674,0.008868694133520903,-0.10323644458244788,0.09113598218290547,-5.371961945035449,0.0663373767166816,-0.2451253679876746,0.23199523971684932,0.014873300552191928,0.0,-0.02673777916916525,0.15187519900173954,0.08285806310327862,-0.016157694186085782,0.00873795683897344,-0.1654236745950755,-0.0688692748216744,-0.2278424410667619,0.22683528584157958,0.02586085782206349,-0.16517411083699718,0.062440689773932176,-0.028898733688825503,-0.16094407394286478,-0.05096422870528921,-0.1919099773043609,-0.8937885196555746,0.6427010191274485,30.0,60.0,40.0,390.0,0.4000000059604645,0.7599999904632568,33.400001525878906,169.0,156.0,279.80950927734375,1.5,1.0,0.007600000128149986,1.9487179517745972,0.1599999964237213,2.5,5.966146945953369,156.0,2.0,900.0,12.0,11700.0,152100.0,0.6000000238418579,13.0,0.796875,0.8520709872245789,0.4166666567325592,0.2735042870044708,0.25641027092933655,44.0,30
-0.11284803361772752,-0.11667396506121185,-0.0892121832470728,0.16955612316190147,0.10507421420683527,0.06570654264391813,-3.820686664565975,0.2026278354116935,-0.10028955756766898,0.22290714433389602,-0.021450645738127418,0.0,0.050035781539692924,0.11763030050335323,0.18644888638460036,0.14684545504288515,0.11263380159786177,-0.16548585412545924,-0.0248951886743216,-0.2557618398091681,-0.1515403427056285,0.023647893311581732,0.5079211482655074,0.32713109874673707,-0.20036023767961367,0.013276902107713647,-0.10606429971092733,-0.18764567890454228,-0.544497988268733,0.7274397512482866,30.0,55.0,45.0,400.0,0.3799999952316284,0.800000011920929,35.599998474121094,180.0,152.0,278.984130859375,1.2222222089767456,1.0,0.00800000037997961,2.0,0.1444000005722046,2.6315789222717285,5.991464614868164,152.0,2.1315789222717285,900.0,11.399999618530273,12000.0,160000.0,0.46444445848464966,13.333333015441895,0.8225806355476379,0.8611111044883728,0.4166666567325592,0.2735042870044708,0.25641027092933655,46.2,30
-0.14185724064667057,0.1487407766903226,0.20860149005395565,0.12639258848283044,0.05195937166760378,-0.04331239590788681,1.3381656293707376,-0.5999429626530103,0.2735603821773929,-0.11840442568699848,0.1434858216996967,0.0,-0.10564134472496978,0.027919152756098315,0.18365261709715724,0.0975821348293325,0.029155153277622727,0.10111321536916981,0.12963214791604094,-0.32959440190160805,-0.18372894234444712,-0.010626156333607728,0.4880121604798712,0.022712188963563352,-0.18143603163173838,0.08614740771937482,-0.14384707210569564,-0.2591025613497239,-1.0206493584111278,0.9354673756632773,30.0,61.0,39.0,400.0,0.36000001430511475,0.8899999856948853,41.29999923706055,214.0,144.0,270.984130859375,1.5641025304794312,1.0,0.008899999782443047,2.2249999046325684,0.12960000336170197,2.777777671813965,5.991464614868164,144.0,2.277777671813965,900.0,10.800000190734863,12000.0,160000.0,0.563076913356781,13.333333015441895,0.8500000238418579,0.8691588640213013,0.46666666865348816,0.2735042870044708,0.25641027092933655,53.6,30
-0.05711657945332191,-0.07542685355640867,-0.06384322079369212,-0.029073283061005897,0.17474021015884345,0.10369497244139793,-3.728842438759309,0.09760732913078003,-0.07778984600457355,-0.09905385374851983,-0.08176093899831846,0.0,0.11288321546497108,0.15941508698237244,0.16318331639393463,0.0345909550318331,-0.03381471720393564,-0.13929536446910232,-0.029784403431318617,-0.19944746720191617,-0.17496446940501345,0.03535146386240107,-0.22878002691272528,0.07158046147456576,0.005712883217818103,-0.1337161168766064,0.2803147690461135,-0.16656092813459142,-0.8274673210156909,0.793736454936948,30.0,58.0,42.0,390.0,0.38999998569488525,0.7799999713897705,34.5,176.0,152.10000610351562,275.9095153808594,1.3809523582458496,1.0,0.007799999788403511,2.0,0.15209999680519104,2.5641026496887207,5.966146945953369,152.10000610351562,2.0641026496887207,900.0,11.699999809265137,11700.0,152100.0,0.5385714173316956,13.0,0.8095238208770752,0.8522727489471436,0.4333333373069763,0.2735042870044708,0.25641027092933655,45.0,30
-0.10562341217613165,-0.052558329826856785,-0.15494714868259338,0.15055047877488992,0.21793349400587028,-0.0397668835931976,-0.3831807082924711,-0.06304163030299237,0.2458294461619074,-0.04707489013636154,-0.03795943925776645,0.0,-0.07974367896363803,0.003954037237014042,0.1814446239560646,0.13702099810668528,0.04987425049081726,0.10978434271633108,-0.0200353218906254,-0.2758607734451081,-0.23674245652259912,-0.004922541932272054,0.5272391868239973,0.14898020899275813,-0.14381900926700308,0.13602409833888052,-0.05604394463685537,-0.16946477039961652,-1.058931395283649,0.9409010805470849,30.0,59.0,41.0,400.0,0.3700000047683716,0.8600000143051147,39.400001525878906,199.0,148.0,274.984130859375,1.4390244483947754,1.0,0.00860000029206276,2.1500000953674316,0.13689999282360077,2.702702760696411,5.991464614868164,148.0,2.202702760696411,900.0,11.100000381469727,12000.0,160000.0,0.5324390530586243,13.333333015441895,0.8360655903816223,0.8643215894699097,0.44999998807907104,0.2735042870044708,0.25641027092933655,51.0,30
-0.049290793205454625,-0.028144700799872625,-0.045412600163109225,0.0880186845643926,-0.3349341606733074,-0.005285454991046905,-7.330204443917744,0.02414765988679094,0.010590921903283928,0.22879944485083603,-0.02657591973443571,0.0,-0.12720908994345467,0.33731011955143764,-0.14722886779497546,0.016706852400764492,0.0025356096732391947,0.2011275397473683,-0.26314073026074375,-0.23003827432846113,0.41946732346561394,0.014739889914201927,-0.27685907502173246,-0.037794572439887125,0.12254998796090327,-0.18321262129779262,0.0880358171152761,-0.2524682277630465,-0.5848895129534799,0.5919847993922075,30.0,56.0,44.0,385.0,0.41999998688697815,0.699999988079071,30.200000762939453,145.0,161.6999969482422,283.9222106933594,1.2727272510528564,1.0,0.007000000216066837,1.8181818723678589,0.17640000581741333,2.3809523582458496,5.953243255615234,161.6999969482422,1.8809523582458496,900.0,12.600000381469727,11550.0,148225.0,0.5345454812049866,12.833333015441895,0.7727272510528564,0.8275862336158752,0.4166666567325592,0.2735042870044708,0.25641027092933655,39.8,30
-0.17340874661232641,0.3119335349718267,0.6593944596958897,0.18523330342525327,0.16145477991789944,0.09055327741325589,-3.483392587473372,0.3367605441410685,-0.06752800350185276,0.2501734523521455,0.42548053653407564,0.0,0.08111650944423499,0.1767192668949514,0.14976198340324198,0.13215857072088408,0.04994727596358144,-0.15475612082500914,-0.05365832063476333,-0.23812818028026228,-0.17228566089665748,0.01124371878872902,0.49753791512032836,-0.03827615339375652,-0.21313693498638805,0.09990170474016374,0.08238924562839353,-0.13787419479708055,-0.8672038817439219,0.6785895280718435,30.0,62.0,38.0,400.0,0.3799999952316284,0.8199999928474426,36.70000076293945,183.0,152.0,278.984130859375,1.6315789222717285,1.0,0.008200000040233135,2.049999952316284,0.1444000005722046,2.6315789222717285,5.991464614868164,152.0,2.1315789222717285,900.0,11.399999618530273,12000.0,160000.0,0.6200000047683716,13.333333015441895,0.8225806355476379,0.8633880019187927,0.4166666567325592,0.2735042870044708,0.25641027092933655,47.5,30
-0.10342409647379355,-0.052414962752475557,-0.009475407849977968,0.11738286401998922,0.06293689251246053,-0.04256848738234991,1.8752735838266288,-0.4085697783414497,0.3318533169393852,-0.16653645074473988,-0.0471184310389149,0.0,-0.08838164332940826,-0.01872713263630567,0.18670361473006614,0.11874670881769755,0.0050879866987107,0.1939676778428201,0.13294023247692857,-0.327196459139709,-0.2132990351037165,0.005433753997288857,0.49070558537517733,0.24064573674856637,-0.17156661565429585,-0.03313763322924166,-0.24037647964015005,-0.3082234030512732,-1.0352892612817002,1.046993864207173,30.0,58.0,42.0,400.0,0.36000001430511475,0.8799999952316284,40.900001525878906,212.0,144.0,270.984130859375,1.3809523582458496,1.0,0.008799999952316284,2.200000047683716,0.12960000336170197,2.777777671813965,5.991464614868164,144.0,2.277777671813965,900.0,10.800000190734863,12000.0,160000.0,0.49714285135269165,13.333333015441895,0.8500000238418579,0.8679245114326477,0.46666666865348816,0.2735042870044708,0.25641027092933655,52.8,30
-0.05915756592475603,-0.031055081796656215,-0.15051132509005777,-0.007717118307101434,0.11811529031752348,0.054852771878987044,-3.3736168525318173,-0.015001248671316634,-0.09692665577336765,-0.08065272715824931,0.00013402686421488084,0.0,0.06848199786809338,0.03591843464458529,0.07655852268383745,0.008288929404330434,-0.033590209950949516,-0.1900806702497563,-0.05591396193724578,-0.19944746720191617,-0.1113856518407134,0.033608560218462626,-0.22180596545412107,0.05735111942323372,0.028777468573348276,-0.14319880870726978,0.09361134067570794,-0.15497001310424208,-0.8486655718016617,0.6079505774137018,30.0,60.0,40.0,390.0,0.38999998569488525,0.7900000214576721,35.0,173.0,152.10000610351562,275.9095153808594,1.5,1.0,0.007899999618530273,2.0256409645080566,0.15209999680519104,2.5641026496887207,5.966146945953369,152.10000610351562,2.0641026496887207,900.0,11.699999809265137,11700.0,152100.0,0.5849999785423279,13.0,0.8095238208770752,0.8612716794013977,0.4000000059604645,0.2735042870044708,0.25641027092933655,45.7,30
-0.11172338725932839,0.0034421487728250456,-0.14613095148857216,0.1708094531976228,0.22992109550971643,0.10233762067702094,-1.9257253121532172,0.19271687651205563,0.2836789043442362,-0.01995839226110118,-0.014034843496923004,0.0,-0.0439438233056225,0.14757750200515674,0.19433403457223125,0.1417387801453777,0.1289865664084703,0.1395456057028229,-0.02122754144763421,-0.276734657138832,-0.2829548356772151,0.016863694373219804,0.5029955949471469,-0.0908384467894694,-0.14122582211308468,0.04436718074478679,-0.10456449488382527,-0.14908391950404556,-0.850355573107656,0.9588517197014215,30.0,57.0,43.0,400.0,0.3700000047683716,0.8399999737739563,38.20000076293945,191.0,148.0,274.984130859375,1.325581431388855,1.0,0.00839999970048666,2.0999999046325684,0.13689999282360077,2.702702760696411,5.991464614868164,148.0,2.202702760696411,900.0,11.100000381469727,12000.0,160000.0,0.49046510457992554,13.333333015441895,0.8360655903816223,0.8586387634277344,0.44999998807907104,0.2735042870044708,0.25641027092933655,49.6,30
-0.0645703556439842,0.32051984628916613,0.48921101754864194,-0.018096756074909372,-0.34300314882933614,-0.02993632660479794,-6.313085729132262,-3.975313051472947e-05,-0.2969970772702319,0.17201818387717555,0.15109777908227143,0.0,-0.12420716300403506,0.06825095502678893,-0.10072288542703475,-0.08528766562351862,0.0008407617066796972,0.013210787942604897,-0.23813515092609272,-0.22643622281965758,0.2626409320359045,0.020903431359635894,-0.2583680138346782,-0.5041629269222562,-0.019869153828182735,-0.17582890289650352,0.013492601803080536,-0.18147433937298352,-0.8262927528471259,0.5003639804590387,30.0,61.0,39.0,385.0,0.4099999964237213,0.7300000190734863,32.099998474121094,161.0,157.85000610351562,280.0722351074219,1.5641025304794312,1.0,0.007300000172108412,1.896103858947754,0.1680999994277954,2.4390244483947754,5.953243255615234,157.85000610351562,1.9390244483947754,900.0,12.300000190734863,11550.0,148225.0,0.6412820219993591,12.833333015441895,0.7846153974533081,0.8447204828262329,0.4166666567325592,0.2735042870044708,0.25641027092933655,42.2,30
-0.10582832427694999,-0.05307761155534752,-0.005361818018985105,0.14058385931043343,0.09269267817073215,-0.046107113826182856,0.6141933126363401,-0.2964739496789138,0.27738548480230957,-0.10751198136868631,-0.04776574883756261,0.0,-0.12153545588943615,-0.028224237958038426,0.18672246638649692,0.12475497826131333,0.046212330356050525,0.13979885782470147,0.16110657331463854,-0.327196459139709,-0.21771036669983915,0.005892037230649868,0.49483906689949064,-0.020294214876036904,-0.19133687958646628,-0.02362052419990332,-0.24488779527255553,-0.2768748036825622,-0.9710479150335981,1.0955877043495217,30.0,58.0,42.0,400.0,0.36000001430511475,0.8700000047683716,40.29999923706055,207.0,144.0,270.984130859375,1.3809523582458496,1.0,0.008700000122189522,2.174999952316284,0.12960000336170197,2.777777671813965,5.991464614868164,144.0,2.277777671813965,900.0,10.800000190734863,12000.0,160000.0,0.49714285135269165,13.333333015441895,0.8500000238418579,0.8695651888847351,0.44999998807907104,0.2735042870044708,0.25641027092933655,52.2,30
-0.05676442999592553,-0.06875964207691129,-0.1565825934113751,0.00838703581158547,-0.09414077602140941,0.07375452190246401,-4.799631232100093,0.0017383569709633986,-0.25004265830833794,0.2357161770709234,-0.07454954319994087,0.0,-0.03952428168495395,0.12723771646045598,0.12051100337110125,-0.008371676519860724,0.00873795683897344,-0.16569468364557233,-0.0688692748216744,-0.2278424410667619,0.2140883964262858,0.02505599084292342,-0.1635457628200025,0.03972267142646283,-0.016821782886958434,-0.160828291754768,0.2152992284530027,-0.1925737248061313,-0.83076412531523,0.6793828528990606,30.0,59.0,41.0,390.0,0.4000000059604645,0.7599999904632568,33.599998474121094,168.0,156.0,279.80950927734375,1.4390244483947754,1.0,0.007600000128149986,1.9487179517745972,0.1599999964237213,2.5,5.966146945953369,156.0,2.0,900.0,12.0,11700.0,152100.0,0.5756097435951233,13.0,0.796875,0.851190447807312,0.4166666567325592,0.2735042870044708,0.25641027092933655,44.3,30
-0.1213334988156109,-0.09792235154240707,-0.08685787931211177,0.16955612316190147,0.08947172057457316,0.09138828467693895,-3.2778920797542543,0.2723550775829653,-0.10279071526294539,0.23223823548390668,-0.021450645738127418,0.0,0.06439149068539465,0.11099045897053413,0.18644888638460036,0.14684545504288515,0.11263380159786177,-0.1664685475797295,-0.027650631837719868,-0.23876001039840045,-0.19462058460308942,0.02155354464307564,0.5079211482655074,0.23375063288720058,-0.15950818814060871,0.013276902107713647,0.03791321341758123,-0.17659144489902046,-0.5970797041634388,0.7544400655525857,30.0,56.0,44.0,400.0,0.3799999952316284,0.8100000023841858,36.0,181.0,152.0,278.984130859375,1.2727272510528564,1.0,0.008100000210106373,2.0250000953674316,0.1444000005722046,2.6315789222717285,5.991464614868164,152.0,2.1315789222717285,900.0,11.399999618530273,12000.0,160000.0,0.48363634943962097,13.333333015441895,0.8225806355476379,0.8618784546852112,0.4166666567325592,0.2735042870044708,0.25641027092933655,46.7,30
-0.05328339219644493,-0.03022356314948116,-0.13747583445152625,-0.012273076886462347,-0.3565781556505588,-0.05175332536511888,-6.760926596598835,0.1687984687085349,-0.2068133896096782,0.17053715752086693,0.0014578565053198315,0.0,-0.13448565971729567,0.08399079812257258,-0.06962574606984145,-0.0914472727684504,-0.0019625413135966577,0.05291499731862214,-0.2086229364061633,-0.22643622281965758,0.30178101186190137,0.026990656498848672,-0.24698546111560493,-0.07823366339974887,-0.011032357464266106,-0.18071644523082833,0.038285674230907146,-0.19676052907932198,-0.8512426878774897,0.5184585492732707,30.0,60.0,40.0,385.0,0.4099999964237213,0.7200000286102295,31.600000381469727,157.0,157.85000610351562,280.0722351074219,1.5,1.0,0.007199999876320362,1.8701298236846924,0.1680999994277954,2.4390244483947754,5.953243255615234,157.85000610351562,1.9390244483947754,900.0,12.300000190734863,11550.0,148225.0,0.6150000095367432,12.833333015441895,0.7846153974533081,0.8407643437385559,0.4166666567325592,0.2735042870044708,0.25641027092933655,41.5,30
-0.14138456528838608,-0.052414962752475557,-0.009475407849977968,0.12295375446645675,0.059128013824011685,-0.03574829285425076,2.323610306821532,-0.5444407932072556,0.29954063756011406,-0.14152908512749973,-0.03689251090392222,0.0,-0.10032169894126514,-0.0053810662110634335,0.19605415592291617,0.1034911380972678,0.04873095168846743,0.14753101557885273,0.155090429319703,-0.32959440190160805,-0.15988136312458956,0.003939497038671835,0.504978005007495,0.03867675587964621,-0.18848883411622566,-0.0019919861318487197,-0.15610839441881058,-0.28248445282892404,-1.037234688425525,1.0419037724919378,30.0,58.0,42.0,400.0,0.36000001430511475,0.8899999856948853,41.5,216.0,144.0,270.984130859375,1.3809523582458496,1.0,0.008899999782443047,2.2249999046325684,0.12960000336170197,2.777777671813965,5.991464614868164,144.0,2.277777671813965,900.0,10.800000190734863,12000.0,160000.0,0.49714285135269165,13.333333015441895,0.8500000238418579,0.8703703880310059,0.46666666865348816,0.2735042870044708,0.25641027092933655,53.8,30
-0.05711657945332191,-0.053509382168209704,-0.10631268855150107,-0.027169831420258018,0.1833290966045272,0.06903075789063871,-3.8848847121067873,0.04037890341976099,-0.08215568411211192,-0.07314207673910478,-0.030409646219883367,0.0,0.08841367230018857,0.11409899005159878,0.1615067335621468,0.035314632629050505,-0.013218191435882551,-0.121697343974341,-0.027794036666979174,-0.20009497366377466,-0.17519860386361696,0.03649571342707666,-0.26547145981879566,0.17541125979710284,0.08691134277485246,-0.18203351535126674,0.096213004332153,-0.15329888670405833,-0.6987777167515892,0.8090737959217684,30.0,57.0,43.0,390.0,0.38999998569488525,0.7799999713897705,34.400001525878906,174.0,152.10000610351562,275.9095153808594,1.325581431388855,1.0,0.007799999788403511,2.0,0.15209999680519104,2.5641026496887207,5.966146945953369,152.10000610351562,2.0641026496887207,900.0,11.699999809265137,11700.0,152100.0,0.5169767737388611,13.0,0.8095238208770752,0.8563218116760254,0.4166666567325592,0.2735042870044708,0.25641027092933655,45.2,30
-0.15436820866587805,0.2829467187480858,0.6483873307861607,0.1885141865439679,0.17341878668442545,0.018186847937210673,-1.128813429603455,0.11742803474384728,0.2571431500501414,-0.034841782613803704,0.4695880762603826,0.0,-0.08401210225771423,0.0994440734172417,0.1820325252364394,0.11405184580915241,0.0554203103898282,0.1263851859673377,-0.046373389416361245,-0.27211153393032134,-0.2533987789181691,-0.003752189560847823,0.5281252769569686,0.13944735516394685,-0.22982197527771234,0.1246052248511583,-0.06911730806538387,-0.15283762088093833,-1.0519653643963036,0.877248036276347,30.0,62.0,38.0,400.0,0.3700000047683716,0.8500000238418579,38.79999923706055,193.0,148.0,274.984130859375,1.6315789222717285,1.0,0.008500000461935997,2.125,0.13689999282360077,2.702702760696411,5.991464614868164,148.0,2.202702760696411,900.0,11.100000381469727,12000.0,160000.0,0.6036841869354248,13.333333015441895,0.8360655903816223,0.8601036071777344,0.44999998807907104,0.2735042870044708,0.25641027092933655,50.5,30
-0.06067615866641718,-0.048971138167474886,0.05334326861848142,0.3510163872250234,-0.1912380696591833,-0.06508565292820553,4.1201849816944485,-0.28911530519990253,0.035963920693410055,-0.21899128888271696,0.08066190800604442,0.0,-0.10746669885486065,-0.11788774569470545,0.18719283811222545,0.06776895766245596,-0.20645502722342565,0.2482017723731454,0.33463745990294896,-0.01022145886604645,0.23523557955432953,0.10080556893005461,-0.2513487296693211,0.08651399876183032,0.25807450931953135,0.18851682688009025,-0.19752132065711941,-0.1787784212205391,-0.009009997039925551,0.5617601733700021,35.0,58.0,42.0,400.0,0.3700000047683716,0.8999999761581421,45.2599983215332,200.0,148.0,274.984130859375,1.3809523582458496,1.0,0.008999999612569809,2.25,0.13689999282360077,2.702702760696411,5.991464614868164,148.0,2.202702760696411,1225.0,12.949999809265137,14000.0,160000.0,0.510952353477478,11.428571701049805,0.8360655903816223,0.925000011920929,0.25,0.1666666716337204,0.35596707463264465,61.1,35
-0.25716875477345175,0.0473173299305783,0.11225705978012403,0.2656549677667236,0.012864041377360224,-0.04039189065614034,7.16895862595882,-0.43447914713887287,-0.003421709536154216,0.2143519978123827,0.1017319257591223,0.0,-0.12737191189232405,0.19060170521172465,0.04960223400244886,-0.27432797286850086,-0.11873697055199502,-0.11190472212870922,0.2415942286775912,-0.3693632281636475,0.3077277938007824,0.41385644835438945,0.09716414377443473,0.18225848640565318,0.39221361082676975,0.11041332736105902,-0.11075959076680221,-0.2203657353190189,-0.07145750912389025,0.4354550107658543,35.0,58.0,42.0,430.0,0.3799999952316284,0.699999988079071,52.400001525878906,200.0,163.39999389648438,299.9079284667969,1.3809523582458496,1.0,0.007000000216066837,1.6279069185256958,0.1444000005722046,2.6315789222717285,6.063785076141357,163.39999389648438,2.1315789222717285,1225.0,13.300000190734863,15050.0,184900.0,0.5247619152069092,12.285714149475098,0.8225806355476379,0.925000011920929,0.25,0.1666666716337204,0.35596707463264465,65.5,35
-0.1595281090503357,-0.028832225728972503,0.07480509409032987,0.3230586114103613,-0.16360733693222715,-0.031237630643688438,5.415779579166243,-0.5328124767393917,-0.05757104534021753,0.388145351616726,0.08845532620897205,0.0,-0.06613930570446663,0.12548376331011707,-0.3380885421755323,-0.6904294359667034,-0.1230541640061808,-0.320057751001011,-0.20646603647903422,-0.21092327843355116,0.2282690046588461,0.09612832241869511,-0.1646675063108919,-0.005247107646619423,0.32560714449567385,0.007114890419817424,-0.08385459243519065,-0.11876736289013597,-0.39648845433573127,0.5846081888031932,35.0,58.0,42.0,400.0,0.4000000059604645,0.800000011920929,47.599998474121094,195.0,160.0,286.984130859375,1.3809523582458496,1.0,0.00800000037997961,2.0,0.1599999964237213,2.5,5.991464614868164,160.0,2.0,1225.0,14.0,14000.0,160000.0,0.5523809790611267,11.428571701049805,0.796875,0.9487179517745972,0.1666666716337204,0.3230452537536621,0.35596707463264465,53.2,35
-0.13312045291399588,0.041904403278194016,0.08301422593462184,0.4246803593915358,-0.17379762751661135,0.041605302438024905,8.056123622225215,0.20736569369134336,-0.059799270469710245,0.07282647565309984,0.14782244603738914,0.0,-0.013085094377772659,-0.01302114823353643,-0.30175137418139064,-0.19514672693756818,-0.09725491878336176,-0.1852609414829372,-0.1131573173428231,-0.1869283768585827,0.12186858133722074,0.10553521719117014,-0.18792651014332337,0.18855500205604733,0.3730576907919242,0.059141736233905944,-0.2537164806226895,-0.07183155257552792,-0.28959506156764736,-0.33432705599278845,35.0,58.0,42.0,400.0,0.38999998569488525,0.8999999761581421,50.400001525878906,180.0,156.0,282.984130859375,1.3809523582458496,1.0,0.008999999612569809,2.25,0.15209999680519104,2.5641026496887207,5.991464614868164,156.0,2.0641026496887207,1225.0,13.649999618530273,14000.0,160000.0,0.5385714173316956,11.428571701049805,0.8095238208770752,0.9166666865348816,0.25,0.3230452537536621,0.15226337313652039,52.7,35
-0.08436417483184125,0.029906651444717523,0.10147666917425495,0.41956447286365633,-0.17190453952264895,0.14401834967100194,2.2659207823511003,0.00555560745871718,0.08527383934759417,-0.20414265198712897,0.08815474668478333,0.0,0.32586215603613955,0.00922077778727708,0.20136519455223062,0.275903404970039,-0.12971984303339154,0.2676315176986297,0.3398976932220451,-0.004698062676528004,0.29520046792301924,0.3338844653154205,-0.2789109700548594,0.28401067685647585,0.32977548826933956,0.2743785294892393,0.36399879738510593,1.1821429975556306,0.2306425509185005,-0.26751078361187736,35.0,58.0,42.0,400.0,0.3700000047683716,1.0,41.099998474121094,210.0,148.0,274.984130859375,1.3809523582458496,1.0,0.009999999776482582,2.5,0.13689999282360077,2.702702760696411,5.991464614868164,148.0,2.202702760696411,1225.0,12.949999809265137,14000.0,160000.0,0.510952353477478,11.428571701049805,0.8360655903816223,0.5714285969734192,1.5,0.22633744776248932,0.06995885074138641,48.6,35
0.017088580831339024,-0.07974430244701232,-0.010316322792136439,0.5551883090244792,0.3808145695921677,0.1579116683844259,-5.589799742116256,-0.42237064382944084,0.22952257822810565,-0.08345693751167535,-0.022956056848785125,0.0,0.15277731968887848,-0.12066325579321088,0.40522379754151405,0.33860451645145484,-0.10881025825990064,0.2880003212732448,0.35385153550282933,-0.08977851888424913,-0.037713559985752126,0.3065787078190829,0.19490007606219628,0.20435107513087622,0.2917609116675701,0.21370658179347313,-0.30903816793469624,-0.07959954172176732,-0.12692591424501096,-0.4033243490954567,35.0,58.0,42.0,400.0,0.36000001430511475,1.0,32.5,200.0,144.0,270.984130859375,1.3809523582458496,1.0,0.009999999776482582,2.5,0.12960000336170197,2.777777671813965,5.991464614868164,144.0,2.277777671813965,1225.0,12.600000381469727,14000.0,160000.0,0.49714285135269165,11.428571701049805,0.8500000238418579,0.8999999761581421,0.3333333432674408,0.3230452537536621,0.15226337313652039,48.2,35
-0.15168690534324794,-0.0932172045749116,0.011531259230107272,0.40924626236154854,-0.19897071684214435,0.06778077972846464,0.5626949475512149,-0.012063096909062277,0.04294386220268639,-0.12870179860138636,0.010439869975228167,0.0,-0.02519985705827658,0.21797519308814367,0.17142595204168537,0.18860244676840288,-0.22515814768824702,0.27377647220843654,0.2750531605127959,0.05636679105696438,0.3067131551991716,0.250639563299895,-0.22489031146898106,0.22942267571428457,0.28767754215660507,0.14824018232720906,-0.15060520371189468,-0.11003783323418512,-0.47879664385174603,-0.4668346041382796,35.0,58.0,42.0,400.0,0.3700000047683716,0.800000011920929,39.79999923706055,180.0,148.0,274.984130859375,1.3809523582458496,1.0,0.00800000037997961,2.0,0.13689999282360077,2.702702760696411,5.991464614868164,148.0,2.202702760696411,1225.0,12.949999809265137,14000.0,160000.0,0.510952353477478,11.428571701049805,0.8360655903816223,0.8611111044883728,0.4166666567325592,0.3230452537536621,0.15226337313652039,49.8,35
-0.038562231672298185,-0.0291240269096049,0.010573208954448387,0.5620946739386847,0.07004528254945641,-0.030465742938619034,-0.22855075047766513,-0.056715692242754315,0.17459460596566992,-0.13480311042915852,0.0166373227559407,0.0,-0.07618769093840716,-0.05515342935422212,0.23190934338656483,0.27102022994611685,-0.15038695724351797,0.4153876936198699,0.3801233529243968,0.06659385664680711,0.29031479292835843,0.32443215689448063,-0.19430544985193632,0.3162730186979044,0.31829289972786456,0.23773835260853765,0.2300882306366333,0.9631462638377316,-0.6439294477760737,-0.2710766565165067,35.0,58.0,42.0,400.0,0.3700000047683716,0.8999999761581421,38.79999923706055,190.0,148.0,274.984130859375,1.3809523582458496,1.0,0.008999999612569809,2.25,0.13689999282360077,2.702702760696411,5.991464614868164,148.0,2.202702760696411,1225.0,12.949999809265137,14000.0,160000.0,0.510952353477478,11.428571701049805,0.8360655903816223,0.5789473652839661,1.3333333730697632,0.3230452537536621,0.06995885074138641,49.4,35
-0.1555421879626295,-0.0800817172566308,0.000937624531346788,0.2692397645993026,-0.01226154416206583,-0.06626074218802172,0.4161080056400477,0.20154157636676454,-0.21090240296198035,0.3270259477184659,0.026250442530121033,0.0,-0.07670077765478325,0.21486699084821503,0.34867027687885943,0.23508209134061128,-0.2653721405554286,-0.29893989758651524,0.3573162678122164,0.06112832665290122,0.3258891971113455,0.36692904072969174,0.23856507673920715,0.23021349864795576,0.3493426946882205,0.12489144442334106,-0.17735845707584247,-0.1001320263360027,-0.2685335908856956,-0.20435514318721854,35.0,58.0,42.0,420.0,0.3700000047683716,0.8999999761581421,40.0,170.0,155.39999389648438,288.73333740234375,1.3809523582458496,1.0,0.008999999612569809,2.142857074737549,0.13689999282360077,2.702702760696411,6.040254592895508,155.39999389648438,2.202702760696411,1225.0,12.949999809265137,14700.0,176400.0,0.510952353477478,12.0,0.8360655903816223,0.9117646813392639,0.25,0.3230452537536621,0.15226337313652039,49.4,35
-0.2670101698492448,-0.0627882202428044,0.05552539990178374,0.29409149832010867,-0.005808665588879069,-0.0030059105556874376,4.328188961859379,0.14683726882956652,0.0017809960578517047,0.24058642215664672,0.10801172818628452,0.0,-0.0001781398778532068,0.09548363429522706,0.26592672683104857,0.0726155514279449,-0.20559185423397566,0.017698843729127486,0.3030301772052972,-0.02944779403641096,0.35810173056500744,0.3971923893078547,0.211305689096386,0.16796273660112984,0.4100490622040287,0.07357338477131274,-0.01332757996253532,-0.12215020933155064,-0.06716025123594359,-0.18595491432459954,35.0,58.0,42.0,430.0,0.3700000047683716,0.8999999761581421,45.900001525878906,180.0,159.10000610351562,295.6079406738281,1.3809523582458496,1.0,0.008999999612569809,2.0930233001708984,0.13689999282360077,2.702702760696411,6.063785076141357,159.10000610351562,2.202702760696411,1225.0,12.949999809265137,15050.0,184900.0,0.510952353477478,12.285714149475098,0.8360655903816223,0.8611111044883728,0.4166666567325592,0.1666666716337204,0.06995885074138641,54.6,35
-0.10568182564638415,-0.03964392148722925,0.043219479426509444,0.22864026121631184,0.20937741885153177,0.18481864356722974,2.9456325415942204,-0.5001268096079625,-0.0922763725918511,0.32754502113622136,0.1358705947090144,0.0,0.2656147394736689,-0.08542989553048762,0.5015838290540681,0.07531993596973224,-0.21719521626398766,-0.19865073150761092,0.27992613741342337,0.16115791755200076,-0.10095080016580275,0.33733447385949183,0.8300552106214985,0.09544853962390053,0.3956868714772281,0.13085257385744412,-0.107109806330966,-0.034674820735927495,-0.04477864568116198,-0.22365501448834954,35.0,58.0,42.0,440.0,0.36000001430511475,1.0,44.0,200.0,158.39999389648438,298.0825500488281,1.3809523582458496,1.0,0.009999999776482582,2.2727272510528564,0.12960000336170197,2.777777671813965,6.086774826049805,158.39999389648438,2.277777671813965,1225.0,12.600000381469727,15400.0,193600.0,0.49714285135269165,12.571428298950195,0.8500000238418579,0.925000011920929,0.25,0.1666666716337204,0.06995885074138641,53.1,35
-0.15308756737430723,-0.06228653011537164,0.03502425753176569,0.24146997009425739,-0.4132012587028993,-0.017570092363546858,1.7084479086449937,-0.4310044596467228,-0.32003572684186055,0.562645539463294,0.07227904677255814,0.0,-0.023527558425086924,0.1808567469654639,-0.7690564517970766,-0.571319574667832,-0.0822324202303536,-0.3113773762529364,-0.2663862943636538,-0.1777682810001695,0.8842539166232017,0.3671046532859786,0.4095117417745592,0.0646940275604061,0.4279531127471308,0.051797178955111274,0.265125191622496,0.2983402404725594,0.05267573398727867,-0.13777109245652025,35.0,58.0,42.0,440.0,0.4099999964237213,0.8999999761581421,41.0,200.0,180.39999389648438,320.0825500488281,1.3809523582458496,1.0,0.008999999612569809,2.045454502105713,0.1680999994277954,2.4390244483947754,6.086774826049805,180.39999389648438,1.9390244483947754,1225.0,14.350000381469727,15400.0,193600.0,0.5661904811859131,12.571428298950195,0.7846153974533081,1.0499999523162842,-0.1666666716337204,0.1666666716337204,0.15226337313652039,49.69,35
-0.21863414114218865,-0.09874965099675184,-0.00244729251409605,0.32824024670883833,0.11621580974982958,-0.032415531722819975,-0.9981042110454766,-0.5329798348160453,-0.13225520523501036,0.06276995075468154,0.04572205709522489,0.0,-0.03510940530096785,0.15048961711073242,0.3624626914045691,0.13671242685046903,-0.07050091975929364,-0.3165406736904033,0.29250011634228756,0.018916916843502694,0.4719230622153013,0.3556196255215985,0.5153540528957913,0.14932606165395804,0.25400152268612214,0.12033203601210263,0.06910200618724528,0.019752781884278845,-0.015212755318172311,-0.05354962245596746,35.0,58.0,42.0,440.0,0.3700000047683716,0.8999999761581421,38.20000076293945,200.0,162.8000030517578,302.4825439453125,1.3809523582458496,1.0,0.008999999612569809,2.045454502105713,0.13689999282360077,2.702702760696411,6.086774826049805,162.8000030517578,2.202702760696411,1225.0,12.949999809265137,15400.0,193600.0,0.510952353477478,12.571428298950195,0.8360655903816223,0.9750000238418579,0.0833333358168602,0.1666666716337204,0.06995885074138641,48.5,35
-0.16192794860795912,-0.036098984323864616,0.018638516243311386,0.2945254963693071,-0.0022526005484196634,-0.025595635635412544,0.31251429924755064,-0.1934604908324486,-0.503097179944144,0.49526880345380864,0.037308442542652615,0.0,-0.048398957912252974,0.1549224329237192,0.0831560573512521,-0.10854326838704614,-0.09967574013336329,-0.4786349153182843,0.25106141894792006,-0.0298396451700904,0.35422906355098943,0.36539625497802114,0.5551326058415268,0.1528034984950763,0.28984777111079535,0.07833066554556226,-0.17594582079318913,-0.15792422526043545,-0.13917775535350338,0.5510930091033187,35.0,58.0,42.0,440.0,0.3799999952316284,0.8999999761581421,39.900001525878906,200.0,167.1999969482422,306.8825378417969,1.3809523582458496,1.0,0.008999999612569809,2.045454502105713,0.1444000005722046,2.6315789222717285,6.086774826049805,167.1999969482422,2.1315789222717285,1225.0,13.300000190734863,15400.0,193600.0,0.5247619152069092,12.571428298950195,0.8225806355476379,0.8500000238418579,0.5,0.1666666716337204,0.35596707463264465,51.4,35
-0.03119852311941464,-0.07154617375391276,0.0285733579214326,0.24042226216558116,0.06671699970875784,0.20851782491383763,2.0060957358300358,-0.2679332984476801,-0.24097549942732277,0.3237266837224783,0.08967980653033061,0.0,0.21111570783252886,-0.07508681417857213,0.07521123743927235,-0.21257635575663525,-0.24424090003534074,-0.34721960424814896,0.3467885518505726,-0.09126958929686185,0.516710147148572,0.35863410026248344,0.06640944130244679,0.11360079973584196,0.3225453118922278,0.12562182459570295,-0.19317586271735734,-0.000630767741241928,-0.08801744318982237,0.29990952624246514,35.0,58.0,42.0,430.0,0.3799999952316284,1.0,41.400001525878906,200.0,163.39999389648438,299.9079284667969,1.3809523582458496,1.0,0.009999999776482582,2.3255813121795654,0.1444000005722046,2.6315789222717285,6.063785076141357,163.39999389648438,2.1315789222717285,1225.0,13.300000190734863,15050.0,184900.0,0.5247619152069092,12.285714149475098,0.8225806355476379,1.0,0.0,0.1666666716337204,0.35596707463264465,54.6,35
-0.1248435034828923,0.02282124372376697,0.12138841055549368,0.3397264028226512,-0.15656720317091735,-0.025080635726179534,1.4804097651890165,0.18564650884727366,-0.41565714538905396,0.3509690888194429,0.07756514745445538,0.0,-0.04052606884945825,0.1452353747414684,-0.5219860736287618,-0.4028040166459552,-0.2516391696289529,-0.3988009043362395,-0.19587784013372017,-0.047286824886567685,0.1793851477620993,0.37661380567532265,0.17721190585718363,0.1454030526543136,0.46298009097311055,0.1293981834234806,0.8615437918845761,-0.1553275226778851,0.16589571522814892,0.5994604552958873,35.0,58.0,42.0,430.0,0.4000000059604645,0.8999999761581421,40.900001525878906,190.0,172.0,308.5079345703125,1.3809523582458496,1.0,0.008999999612569809,2.0930233001708984,0.1599999964237213,2.5,6.063785076141357,172.0,2.0,1225.0,14.0,15050.0,184900.0,0.5523809790611267,12.285714149475098,0.796875,0.7368420958518982,0.8333333134651184,0.1666666716337204,0.35596707463264465,52.0,35
-0.191759031144647,-0.08727384971597626,0.05789463943986373,0.308854648311912,-0.1808171280196761,0.019308044750586166,2.9311943692949014,-0.042714517805303054,-0.3108072090310949,0.31026325452173076,0.09307581718697133,0.0,0.006768245843580025,0.1321583663942981,-0.6786916891605886,-0.3072614634404441,-0.2637740017268449,-0.3090316401815625,-0.1456063200289529,-0.17059870630984342,0.21440112606346692,0.2868309664008037,0.10983272160160318,0.2158597528443544,0.36243357020282374,0.03892368459007082,-0.011551081473046522,-0.03613811119774893,-0.06935192168544284,-0.31221969469769495,35.0,58.0,42.0,430.0,0.38999998569488525,0.8999999761581421,43.79999923706055,180.0,167.6999969482422,304.20794677734375,1.3809523582458496,1.0,0.008999999612569809,2.0930233001708984,0.15209999680519104,2.5641026496887207,6.063785076141357,167.6999969482422,2.0641026496887207,1225.0,13.649999618530273,15050.0,184900.0,0.5385714173316956,12.285714149475098,0.8095238208770752,1.0,0.0,0.1666666716337204,0.15226337313652039,54.3,35
-0.08882142749791365,-0.13069676518882298,-0.00633636062386857,0.4049527781993278,0.11763063925778681,0.20326220547875443,-1.6829263669661858,-0.19125665878470002,-0.22656352121922413,0.11827365198557839,-0.023495039111674162,0.0,0.23661511320603834,-0.09497470126170486,0.29055982900523764,0.16428986229051484,-0.08589901486137197,-0.29173573710019646,0.28446559025049173,0.04344567648337594,0.4797572206549653,0.4331312644481298,0.5271401097527396,0.029034431716796073,0.35834544913692945,0.13285736130723114,-0.05595373641353981,0.21943806286416034,-0.3609634596157779,-0.0751016923396207,35.0,60.0,40.0,440.0,0.3700000047683716,1.0,37.70000076293945,190.0,162.8000030517578,302.4825439453125,1.5,1.0,0.009999999776482582,2.2727272510528564,0.13689999282360077,2.702702760696411,6.086774826049805,162.8000030517578,2.202702760696411,1225.0,12.949999809265137,15400.0,193600.0,0.5550000071525574,12.571428298950195,0.8360655903816223,1.0263158082962036,-0.0833333358168602,0.3230452537536621,0.15226337313652039,49.7,35
-0.17585283517850625,-0.07585432722157946,0.019513770139137538,0.37136269530023547,0.17450261642543563,0.00863989141926467,-1.440821726358003,-0.19683323178738765,-0.11715468100801432,0.01236419394311494,-0.001427904669338178,0.0,-0.02174324928073073,0.16764420518535356,0.0022875494291761276,-0.12453105786986393,-0.1431498347679588,-0.30817050864328716,0.33903119953666827,-0.15382321523786027,0.5362886664338116,0.4035189677973554,0.09258416275709459,0.03544527672111582,0.37200185379170775,0.09147951615411827,0.26868440591550175,0.38625330057433943,-0.2975219913726162,-0.11388505328295706,35.0,60.0,40.0,430.0,0.3799999952316284,0.8999999761581421,37.79999923706055,190.0,163.39999389648438,299.9079284667969,1.5,1.0,0.008999999612569809,2.0930233001708984,0.1444000005722046,2.6315789222717285,6.063785076141357,163.39999389648438,2.1315789222717285,1225.0,13.300000190734863,15050.0,184900.0,0.5699999928474426,12.285714149475098,0.8225806355476379,1.0526316165924072,-0.1666666716337204,0.3230452537536621,0.15226337313652039,48.3,35
-0.17601121807790848,-0.06730223035740289,0.0004960688821944582,0.3615191560874766,0.11433573328914787,0.0068306422929728305,-1.018439051132071,0.08287668826781625,-0.06334914168227525,0.060145614357668666,0.0024252928337384822,0.0,-0.025666413585830373,0.1200940583592376,0.28853995435091245,0.2108011409361597,-0.19554236084971113,-0.3857291729067948,0.3441738909646868,-0.08169409555426688,0.5434734622606913,0.3318947984943066,0.15096198236609074,-0.02739230856422729,0.3896650893593524,0.12509408374084394,0.2397891661304806,0.1357419354842625,-0.239895018251079,-0.13724751573730343,35.0,60.0,40.0,430.0,0.3700000047683716,0.8999999761581421,38.400001525878906,160.0,159.10000610351562,295.6079406738281,1.5,1.0,0.008999999612569809,2.0930233001708984,0.13689999282360077,2.702702760696411,6.063785076141357,159.10000610351562,2.202702760696411,1225.0,12.949999809265137,15050.0,184900.0,0.5550000071525574,12.285714149475098,0.8360655903816223,1.125,-0.3333333432674408,0.3230452537536621,0.15226337313652039,47.8,35
-0.20143643053615923,-0.08114007049697755,0.007765936556493774,0.379395188646342,-0.07281681742780875,0.033941321583479615,-2.4081286951843595,0.23906360017646533,-0.29273511090442633,0.2153604305922539,0.0015239227655747221,0.0,-0.05348658956996097,0.17634135685737845,-0.623251139879029,-0.1888708275485149,-0.16821159173675967,-0.6175933757453425,-0.16460950311203815,-0.1406777691092591,0.26261058430736517,0.3354655097919203,0.3396967990027026,0.15579086492062688,0.31001678445093916,0.02672627963320011,0.28588978756283256,0.12630618359926618,-0.08048617344252056,0.21665993201625933,35.0,60.0,40.0,430.0,0.38999998569488525,0.800000011920929,37.20000076293945,160.0,167.6999969482422,304.20794677734375,1.5,1.0,0.00800000037997961,1.860465168952942,0.15209999680519104,2.5641026496887207,6.063785076141357,167.6999969482422,2.0641026496887207,1225.0,13.649999618530273,15050.0,184900.0,0.5849999785423279,12.285714149475098,0.8095238208770752,1.0,0.0,0.1666666716337204,0.0658436194062233,44.4,35
-0.12152865254210463,-0.12894200276444798,-0.002483759039402169,0.30566472336166334,-0.19353990888098252,-0.10384070647548777,0.8354908860110537,0.08382000013483265,-0.30970396642776116,0.41219680116438623,0.041955679814934366,0.0,-0.06307716407497463,0.13567740064640285,-0.7271353619837192,-0.4691929228290695,-0.2345822363736656,-0.5194364743262151,-0.22521610722413926,-0.1507100242211411,0.317639330387134,0.3172555447693763,0.1968669668774161,0.022889444241494028,0.4391384675528456,0.0758758214906123,-0.18982159681753386,0.029529638056116626,-0.11307109007467923,-0.07305955079670128,35.0,60.0,40.0,430.0,0.4000000059604645,0.800000011920929,41.29999923706055,170.0,172.0,308.5079345703125,1.5,1.0,0.00800000037997961,1.860465168952942,0.1599999964237213,2.5,6.063785076141357,172.0,2.0,1225.0,14.0,15050.0,184900.0,0.6000000238418579,12.285714149475098,0.796875,1.029411792755127,-0.0833333358168602,0.1666666716337204,0.15226337313652039,47.8,35
-0.19407790604056982,-0.06433138292213612,0.03541271956172458,0.36837733370435605,0.3109231434069203,-0.03112945097848275,-2.5370702340966056,0.19336456312743547,-0.06248593433693627,0.00863979828686379,-0.0013894436006039528,0.0,-0.010460170863408296,0.12268260807290603,0.5168757640788306,0.20161879462450016,-0.10430854186595971,-0.39204658615953386,0.2575609443582195,-0.06228578649466894,-0.10588859563767017,0.3318947984943066,0.6857116335756175,0.14701850561457758,0.3825161729404011,0.12445162257478952,0.30514919940275775,0.028361392190753152,-0.1769205998988661,-0.1339579684649552,35.0,60.0,40.0,440.0,0.36000001430511475,0.8999999761581421,37.099998474121094,160.0,158.39999389648438,298.0825500488281,1.5,1.0,0.008999999612569809,2.045454502105713,0.12960000336170197,2.777777671813965,6.086774826049805,158.39999389648438,2.277777671813965,1225.0,12.600000381469727,15400.0,193600.0,0.5400000214576721,12.571428298950195,0.8500000238418579,1.125,-0.3333333432674408,0.3230452537536621,0.15226337313652039,47.4,35
-0.5422765106117622,-0.11728811329287855,0.03282825085082615,0.3052802402754677,0.11500472254689847,-0.151527843536324,6.846864105128846,0.2420543890800789,0.21270863836679146,-0.0621173613068702,0.023743290270506142,0.0,-0.05523304078756616,0.1590066316769136,1.1362936865903857,0.4257829775509049,-0.06942753251921861,0.3009365746572587,0.8778539609608088,-0.21758974998798578,-0.004766897396258685,0.3003999567715788,0.8171074242143385,0.17308268711508995,0.5345553767366295,0.21500573769926049,0.07637563633135114,-0.11444082464310745,-0.171088176642,0.37039256791496056,35.0,60.0,40.0,440.0,0.3199999928474426,0.699999988079071,54.400001525878906,170.0,140.8000030517578,280.4825439453125,1.5,1.0,0.007000000216066837,1.5909091234207153,0.10239999741315842,3.125,6.086774826049805,140.8000030517578,2.625,1225.0,11.199999809265137,15400.0,193600.0,0.47999998927116394,12.571428298950195,0.9107142686843872,0.8823529481887817,0.3333333432674408,0.1666666716337204,0.35596707463264465,60.2,35
-0.23263094137061005,-0.0792753260538717,-0.0010970693497391413,0.3554769550897256,0.30365306186307767,-0.002649226924473429,-1.7923166550243945,0.05350481926903643,-0.06550372197102095,0.05284339610200563,-0.023768895945283773,0.0,-0.04332724345950412,0.15501147295244047,0.5650884536367561,0.19760376039867408,-0.09275180225092652,-0.26032341788789637,0.18284987855996926,0.15307047348391425,-0.05859954487511437,0.2627238977978199,0.704400433317264,0.10218435661672061,0.3226850216197661,0.10556527283555756,-0.5011953784950313,-0.1259664454653385,-0.1471851254320514,-0.1773764165700122,35.0,60.0,40.0,440.0,0.36000001430511475,0.8999999761581421,37.79999923706055,180.0,158.39999389648438,298.0825500488281,1.5,1.0,0.008999999612569809,2.045454502105713,0.12960000336170197,2.777777671813965,6.086774826049805,158.39999389648438,2.277777671813965,1225.0,12.600000381469727,15400.0,193600.0,0.5400000214576721,12.571428298950195,0.8500000238418579,0.8333333134651184,0.5,0.1666666716337204,0.06995885074138641,48.3,35
-0.6430770146681298,-0.08772766647618796,0.0206946437773426,0.3029094213554218,0.10002396810510183,-0.11623054309147889,7.729232614518657,0.26165969046347193,0.17693130486451852,-0.04829362491300536,0.006063569465698572,0.0,0.05225634806782848,0.21767674749141475,1.176178739032544,0.4382000911089649,-0.08333989890432135,0.23778519798606879,0.8591792141953329,-0.21994434216480957,0.010729626177580536,0.30137200824717475,0.7970766443498734,0.138588260576449,0.6041455875844864,0.3332337209340011,-0.06265122399123359,-0.0009045727633585826,0.007516503661571298,-0.11501473321358335,35.0,60.0,40.0,440.0,0.3199999928474426,0.800000011920929,55.900001525878906,180.0,140.8000030517578,280.4825439453125,1.5,1.0,0.00800000037997961,1.8181818723678589,0.10239999741315842,3.125,6.086774826049805,140.8000030517578,2.625,1225.0,11.199999809265137,15400.0,193600.0,0.47999998927116394,12.571428298950195,0.9107142686843872,0.9166666865348816,0.25,0.1666666716337204,0.0658436194062233,63.7,35
-0.6430770146681298,-0.09692669091145834,0.03513222830206364,0.3066976631886524,0.09319053254101231,-0.10376238074663656,7.853478109867678,0.22493654327140938,0.2378333025715993,-0.034688160899781655,0.007774957693709328,0.0,0.05443470680180672,0.18678716406424464,1.120920481221966,0.4448979524430436,-0.08679304883685368,0.2836444379210076,0.865855489747851,-0.30795616830783634,-0.05449882828327811,0.3439982570138046,0.695037176225385,0.15306188110181604,0.6254948167877957,0.3363953484843168,0.1508570461163702,-0.056961641416208054,-0.08242944918155425,-0.46756877384014794,35.0,60.0,40.0,440.0,0.3199999928474426,0.800000011920929,57.29999923706055,170.0,140.8000030517578,280.4825439453125,1.5,1.0,0.00800000037997961,1.8181818723678589,0.10239999741315842,3.125,6.086774826049805,140.8000030517578,2.625,1225.0,11.199999809265137,15400.0,193600.0,0.47999998927116394,12.571428298950195,0.9107142686843872,1.0,0.0,0.1666666716337204,0.15226337313652039,65.8,35
-0.4933521770151486,-0.134271651494163,-0.002140586278357718,0.35108330706977636,0.1618674104297743,-0.02367889262472091,6.204923902732319,0.3504561077249673,-0.0695383245408334,-0.0924617799438779,-0.0064618770006110125,0.0,-0.09486419262773581,0.060433367877609924,1.1003999752296212,0.41373977249367905,-0.2039589973486015,0.24507400188309028,0.7072122850277998,-0.16318015391525792,-0.13801737830743027,0.33123023221990466,0.3176327025143635,-0.019137371536921004,0.48213690396415687,0.2266969116255994,0.17378785567006197,-0.19824550397206928,-0.15194262375029635,-0.39322319341659356,35.0,60.0,40.0,430.0,0.3400000035762787,0.8999999761581421,53.79999923706055,150.0,146.1999969482422,282.70794677734375,1.5,1.0,0.008999999612569809,2.0930233001708984,0.11559999734163284,2.941176414489746,6.063785076141357,146.1999969482422,2.441176414489746,1225.0,11.899999618530273,15050.0,184900.0,0.5099999904632568,12.285714149475098,0.8793103694915771,1.1666666269302368,-0.4166666567325592,0.1666666716337204,0.15226337313652039,58.1,35
-0.03502544320046746,-0.1927075743882387,-0.017168527751226903,0.2662286123514091,0.20848978694638237,0.025462672433050032,2.3385001000618644,0.12375460289163016,0.28512862028005015,-0.04191439911368585,0.0098650548460806,0.0,0.16647329463023014,-0.0857334614921327,1.2688472260947263,0.4705867902751,-0.34561516744169035,0.26995180874178726,0.7849184042803417,-0.05031377656172999,-0.01281383817759253,0.2793859685484978,0.48496869914142465,0.03372065577051116,0.40867508012685255,0.23624107414258727,-0.055801598135080545,-0.045317011741500296,-0.13224518657283096,-0.1132861658367318,35.0,60.0,40.0,430.0,0.33000001311302185,1.0,43.5,180.0,141.89999389648438,278.4079284667969,1.5,1.0,0.009999999776482582,2.3255813121795654,0.10890000313520432,3.0303030014038086,6.063785076141357,141.89999389648438,2.5303030014038086,1225.0,11.550000190734863,15050.0,184900.0,0.4950000047683716,12.285714149475098,0.8947368264198303,0.9444444179534912,0.1666666716337204,0.1666666716337204,0.06995885074138641,53.9,35
-0.0917920099345812,-0.09826181451224614,0.06428769717306553,0.32929111470695527,0.2650949207891007,-0.00556071115765789,-3.941167109990172,0.23137070698679993,0.3176445812482483,-0.10864551511909407,0.021037525340845357,0.0,-0.06347101514727867,-0.2818710155384419,1.1798235630739415,0.6340557086559302,-0.1957718880842675,0.3505806868270323,0.940562137540131,-0.14004542273331863,-0.13506681383280308,0.45166463479241564,0.3707461154060637,0.168517368776999,0.42451045197717563,0.10641170056205092,0.6224773803906369,0.12350688929800739,-0.28279689428995775,0.267038827424029,35.0,60.0,40.0,430.0,0.33000001311302185,0.699999988079071,35.79999923706055,160.0,141.89999389648438,278.4079284667969,1.5,1.0,0.007000000216066837,1.6279069185256958,0.10890000313520432,3.0303030014038086,6.063785076141357,141.89999389648438,2.5303030014038086,1225.0,11.550000190734863,15050.0,184900.0,0.4950000047683716,12.285714149475098,0.8947368264198303,1.0625,-0.1666666716337204,0.1666666716337204,0.35596707463264465,51.73,35
-0.4057870295944638,-0.13931809618564944,0.0053968885452230705,0.34232522311859276,0.15925136809606935,-0.003651110129016719,5.529891294901465,0.34464156929312273,-0.05140927468813858,-0.061627081431345695,0.0023722495975526444,0.0,-0.07356930444484475,0.13942148087782505,1.1250757842987158,0.4173718369746963,-0.1965333962551916,0.22734547168680128,0.7068888843256523,-0.050521403930018194,-0.12802583423371236,0.3520971115818497,0.35890834965989166,0.030816281228149812,0.5162554607394352,0.2203688655090119,0.04670989657144172,-0.14287735413541255,-0.002591290980660619,0.048157199132842686,35.0,60.0,40.0,430.0,0.3400000035762787,0.8999999761581421,49.20000076293945,150.0,146.1999969482422,282.70794677734375,1.5,1.0,0.008999999612569809,2.0930233001708984,0.11559999734163284,2.941176414489746,6.063785076141357,146.1999969482422,2.441176414489746,1225.0,11.899999618530273,15050.0,184900.0,0.5099999904632568,12.285714149475098,0.8793103694915771,0.9666666388511658,0.0833333358168602,0.1666666716337204,0.0658436194062233,67.3,35
-0.3750614038938344,-0.14248567154670647,-0.008982517287896927,0.262889386213537,0.21349604364335217,0.20178400569719357,7.557433230206394,0.2291403283224059,0.014529226776186403,0.40000210730989544,0.007277199051612582,0.0,0.21598573476885355,-0.15659943788189917,0.41956908839407614,0.1528182732224792,-0.036963890404916926,-0.07318853922253023,0.29169543748412036,-0.1694867893174102,-0.19610162904434034,0.31738025096109657,0.7390698562579994,0.15299100266101295,0.47472164693091423,0.18312695737582158,0.09733404630271239,-0.07268380312892589,0.44378529679169043,-0.03845409249213754,35.0,60.0,40.0,440.0,0.36000001430511475,1.0,54.099998474121094,180.0,158.39999389648438,298.0825500488281,1.5,1.0,0.009999999776482582,2.2727272510528564,0.12960000336170197,2.777777671813965,6.086774826049805,158.39999389648438,2.277777671813965,1225.0,12.600000381469727,15400.0,193600.0,0.5400000214576721,12.571428298950195,0.8500000238418579,0.9722222089767456,0.0833333358168602,0.22633744776248932,0.0658436194062233,67.1,35
-0.2626816228192953,-0.12666277799302195,-0.01720353881803245,0.2939951686539876,0.22706843865863163,0.02389855844901357,7.705998114453219,0.22740844234969496,0.08934322022107363,0.47930827926051073,0.01132628123632684,0.0,-0.009906824093316913,0.14779425947355282,0.4654512195517912,0.18710408725021901,-0.17769102607887646,-0.16658854811705093,0.27240240294818724,-0.2519883164488876,-0.20203091991935954,0.3079938047914227,0.31178571839225083,0.06649888641793407,0.49702872671605897,0.11018742875537546,0.06985310563664497,-0.13697064376194443,0.46131647049311764,0.5303121021617249,35.0,60.0,40.0,430.0,0.36500000953674316,0.8999999761581421,53.70000076293945,180.0,156.9499969482422,293.45794677734375,1.5,1.0,0.008999999612569809,2.0930233001708984,0.1332249939441681,2.7397260665893555,6.063785076141357,156.9499969482422,2.2397260665893555,1225.0,12.774999618530273,15050.0,184900.0,0.5475000143051147,12.285714149475098,0.8429751992225647,0.9722222089767456,0.0833333358168602,0.22633744776248932,0.35596707463264465,68.7,35
-0.016558747257496936,-0.13007567564422653,-0.027446229928689985,0.23977667183613857,-0.12219363076521551,0.20580901749731279,1.7408258166900092,0.18530917610127257,-0.25796319548323127,0.3696335805377731,0.02257706062741321,0.0,0.16150292205843958,-0.13784586715505998,-0.7014159521808311,-0.4711763382116735,-0.3150505658176959,-0.3592466417840207,-0.21667089199120568,-0.01674970844739839,0.4656128263702997,0.2917903047741269,0.16698534246889943,0.01216570380978695,0.31132745047801724,0.1879745267216536,0.29273100424874676,-0.009386932720740471,0.3304129893284013,-0.1058693281815364,35.0,60.0,40.0,420.0,0.4000000059604645,0.949999988079071,42.400001525878906,130.0,168.0,301.3333435058594,1.5,1.0,0.009499999694526196,2.261904716491699,0.1599999964237213,2.5,6.040254592895508,168.0,2.0,1225.0,14.0,14700.0,176400.0,0.6000000238418579,12.0,0.796875,1.3461538553237915,-0.75,0.22633744776248932,0.15226337313652039,61.1,35
-0.10363163675707442,-0.09513528487693379,-0.0061994575004654644,0.25244443536660094,-0.18120983868343934,0.2101798479652733,8.373740612664518,0.2737074231257749,-0.0967309091413602,0.6521559967245474,0.03460135891731787,0.0,0.2951354770271705,-0.16255182232234952,-0.6237383560948372,-0.5279544310347568,-0.1177779517891617,-0.09433141235799353,-0.2855648045982491,-0.23057366506467333,0.3017929099800342,0.3671280938711234,0.23565822455147092,-0.01720638374567999,0.4710505651978668,0.03890948583318136,-0.03757824255578089,-0.10436075886114657,0.36440877540183797,-0.2744775186904376,35.0,60.0,40.0,430.0,0.4000000059604645,1.0,55.29999923706055,160.0,172.0,308.5079345703125,1.5,1.0,0.009999999776482582,2.3255813121795654,0.1599999964237213,2.5,6.063785076141357,172.0,2.0,1225.0,14.0,15050.0,184900.0,0.6000000238418579,12.285714149475098,0.796875,0.9375,0.1666666716337204,0.22633744776248932,0.15226337313652039,58.5,35
-0.35243037702815794,-0.10652494858718008,0.00292948368213554,0.3344951996498314,0.1818767036988625,-0.027533331475926515,6.231336147058186,0.1742024607325876,-0.07246154973418412,-0.10632885668350653,0.03363653235500645,0.0,-0.08642981658007504,0.1277279623459843,1.1496782365139109,0.38510437623125154,-0.17608056971480054,0.2753785644972444,0.6147721200939236,-0.0011041805828019141,-0.052630638366571766,0.3518215711237498,0.46333973717183796,0.11377607415798165,0.43307127656122507,0.19230059007147454,0.07494130364403381,-0.1391334255530571,0.32981517293757606,0.44622341494951984,35.0,60.0,40.0,420.0,0.34599998593330383,0.8999999761581421,52.099998474121094,170.0,145.32000732421875,278.6533203125,1.5,1.0,0.008999999612569809,2.142857074737549,0.11971600353717804,2.8901734352111816,6.040254592895508,145.32000732421875,2.3901734352111816,1225.0,12.109999656677246,14700.0,176400.0,0.5189999938011169,12.0,0.8703071475028992,0.8823529481887817,0.3333333432674408,0.22633744776248932,0.35596707463264465,65.9,35
-0.24360808925178654,-0.1325482817171178,0.012248841852212838,0.29875655221717456,-0.40537265608843215,0.03961351482303115,6.796938352924374,0.12825040110447394,-0.12661254320007193,0.5437419665648958,0.03465381604211075,0.0,0.06447173441167245,0.13361254801842032,-0.8217576539714196,-0.5339802737358187,-0.11372569843092975,-0.13289435627322474,-0.20873399899197917,-0.41475643829770353,1.0054904910534799,0.46948800044815464,0.0873132653671501,-0.08257521576450043,0.38842788793598426,0.0674535765811784,0.2234010387813037,-0.1498765067113611,0.38682329667971926,-0.22518447696650148,35.0,60.0,40.0,420.0,0.4099999964237213,0.8999999761581421,51.099998474121094,160.0,172.1999969482422,305.5333251953125,1.5,1.0,0.008999999612569809,2.142857074737549,0.1680999994277954,2.4390244483947754,6.040254592895508,172.1999969482422,1.9390244483947754,1225.0,14.350000381469727,14700.0,176400.0,0.6150000095367432,12.0,0.7846153974533081,1.125,-0.3333333432674408,0.22633744776248932,0.15226337313652039,64.0,35
-0.17601121807790848,-0.06484311489735756,0.04194946676383907,0.36228187876310247,0.11536728874475606,-0.015276689691137263,-2.3450377133046842,0.3874738157625069,-0.10060039069972802,0.055848651197555096,0.01091241599219129,0.0,-0.016698821658550796,0.12277151406158983,0.3188762376824529,0.197995247014699,-0.19059810144222405,-0.39600301177614977,0.3326300039895001,-0.08169409555426688,0.5461844554941647,0.33039525550180737,0.6297891666075364,-0.0179936192708106,0.3957483244686378,0.12254852310725618,0.483627498575259,0.2541975781068661,-0.19744862545915254,-0.134139027163758,35.0,60.0,40.0,435.0,0.3700000047683716,0.8999999761581421,37.5,140.0,160.9499969482422,299.04522705078125,1.5,1.0,0.008999999612569809,2.068965435028076,0.13689999282360077,2.702702760696411,6.075345993041992,160.9499969482422,2.202702760696411,1225.0,12.949999809265137,15225.0,189225.0,0.5550000071525574,12.428571701049805,0.8360655903816223,1.2857142686843872,-0.6666666865348816,0.3230452537536621,0.15226337313652039,52.5,35
-0.11019239940942764,-0.10030213087316235,0.05629529820171055,0.38351696832664284,0.3375628600792107,-0.05791407631075882,-3.5590378083262006,0.22697707520327712,0.047644851497827274,0.15492269882117876,0.011059299845089023,0.0,-0.07999400139107052,0.25501012750301333,1.1900145299158533,0.6466303131517985,-0.11648198352634186,0.5207813717156682,0.914720834246744,-0.12714835265929636,-0.00720846292811567,0.4994556601779058,0.7232065570018569,0.12632062998878618,0.49397690622597384,0.24123979252833697,0.3778169027448561,0.25410308444613,0.04322558494024038,0.5295617539083549,35.0,60.0,40.0,435.0,0.3400000035762787,0.8999999761581421,35.599998474121094,170.0,147.89999389648438,285.9952392578125,1.5,1.0,0.008999999612569809,2.068965435028076,0.11559999734163284,2.941176414489746,6.075345993041992,147.89999389648438,2.441176414489746,1225.0,11.899999618530273,15225.0,189225.0,0.5099999904632568,12.428571701049805,0.8793103694915771,1.058823585510254,-0.1666666716337204,0.3230452537536621,0.35596707463264465,48.3,35
-0.36403829177775293,-0.12394271784830595,-0.0007457539852854465,0.2839828871784195,0.01941351588344696,-0.12998846606627137,6.544387395040125,0.28085404590764856,0.02597590017772096,0.2779627253476811,0.018714641917136343,0.0,-0.14956863683146254,0.2308797781007177,0.21996865057699874,0.16540291730565937,-0.17148183727639768,-0.20147852082728818,0.31585097871134415,-0.2796447299728836,0.419167986633633,0.429374930110715,0.1619450353717181,0.012580127036607667,0.46523556971108526,0.12742417261149305,0.302803462494967,0.18745951571758668,0.4717796507825915,-0.26671517168777975,35.0,60.0,40.0,430.0,0.3700000047683716,0.800000011920929,50.70000076293945,170.0,159.10000610351562,295.6079406738281,1.5,1.0,0.00800000037997961,1.860465168952942,0.13689999282360077,2.702702760696411,6.063785076141357,159.10000610351562,2.202702760696411,1225.0,12.949999809265137,15050.0,184900.0,0.5550000071525574,12.285714149475098,0.8360655903816223,1.058823585510254,-0.1666666716337204,0.22633744776248932,0.15226337313652039,62.3,35
-0.1799499162156242,-0.1047408252006724,-0.004179612029977516,0.2952053264483988,0.07545677747667502,0.04128943283831552,8.414773879077128,0.16141127117715326,0.02491113688152057,0.3011288716919213,-0.0262716833301446,0.0,0.03533017813835785,0.06911559928534608,0.052773081355633064,-0.23962698299962298,-0.12363780936562924,-0.1322817142256778,0.21385726608659406,-0.44558138057532737,0.47483498354417614,0.3788915778759764,0.14323134312070282,-0.012616881371163442,0.38275619980480013,0.0017367348275454,0.02345698270912022,0.037137265508519555,-0.34148231960882297,0.2970926127519668,35.0,60.0,40.0,430.0,0.3799999952316284,0.8999999761581421,55.0,170.0,163.39999389648438,299.9079284667969,1.5,1.0,0.008999999612569809,2.0930233001708984,0.1444000005722046,2.6315789222717285,6.063785076141357,163.39999389648438,2.1315789222717285,1225.0,13.300000190734863,15050.0,184900.0,0.5699999928474426,12.285714149475098,0.8225806355476379,1.0,0.0,0.07407407462596893,0.35596707463264465,60.6,35
-0.2571347940055832,-0.13089140454316098,-0.010496742703951123,0.29092633299142157,0.06846529011408131,0.034202765235081645,7.087966186940264,0.1906906193895144,0.03654799817216523,0.2971904530360565,-0.02756809601596609,0.0,0.036055447955894146,0.19676173966205454,0.019252073791262096,-0.2992762213610536,-0.13080617578260292,0.026169409076176167,0.21141698957665445,-0.45247615842799527,0.4859217360522705,0.45440203994323425,0.07750894722342637,0.047756408493008856,0.3135231279960883,0.10505704256279486,0.17602538597005812,0.20445746679345214,-0.19669012610656988,-0.34660500634994684,35.0,60.0,40.0,430.0,0.3799999952316284,0.8999999761581421,52.0,180.0,163.39999389648438,299.9079284667969,1.5,1.0,0.008999999612569809,2.0930233001708984,0.1444000005722046,2.6315789222717285,6.063785076141357,163.39999389648438,2.1315789222717285,1225.0,13.300000190734863,15050.0,184900.0,0.5699999928474426,12.285714149475098,0.8225806355476379,1.0555555820465088,-0.1666666716337204,0.07407407462596893,0.15226337313652039,57.3,35
-0.26857447099867104,-0.15076888551500958,0.010189140010952209,0.344486345035086,-0.07996896525008113,0.025028763959540897,7.37271370696569,0.26984029518586644,0.08471922323707566,0.5655265987441568,0.008872351674327868,0.0,-0.0022353588945269783,0.1481611110859617,-0.27634050019003753,-0.3051860516320545,-0.16591179493000638,0.14586426473914277,-0.08761161926109132,-0.4291298931406955,0.26408990067524934,0.07436356894967076,-0.20555189253512876,0.2479191137135446,0.29453706112844813,0.052811898867317665,-0.015591721658966277,-0.047488530881231256,0.35428095701547796,-0.4554492574470934,35.0,60.0,40.0,410.0,0.38999998569488525,0.8999999761581421,50.900001525878906,180.0,159.89999389648438,290.0587158203125,1.5,1.0,0.008999999612569809,2.195122003555298,0.15209999680519104,2.5641026496887207,6.016157150268555,159.89999389648438,2.0641026496887207,1225.0,13.649999618530273,14350.0,168100.0,0.5849999785423279,11.714285850524902,0.8095238208770752,0.9722222089767456,0.0833333358168602,0.010288066230714321,0.15226337313652039,62.5,35
-0.23540149397609145,-0.15076888551500958,0.010189140010952209,0.344486345035086,-0.07996896525008113,0.025028763959540897,7.329216569730987,0.27732490052864517,0.08471922323707566,0.5532438379613952,0.008872351674327868,0.0,-0.0022353588945269783,0.14824609040373454,-0.27634050019003753,-0.3051860516320545,-0.16591179493000638,0.12954618977835208,-0.08761161926109132,-0.4291298931406955,0.24499135742658207,0.07436356894967076,-0.20555189253512876,0.25077177678780926,0.3035657242069544,0.052811898867317665,-0.015727323071861136,-0.027017011118072726,0.3279550432886607,-0.4554492574470934,35.0,60.0,40.0,410.0,0.38999998569488525,0.8999999761581421,51.599998474121094,180.0,159.89999389648438,290.0587158203125,1.5,1.0,0.008999999612569809,2.195122003555298,0.15209999680519104,2.5641026496887207,6.016157150268555,159.89999389648438,2.0641026496887207,1225.0,13.649999618530273,14350.0,168100.0,0.5849999785423279,11.714285850524902,0.8095238208770752,0.9722222089767456,0.0833333358168602,0.01440329197794199,0.15226337313652039,59.7,35
-0.2759326510783717,-0.12233064845143331,-0.013674624464962109,0.30499539529296205,0.017340777832506482,-0.017939641445084527,6.596917978260411,0.2425930000170685,-0.05898258689008125,0.34086328604059013,-0.015634831875591258,0.0,-0.029513195349556653,0.1758992298627439,-0.041286291683520486,-0.2656122447297661,-0.12028766998419924,-0.1896643246888336,0.20190983856963896,-0.17316638312128801,0.16917610520829446,0.06266879111077354,-0.4825025792211125,-0.045497055577743244,0.44191429322726966,0.09608297247681469,-0.070570784145282,-0.19461155752309703,0.3915664824151606,-0.3352640819677104,35.0,60.0,40.0,410.0,0.3799999952316284,0.8999999761581421,49.29999923706055,160.0,155.8000030517578,285.958740234375,1.5,1.0,0.008999999612569809,2.195122003555298,0.1444000005722046,2.6315789222717285,6.016157150268555,155.8000030517578,2.1315789222717285,1225.0,13.300000190734863,14350.0,168100.0,0.5699999928474426,11.714285850524902,0.8225806355476379,0.90625,0.25,0.22633744776248932,0.15226337313652039,55.4,35
-0.12409959367736052,-0.15127400417403714,-0.03990320037206277,0.38572715688598447,-0.006852158122516277,-0.01723130471110696,1.5067359369155913,-0.032390835313752996,-0.015913696523594912,-0.03774023063177978,0.0251602028706097,0.0,-0.10583747310353211,0.16041358452063081,0.19873089426118198,0.2184496337249922,-0.1901469471286512,0.2690501988812085,0.3142847595347321,0.05639531398171099,0.2879369483519808,0.20548083973057427,-0.6043187322417951,-0.03977821347761104,0.3987718590313719,0.1697574072404564,0.3073045777427081,0.28753849256944175,-0.04453342116618329,0.4504270841952907,35.0,60.0,40.0,410.0,0.3700000047683716,0.8999999761581421,40.79999923706055,180.0,151.6999969482422,281.8587341308594,1.5,1.0,0.008999999612569809,2.195122003555298,0.13689999282360077,2.702702760696411,6.016157150268555,151.6999969482422,2.202702760696411,1225.0,12.949999809265137,14350.0,168100.0,0.5550000071525574,11.714285850524902,0.8360655903816223,1.0555555820465088,-0.1666666716337204,0.1666666716337204,0.35596707463264465,52.8,35
-0.17115930144797548,-0.1420633006010486,-0.015853707866794832,0.37365850301450565,0.15286848087490565,-0.03522895692475504,4.943376844608221,0.6163892732755697,0.025520684803384895,-0.083337031994889,-0.018302266169980184,0.0,-0.11121744929066116,0.17252994475658812,0.2792035256864827,0.1263990721679031,-0.19835344308506,0.3212295168354749,0.21321613815509355,0.027997081063782,-0.11753634046702933,0.04923254694048682,-0.006148959580144017,0.07879354024182675,0.28981976272945836,0.14496583656980946,-0.08597867107935582,-0.13883283271925484,0.2589742974694501,0.5781358253767391,35.0,60.0,40.0,410.0,0.36000001430511475,0.8999999761581421,46.900001525878906,185.0,147.60000610351562,277.75872802734375,1.5,1.0,0.008999999612569809,2.195122003555298,0.12960000336170197,2.777777671813965,6.016157150268555,147.60000610351562,2.277777671813965,1225.0,12.600000381469727,14350.0,168100.0,0.5400000214576721,11.714285850524902,0.8500000238418579,0.9459459185600281,0.1666666716337204,0.02469135820865631,0.35596707463264465,53.7,35
-0.18531555509200487,-0.1274158383195271,-0.01716094457263712,0.3891212575565641,0.20198066429599648,-0.05393071998399968,5.818010221140433,-0.21077849667531412,0.13616358419919675,-0.19638213231350346,0.00932321818349631,0.0,-0.10486835156168973,0.21844277507922114,0.2599599659681147,0.3276626166892697,-0.16579057049275267,0.262846084585822,0.7510488179841253,0.021524583251608182,-0.13350705568426557,0.0708486149540428,0.12743522340134109,0.10071242801398542,0.36430139259483607,0.14339482864991818,-0.09407262530400573,-0.16750904396252167,-0.04083471583114897,0.5410347613122587,35.0,60.0,40.0,410.0,0.35499998927116394,0.8999999761581421,49.29999923706055,190.0,145.5500030517578,275.708740234375,1.5,1.0,0.008999999612569809,2.195122003555298,0.1260250061750412,2.816901445388794,6.016157150268555,145.5500030517578,2.316901445388794,1225.0,12.425000190734863,14350.0,168100.0,0.5325000286102295,11.714285850524902,0.8571428656578064,0.9210526347160339,0.25,0.1666666716337204,0.35596707463264465,54.1,35
-0.20525915062514713,-0.15077349395177572,-0.023503992150942947,0.32231972760828015,0.014216904838668578,-0.01273703013880916,4.134123733995729,-0.39435279335381096,-0.13472430092670268,0.2919225428271998,-0.020161230409518935,0.0,-0.04075587338370012,0.14525708487607572,0.011263618753148373,-0.3187833590606507,-0.20879093046290884,-0.20240273535487582,0.342888711683471,-0.17858592735238388,0.22999051269258516,0.07330558113918158,-0.3517724856272198,-0.016248458698217623,0.30649464582758446,0.09925364425225469,0.020078326283772596,-0.05265246043862953,-0.017331446460955965,-0.271378116926785,35.0,60.0,40.0,410.0,0.3799999952316284,0.8999999761581421,45.599998474121094,200.0,155.8000030517578,285.958740234375,1.5,1.0,0.008999999612569809,2.195122003555298,0.1444000005722046,2.6315789222717285,6.016157150268555,155.8000030517578,2.1315789222717285,1225.0,13.300000190734863,14350.0,168100.0,0.5699999928474426,11.714285850524902,0.8225806355476379,0.875,0.4166666567325592,0.07407407462596893,0.0658436194062233,52.1,35
-0.2033319028172302,0.027869845970653333,0.09451098558502005,0.3091465675526932,-0.11684296196697364,0.07263502870367945,7.810354368856609,0.2634277868523231,0.027848194908384652,0.5652723208313357,0.09698262887775365,0.0,0.04954443661448241,0.1274734080609858,-0.2694485056414719,-0.2761122595058423,-0.16460752872274093,0.03712709655043265,-0.11100187655226292,-0.43408552837912756,0.14143753189455519,0.10760490113816688,-0.27156651919746044,0.08341943052537829,0.3614382438319833,0.044451872671931174,-0.22718373903716127,-0.0361615115530645,-0.22509102146730453,-0.23970487513038385,35.0,58.0,42.0,410.0,0.38999998569488525,0.8999999761581421,51.599998474121094,170.0,159.89999389648438,290.0587158203125,1.3809523582458496,1.0,0.008999999612569809,2.195122003555298,0.15209999680519104,2.5641026496887207,6.016157150268555,159.89999389648438,2.0641026496887207,1225.0,13.649999618530273,14350.0,168100.0,0.5385714173316956,11.714285850524902,0.8095238208770752,1.029411792755127,-0.0833333358168602,0.07407407462596893,0.15226337313652039,58.9,35
-0.09924108491572005,-0.08438736747816351,-0.008606306692185555,0.47247962390501885,0.22950480020251218,-0.07900360971579291,-5.482976651642107,0.08603650065888988,0.050427095490030445,-0.020595606838575968,-0.03584682353956038,0.0,-0.06399279803520626,0.16116735399812981,0.28886411078527147,0.19508475317336185,-0.14543144159558616,0.3684954372998587,0.2826694836021737,0.015967568780693255,-0.032429795056763536,0.21372519118027258,0.04740993552122053,0.032863863320294284,0.3216665387504256,0.20864669077583475,0.018853446910030873,-0.10689670282046067,-0.1039562629674158,-0.1013791342035374,35.0,58.0,42.0,410.0,0.36000001430511475,0.8999999761581421,33.400001525878906,180.0,147.60000610351562,277.75872802734375,1.3809523582458496,1.0,0.008999999612569809,2.195122003555298,0.12960000336170197,2.777777671813965,6.016157150268555,147.60000610351562,2.277777671813965,1225.0,12.600000381469727,14350.0,168100.0,0.49714285135269165,11.714285850524902,0.8500000238418579,0.9444444179534912,0.1666666716337204,0.010288066230714321,0.0658436194062233,41.8,35
-0.17356559036013727,-0.11284674438369018,-0.018766449877877192,0.439992320834823,0.06259091997271417,-0.08262144217034277,-2.197514743466182,0.019367011727989745,-0.03343680448414159,-0.004306598803055289,0.005944743059810766,0.0,-0.10454440778017546,0.1507216705698344,0.26760045004416894,0.18637176666313446,-0.12779203844182965,0.13472120417412853,0.2877639246049958,-0.0805726105792583,0.31487653100404783,0.22217787711012446,-0.4373018646608932,0.107076024572327,0.25716552532471443,0.1483229361429017,0.026255797208611657,-0.027773869615203384,-0.0954278373130017,0.24889344733467464,35.0,58.0,42.0,410.0,0.3700000047683716,0.8999999761581421,36.79999923706055,170.0,151.6999969482422,281.8587341308594,1.3809523582458496,1.0,0.008999999612569809,2.195122003555298,0.13689999282360077,2.702702760696411,6.016157150268555,151.6999969482422,2.202702760696411,1225.0,12.949999809265137,14350.0,168100.0,0.510952353477478,11.714285850524902,0.8360655903816223,1.0,0.0,0.010288066230714321,0.35596707463264465,43.3,35
-0.15654548251854353,-0.08164019950762452,-0.0023389443958824734,0.29768904646942734,0.24993488607939976,-0.050300342297646815,1.4919288981923864,0.245313244298663,-0.09571345025950426,0.41420758520579787,0.0395969735544744,0.0,0.013857100394722526,0.22784074469865975,0.43268845696141545,0.18128255451901637,-0.2616997365482221,0.07688908106543141,0.32668002724020706,0.048690433502933964,0.019260922915235085,0.3038060911063059,0.5000834431324038,0.1918570037976109,0.4351098853063191,0.13710475366035615,-0.10907336272558597,-0.044809532169756465,-0.6002005501492579,-0.6514471721791891,35.0,58.0,42.0,430.0,0.36000001430511475,0.800000011920929,41.125,160.0,154.8000030517578,291.30792236328125,1.3809523582458496,1.0,0.00800000037997961,1.860465168952942,0.12960000336170197,2.777777671813965,6.063785076141357,154.8000030517578,2.277777671813965,1225.0,12.600000381469727,15050.0,184900.0,0.49714285135269165,12.285714149475098,0.8500000238418579,0.90625,0.25,0.3230452537536621,0.01440329197794199,46.853,35
-0.11236262238120161,-0.13453585781119584,-0.041684211348046424,0.37209702534823963,0.29651207394657597,0.09960800594996164,-4.283166010314087,0.2544212491899417,-0.0885362319571028,0.314806889828753,-0.05275361848830207,0.0,0.0038467237272956215,0.2349375103710074,0.454038761515755,0.278017922886994,-0.15366627342207073,0.06129035821833602,0.31566667021374106,0.036196825628027486,-0.0025995251248869425,0.4915230907980616,0.557364773209858,0.23044264684768484,0.3812270194626618,0.20501932116383356,-0.05771069863581205,-0.015507934932144758,-0.15281413296417312,-0.006616246700739019,35.0,58.0,42.0,430.0,0.36000001430511475,0.800000011920929,33.900001525878906,170.0,154.8000030517578,291.30792236328125,1.3809523582458496,1.0,0.00800000037997961,1.860465168952942,0.12960000336170197,2.777777671813965,6.063785076141357,154.8000030517578,2.277777671813965,1225.0,12.600000381469727,15050.0,184900.0,0.49714285135269165,12.285714149475098,0.8500000238418579,0.9411764740943909,0.1666666716337204,0.3230452537536621,0.06995885074138641,40.586,35
-0.22510721475800036,-0.05453815912913424,0.019912700844398966,0.3251296152875262,0.1912643264150306,-0.06831797231346166,4.2757016563220756,0.073114493367651,-0.021806321171484296,0.5017060666602802,0.10341363674150506,0.0,-0.035563332224126866,0.242092339187482,0.37198356904725005,0.07819411831716465,-0.23652130069943283,0.10150747662127535,0.3847273596888882,-0.0950193532876001,0.00558116273452864,0.43209196774952313,0.47658214245726815,0.2970688450189768,0.4658495606345867,0.1367945447384114,0.1111455707205177,-0.004178395692919865,-0.7284632885032603,-0.509261429859463,35.0,58.0,42.0,430.0,0.36000001430511475,0.800000011920929,45.099998474121094,180.0,154.8000030517578,291.30792236328125,1.3809523582458496,1.0,0.00800000037997961,1.860465168952942,0.12960000336170197,2.777777671813965,6.063785076141357,154.8000030517578,2.277777671813965,1225.0,12.600000381469727,15050.0,184900.0,0.49714285135269165,12.285714149475098,0.8500000238418579,0.8888888955116272,0.3333333432674408,0.3230452537536621,0.05144032835960388,50.166,35
-0.06558282458422524,-0.12260071875416917,-0.039495284016949815,0.37418356578566797,0.11519482262165216,0.10181711733049137,-7.837568149493225,0.3206501408875214,-0.07881252462400953,0.06820806947134983,-0.05405903248006438,0.0,-0.02515796696377396,0.11945484611383438,0.32002447462684563,0.23619683575831898,0.0024661324461421837,-0.17844197247713436,0.340873365581097,-0.0855654255231884,0.3307730888454658,0.5053160159406878,0.7590883707228868,0.13781501250591685,0.37276178103993896,0.22394376004546854,0.019121791266816894,0.0038736329827227705,-0.37056962836444374,-0.49282619986481774,35.0,58.0,42.0,440.0,0.3700000047683716,0.800000011920929,31.200000762939453,160.0,162.8000030517578,302.4825439453125,1.3809523582458496,1.0,0.00800000037997961,1.8181818723678589,0.13689999282360077,2.702702760696411,6.086774826049805,162.8000030517578,2.202702760696411,1225.0,12.949999809265137,15400.0,193600.0,0.510952353477478,12.571428298950195,0.8360655903816223,0.90625,0.25,0.3230452537536621,0.05144032835960388,38.817,35
-0.253865144767019,-0.08397435440792936,0.017159360173528267,0.28743884174503387,0.19919373193847864,-0.1899560367013512,4.054824004863585,0.4078994804776063,-0.026189443050412934,0.5494118879093499,0.09272243545454631,0.0,-0.06833262866736318,0.5409023812299729,0.5178241071730771,0.11444199624715856,-0.12598588137581432,-0.32731472280281815,0.32349790978973136,-0.12067261543113818,-0.01618537476453595,0.42174530500215357,0.9003437625311468,0.34929400942757366,0.48975842113377027,0.14586180918387626,0.02262463968599844,0.12310592718655398,-0.32060148260356497,-0.039434652573653306,35.0,58.0,42.0,440.0,0.36000001430511475,0.75,45.400001525878906,160.0,158.39999389648438,298.0825500488281,1.3809523582458496,1.0,0.007499999832361937,1.704545497894287,0.12960000336170197,2.777777671813965,6.086774826049805,158.39999389648438,2.277777671813965,1225.0,12.600000381469727,15400.0,193600.0,0.49714285135269165,12.571428298950195,0.8500000238418579,0.875,0.3333333432674408,0.3230452537536621,0.06995885074138641,52.863,35
-0.1927132333269767,-0.0754228736719009,0.012791848662544408,0.2799422448936003,0.20364283146096598,0.030270719685209915,1.8269110532980315,0.13464681631822348,-0.08153672836194455,0.44558333138547146,0.08448111960866095,0.0,-0.011086320901355059,0.12960333647472008,0.44927167779539734,0.2099980326162852,-0.25628594671268595,0.06410189610340816,0.34507080046257155,0.1561877889872623,-0.021914347930637835,0.2623527000553792,0.4877760479034091,0.2685553997854861,0.38476497690781974,0.18243383965844368,0.0020622567320058597,-0.01485170200990872,0.331921679260865,-0.2213074049875815,35.0,58.0,42.0,430.0,0.36000001430511475,0.8500000238418579,41.599998474121094,165.0,154.8000030517578,291.30792236328125,1.3809523582458496,1.0,0.008500000461935997,1.9767441749572754,0.12960000336170197,2.777777671813965,6.063785076141357,154.8000030517578,2.277777671813965,1225.0,12.600000381469727,15050.0,184900.0,0.49714285135269165,12.285714149475098,0.8500000238418579,0.939393937587738,0.1666666716337204,0.22633744776248932,0.05144032835960388,51.155,35
-0.26003344860074534,-0.07341110582599109,0.028657965694280002,0.2836258092622371,0.19982740703784949,0.04864242266602288,2.782484652885786,0.15116771214852662,0.03004230280237639,0.30487213479447783,0.09904453373182798,0.0,-0.060534446797053366,0.13341657470113086,1.249726261240376,0.3689208594363258,-0.2566610379677549,0.2362082023865494,0.8914254631012747,0.15321537227518575,0.04557534655606774,0.28353932752991495,0.5638937632687733,0.26461710315798703,0.36132992349556614,0.2625430886793278,0.017667412890452178,-0.030710773534209597,0.37666740258236364,0.004012391495558821,35.0,58.0,42.0,430.0,0.3499999940395355,0.8500000238418579,43.69900131225586,155.0,150.5,287.0079345703125,1.3809523582458496,1.0,0.008500000461935997,1.9767441749572754,0.12250000238418579,2.857142925262451,6.063785076141357,150.5,2.357142925262451,1225.0,12.25,15050.0,184900.0,0.4833333194255829,12.285714149475098,0.8644067645072937,0.9032257795333862,0.25,0.22633744776248932,0.06995885074138641,50.744,35
-0.37739227615884335,-0.045233636094914084,0.05015461085539669,0.31760836414672544,0.30963097384789806,0.011389926170565326,4.456140094486595,0.2645335907267879,0.022126622204179724,-0.09352364941028732,0.07216849182189995,0.0,0.11075805089058448,0.09980765960166993,1.209955373894204,0.4330415104263866,-0.20473642953636417,0.4516432021448046,0.7531108595592645,-0.05483280626063461,-0.04418561953817803,0.3704628958551094,0.5422357291687716,0.07673094428433992,0.3907431003816241,0.1698049609688678,-0.14846402910317483,0.03698407357232975,-0.1198356417890612,-0.16100123416523676,35.0,58.0,42.0,430.0,0.3400000035762787,0.7799999713897705,46.42499923706055,165.0,146.1999969482422,282.70794677734375,1.3809523582458496,1.0,0.007799999788403511,1.8139535188674927,0.11559999734163284,2.941176414489746,6.063785076141357,146.1999969482422,2.441176414489746,1225.0,11.899999618530273,15050.0,184900.0,0.4695238173007965,12.285714149475098,0.8793103694915771,0.9090909361839294,0.25,0.07407407462596893,0.06995885074138641,47.189,35
-0.2176640781584664,-0.0838053511107076,0.030221314145810717,0.3294126012304349,0.3685774227518537,0.004838995990104776,1.5061153112032222,0.23596197124690554,0.06363257260973859,-0.04001099795900096,0.0474482927727265,0.0,0.07342447057229705,-0.02553909337016147,1.3211431501661524,0.5172344919549862,-0.20369282596198288,0.41004653402622554,0.8992881488510521,0.09078490575333938,0.09335163316474093,0.27256350014408814,0.498061609243157,0.17358200927545983,0.47811072480311806,0.21071730700285418,-0.016935240968105617,0.01454010120552477,0.3095320345763143,-0.3658573355214004,35.0,58.0,42.0,430.0,0.3400000035762787,0.7799999713897705,41.2859992980957,175.0,146.1999969482422,282.70794677734375,1.3809523582458496,1.0,0.007799999788403511,1.8139535188674927,0.11559999734163284,2.941176414489746,6.063785076141357,146.1999969482422,2.441176414489746,1225.0,11.899999618530273,15050.0,184900.0,0.4695238173007965,12.285714149475098,0.8793103694915771,0.9142857193946838,0.25,0.22633744776248932,0.05144032835960388,52.822,35
-0.2289680382379277,0.06588128042486349,0.07202753187941438,0.2804798156133766,0.19257504009688087,0.04857636590305715,5.2368009359332035,0.17108344611158488,-0.12046058025054296,0.26756796017096385,0.11419061494160578,0.0,0.07876726783435471,0.036022922727089506,1.23457767029361,0.35523047018357273,-0.19304187718858679,0.18331299527671052,0.764906060538909,0.0083395594416261,-0.08497977898479075,0.35686003114142667,0.46698652314425143,0.14106929283662456,0.32612715699509787,0.20904297026708032,-0.28595062574482133,-0.07450136989731448,-0.2138490819427216,-0.3712836159741207,35.0,58.0,42.0,430.0,0.3499999940395355,0.7599999904632568,48.03333282470703,175.0,150.5,287.0079345703125,1.3809523582458496,1.0,0.007600000128149986,1.7674418687820435,0.12250000238418579,2.857142925262451,6.063785076141357,150.5,2.357142925262451,1225.0,12.25,15050.0,184900.0,0.4833333194255829,12.285714149475098,0.8644067645072937,0.9142857193946838,0.25,0.07407407462596893,0.15226337313652039,53.64,35
-0.23399473014537978,-0.04475598091344974,0.05946346030200115,0.2798246807554284,0.19285521314266174,-0.045595090478330644,5.135812852663532,0.33978287349335484,-0.11381319347759404,0.3064144006896953,0.1137768770087124,0.0,0.03290643612178763,0.05603289649350591,1.2300454142595807,0.3918749159204903,-0.21947876856868256,0.17351842096669076,0.7606477062448771,0.011311976153702677,-0.06993155895781158,0.35686003114142667,0.5137440257904711,0.16075003713190975,0.3056600440019066,0.21402318847157256,-0.08729067115829675,-0.02134137532583416,0.13067204317820424,0.1712988081677128,35.0,58.0,42.0,430.0,0.3499999940395355,0.7599999904632568,47.13333511352539,165.0,150.5,287.0079345703125,1.3809523582458496,1.0,0.007600000128149986,1.7674418687820435,0.12250000238418579,2.857142925262451,6.063785076141357,150.5,2.357142925262451,1225.0,12.25,15050.0,184900.0,0.4833333194255829,12.285714149475098,0.8644067645072937,0.939393937587738,0.1666666716337204,0.07407407462596893,0.05144032835960388,51.02,35
-0.1364890128960141,-0.006556096430431021,0.1107127925068888,0.32271221461075317,0.2632330205348484,-0.13037542228840543,1.676739087515419,-0.3370538990503686,0.05644293342311285,0.2498592955938652,0.06979981239391156,0.0,0.04318358084490023,-0.1434667556683696,1.2646083286473533,0.4963808397457233,-0.3127371859430556,0.2787270339429915,0.8415478284984137,0.14716314332205774,0.0034457300558350364,0.29535061725575606,0.457776191032148,0.13551028535644766,0.25870692278305285,0.23800071821748814,0.14311825781950746,-0.08995989574759868,-0.020069310969078994,0.4882816648236845,35.0,58.0,42.0,430.0,0.3499999940395355,0.7599999904632568,41.28099822998047,200.0,150.5,287.0079345703125,1.3809523582458496,1.0,0.007600000128149986,1.7674418687820435,0.12250000238418579,2.857142925262451,6.063785076141357,150.5,2.357142925262451,1225.0,12.25,15050.0,184900.0,0.4833333194255829,12.285714149475098,0.8644067645072937,0.800000011920929,0.6666666865348816,0.07407407462596893,0.35596707463264465,49.25,35
-0.23965640995165977,0.051793538010586886,0.14520857404173626,0.3446976767400749,0.18313661537996465,-0.06080724855805112,5.679191178258325,0.32856370190879336,0.026082372228903174,0.3047083744732439,0.11835400010031777,0.0,0.0027158968197035695,0.018845236304586236,1.2469095061089308,0.4632058608496428,-0.21130117125430187,0.25655300293545774,0.8167860985441551,0.016510494090841897,-0.06395963337097768,0.3479034096374165,0.4728110156679229,0.21994181825742873,0.3639707721559858,0.2307152772698943,0.5011724860887897,1.0190725689553644,0.28487416211238153,-0.26140552581985466,35.0,58.0,42.0,430.0,0.3499999940395355,0.7599999904632568,48.15599822998047,155.0,150.5,287.0079345703125,1.3809523582458496,1.0,0.007600000128149986,1.7674418687820435,0.12250000238418579,2.857142925262451,6.063785076141357,150.5,2.357142925262451,1225.0,12.25,15050.0,184900.0,0.4833333194255829,12.285714149475098,0.8644067645072937,0.4193548262119293,1.5,0.07407407462596893,0.016460904851555824,54.23,35
-0.271037923129784,0.08226150423858462,0.08481714347298215,0.29932730324958384,0.2159375752989876,0.03145955275817533,7.7627674879891755,0.28206670730611416,-0.029382926549604598,0.23951810994786588,0.12965376485251057,0.0,0.06556188676994547,0.10886071455612564,1.223485740410934,0.35277644525740703,-0.16874972717920605,0.1824344834799711,0.7677237344835851,-0.023178433210802783,-0.03827651167439853,0.30623883160901655,0.5003557548935479,0.2893856509714368,0.4544650963050562,0.27269523270134366,-0.004997991322344273,-0.05642743843934475,0.462825941500317,-0.30389662074057133,35.0,58.0,42.0,430.0,0.3499999940395355,0.7699999809265137,54.54100036621094,175.0,150.5,287.0079345703125,1.3809523582458496,1.0,0.007699999958276749,1.790697693824768,0.12250000238418579,2.857142925262451,6.063785076141357,150.5,2.357142925262451,1225.0,12.25,15050.0,184900.0,0.4833333194255829,12.285714149475098,0.8644067645072937,0.9028571248054504,0.28333333134651184,0.22633744776248932,0.15226337313652039,64.94,35
-0.4020527970355193,0.017961023937182814,0.09351073700907955,0.3409275893176835,0.23129430707041299,0.07387911442111243,8.036688444670041,0.4174221791923921,-0.025911092407716076,-0.1278536795733165,0.07698466304829102,0.0,0.007053949250050748,0.1292718917794549,1.205612821279981,0.40372399721840657,-0.24808368776190204,0.3517304341188847,0.736505163312113,-0.1955995639258568,-0.04660956911891231,0.303290609853679,0.5080114761309235,0.27901624749265935,0.6176227819661488,0.3075155423445105,-0.0067002092843988165,-0.09195119971571833,-0.39191782964911026,-0.4400417395417147,35.0,58.0,42.0,430.0,0.3400000035762787,0.7900000214576721,55.38100051879883,170.0,146.1999969482422,282.70794677734375,1.3809523582458496,1.0,0.007899999618530273,1.8372093439102173,0.11559999734163284,2.941176414489746,6.063785076141357,146.1999969482422,2.441176414489746,1225.0,11.899999618530273,15050.0,184900.0,0.4695238173007965,12.285714149475098,0.8793103694915771,0.7411764860153198,0.7333333492279053,0.3230452537536621,0.15226337313652039,62.49,35
-0.42723345828184384,0.007815269342516579,0.07637009043707654,0.3346801640926048,0.22962577612021867,0.028746676896068787,6.801680608679894,0.512634043049848,-0.06510877290965697,-0.10850249247608935,0.07516857061592393,0.0,-0.02375886458313049,0.18348314843465505,1.2064714818627997,0.3871085628309361,-0.23877219177447936,0.3666622155612496,0.7313092074257258,-0.17961289208110665,-0.02752492835463563,0.3582629778392264,0.49918079387302106,0.10989276318309132,0.555425333597659,0.21531222645578,0.05543797729708118,0.02775307124738094,-0.5180953984761837,-0.4868000995680806,35.0,58.0,42.0,430.0,0.3400000035762787,0.7900000214576721,52.03200149536133,160.0,146.1999969482422,282.70794677734375,1.3809523582458496,1.0,0.007899999618530273,1.8372093439102173,0.11559999734163284,2.941176414489746,6.063785076141357,146.1999969482422,2.441176414489746,1225.0,11.899999618530273,15050.0,184900.0,0.4695238173007965,12.285714149475098,0.8793103694915771,0.800000011920929,0.5333333611488342,0.3230452537536621,0.016460904851555824,61.71,35
-0.35586072990453277,0.0670204158372596,0.029716341738891212,0.4081561833702263,0.20446639922930115,0.04186736919191884,9.362416941325721,0.22816603336347427,0.12156795915707858,-0.11488448794393476,-0.08794174494199132,0.0,0.1203995739422107,0.09819976446410823,1.2577460723123361,0.4477700261142793,-0.22033430628888392,0.3548982460207622,0.8038689998925299,-0.10188407041877551,-0.05031398493630409,0.28841611139063156,0.46723755124721716,0.1823124017730497,0.5375599217176775,0.33957801506212437,0.5007407089740374,1.1910118492849426,0.17127852320624531,-0.4574800650898307,35.0,58.0,42.0,430.0,0.3400000035762787,0.800000011920929,58.66999816894531,165.0,146.1999969482422,282.70794677734375,1.3809523582458496,1.0,0.00800000037997961,1.860465168952942,0.11559999734163284,2.941176414489746,6.063785076141357,146.1999969482422,2.441176414489746,1225.0,11.899999618530273,15050.0,184900.0,0.4695238173007965,12.285714149475098,0.8793103694915771,0.35151514410972595,1.7833333015441895,0.04938271641731262,0.15226337313652039,61.98,35
-0.3901214354632313,0.05691963865295877,0.10772284795797239,0.3942633486886327,0.20569955649270916,-0.002497138006517344,6.882811243951783,0.3242275840489685,0.11778847355658506,-0.0538554987765731,0.11882325654360401,0.0,-0.006846745415110446,0.1394037123273214,1.2472783377212178,0.4927640247615543,-0.22373117339674625,0.4041831651112843,0.8543767675555116,-0.062425061378767535,-0.05531364407397037,0.3435094163853063,0.45473836968468795,0.12808958686739907,0.45982625660126036,0.22451865339938884,0.48563930781359177,1.010643375905516,0.41972591371667395,-0.45872792903999693,35.0,58.0,42.0,430.0,0.3400000035762787,0.8339999914169312,51.56999969482422,165.0,146.1999969482422,282.70794677734375,1.3809523582458496,1.0,0.008340000174939632,1.9395349025726318,0.11559999734163284,2.941176414489746,6.063785076141357,146.1999969482422,2.441176414489746,1225.0,11.899999618530273,15050.0,184900.0,0.4695238173007965,12.285714149475098,0.8793103694915771,0.3757575750350952,1.7166666984558105,0.04938271641731262,0.05144032835960388,58.43,35
-0.3830539559651234,0.1252230267611315,0.08034068329870976,0.3306440276749986,0.21544604871082157,0.1282941430001372,6.612126996938462,0.36777944771912086,0.010905737200887854,-0.0814160714849521,0.11730436087398147,0.0,0.03725866148315228,0.1166260031491362,1.1994856311248985,0.44471387205766705,-0.23949839455391256,0.4144713959132675,0.7673200608365458,-0.08614993038752838,-0.06486713989911508,0.3327220383584732,0.448184854314385,0.09238359052507547,0.4517813401526874,0.17112695450958615,0.1522219369609983,0.018515767009822902,0.25026110915558536,-0.259621805771898,35.0,58.0,42.0,430.0,0.3400000035762787,0.8199999928474426,50.25,169.0,146.1999969482422,282.70794677734375,1.3809523582458496,1.0,0.008200000040233135,1.9069766998291016,0.11559999734163284,2.941176414489746,6.063785076141357,146.1999969482422,2.441176414489746,1225.0,11.899999618530273,15050.0,184900.0,0.4695238173007965,12.285714149475098,0.8793103694915771,0.7633135914802551,0.6666666865348816,0.04938271641731262,0.06995885074138641,58.43,35
-0.4075436679435585,0.06990142362520908,0.057447272858533766,0.33910308919596155,0.22703176142905268,0.10336363283936441,6.727775249987783,0.4578048489852653,-0.06235589979094173,-0.05010396925616412,0.12476783246553437,0.0,-0.04317936413512541,0.12988940333716328,1.20616753148329,0.35503910402773176,-0.19370402131820671,0.2921752991242309,0.7169858878504813,-0.18801568055234913,-0.02515860182099155,0.3764143570442172,0.5037108566101652,0.17466731549149667,0.5371387177350747,0.22251497756986127,0.09535755183411797,0.05522797691189444,-0.15615738853316094,-0.1735551268279488,35.0,58.0,42.0,430.0,0.3400000035762787,0.8500000238418579,50.7400016784668,165.0,146.1999969482422,282.70794677734375,1.3809523582458496,1.0,0.008500000461935997,1.9767441749572754,0.11559999734163284,2.941176414489746,6.063785076141357,146.1999969482422,2.441176414489746,1225.0,11.899999618530273,15050.0,184900.0,0.4695238173007965,12.285714149475098,0.8793103694915771,0.9272727370262146,0.20000000298023224,0.3230452537536621,0.06995885074138641,59.11,35
-0.3528160967592479,-0.11938592343244246,0.01623220301267965,0.35982574245412496,0.26633468924698983,0.023871813855050016,2.5576957650488783,0.04898706335244832,0.014407255466399146,0.007415212027889852,0.05237451167742407,0.0,-0.08162890898883607,0.14731513531842802,1.1858569973016757,0.3540187003653159,-0.3061623825905296,0.3892625200228671,0.8575329585640545,-0.1119458061306858,0.008483587984897156,0.32231330417965426,0.34270822786482436,0.12122667077382165,0.5146587725540888,0.2474989118666526,0.11707998070707169,-0.1242534851392124,-0.7457378936562089,-0.7907429241545869,35.0,58.0,42.0,430.0,0.3400000035762787,0.8299999833106995,44.41999816894531,185.0,146.1999969482422,282.70794677734375,1.3809523582458496,1.0,0.008299999870359898,1.9302325248718262,0.11559999734163284,2.941176414489746,6.063785076141357,146.1999969482422,2.441176414489746,1225.0,11.899999618530273,15050.0,184900.0,0.4695238173007965,12.285714149475098,0.8793103694915771,1.0,0.0,0.3230452537536621,0.05144032835960388,56.76,35
-0.4372317022723732,0.1289375147322178,0.12681939956977945,0.3587060742778461,0.22967917101233848,0.02166758442858764,7.308235123769601,0.37172500176333145,-0.04572860408890633,-0.09151664654556181,0.1120711973760552,0.0,-0.052267385253098854,0.09808880852325062,1.2145831438954944,0.4652121939909843,-0.21719412690752563,0.2628013000462899,0.736577156075673,-0.07964606083974045,-0.06074725225536299,0.28209809029293,0.47960023798626583,0.13778745743871554,0.5575999952529701,0.1718630389745001,0.05068952394801226,-0.0821214574398725,0.2882060387513158,-0.2874919415356174,35.0,58.0,42.0,430.0,0.3400000035762787,0.8999999761581421,53.869998931884766,175.0,146.1999969482422,282.70794677734375,1.3809523582458496,1.0,0.008999999612569809,2.0930233001708984,0.11559999734163284,2.941176414489746,6.063785076141357,146.1999969482422,2.441176414489746,1225.0,11.899999618530273,15050.0,184900.0,0.4695238173007965,12.285714149475098,0.8793103694915771,0.7428571581840515,0.75,0.22633744776248932,0.06995885074138641,58.45,35
-0.17217295734832727,-0.1261118087892245,-0.02049724720034534,0.3355371935941779,0.3075709439293458,0.012016756123637916,1.658299067054308,0.346200981294839,0.039257702010945444,-0.019297752194673307,0.023125384188418877,0.0,-0.053106103736268506,0.23940500955393343,1.2297115212036074,0.4687269028667131,-0.25725747648375397,0.41682946862460446,0.8670901113109316,-0.11058045561779037,0.044099099280774635,0.31146207604359205,0.4043490127601893,0.11153902001474482,0.5116501923147448,0.23283856555700302,0.011709851376977392,-0.1006260684447291,-0.5275910663232171,-0.9935616716659523,35.0,58.0,42.0,430.0,0.3400000035762787,0.8299999833106995,41.119998931884766,165.0,146.1999969482422,282.70794677734375,1.3809523582458496,1.0,0.008299999870359898,1.9302325248718262,0.11559999734163284,2.941176414489746,6.063785076141357,146.1999969482422,2.441176414489746,1225.0,11.899999618530273,15050.0,184900.0,0.4695238173007965,12.285714149475098,0.8793103694915771,1.0181818008422852,-0.05000000074505806,0.3230452537536621,0.01440329197794199,49.72,35
-0.02190663942391106,-0.11196559505642635,-0.007673120539655021,0.3969457763839049,0.36052388148715203,-0.10659219668119857,-6.40142496417113,-0.07653959314267386,-0.04288877272433192,0.16433550386525228,-0.030697032855801464,0.0,-0.05532011028702161,0.14953334191078013,0.3114203147517565,0.1882751934865745,-0.14359448819789364,0.16605940616493223,0.42395671639434374,0.009953164057350063,-0.02874145781812735,0.4670773894030815,0.493880257542246,0.06591401534338501,0.35497155702720273,0.20581961479687844,0.09049622835202911,-0.020146833537757973,-0.3109606494663977,-0.23678223440498933,35.0,58.0,42.0,420.0,0.36000001430511475,0.8999999761581421,31.56999969482422,230.0,151.1999969482422,284.5333251953125,1.3809523582458496,1.0,0.008999999612569809,2.142857074737549,0.12960000336170197,2.777777671813965,6.040254592895508,151.1999969482422,2.277777671813965,1225.0,12.600000381469727,14700.0,176400.0,0.49714285135269165,12.0,0.8500000238418579,0.9347826242446899,0.25,0.1008230447769165,0.006172839552164078,49.72,35
-0.01566361508147806,-0.10608447102231772,-0.013855933595761108,0.4269662231226874,0.3912928864807677,-0.012968978292275115,-7.571268262907268,-0.13514722282032812,0.04851727611069917,0.10273560552588351,-0.0325474793776719,0.0,0.007680673169205188,0.3086763950514668,1.098258772496753,0.5844269509648958,-0.0395462877659938,0.31436883817054745,0.9239674271960409,0.022944790067916332,0.05171258416567604,0.5127553765088448,0.793062636630092,0.07006613378763063,0.27930052052133814,0.3929879544250829,-0.4187945328781137,-0.5008578102619555,-0.10040103080825731,-0.6119939497345775,35.0,58.0,42.0,440.0,0.3400000035762787,0.8500000238418579,30.25,225.0,149.60000610351562,289.28253173828125,1.3809523582458496,1.0,0.008500000461935997,1.9318181276321411,0.11559999734163284,2.941176414489746,6.086774826049805,149.60000610351562,2.441176414489746,1225.0,11.899999618530273,15400.0,193600.0,0.4695238173007965,12.571428298950195,0.8793103694915771,0.8444444537162781,0.5833333134651184,0.3230452537536621,0.006172839552164078,38.17,35
-0.5919988929142426,0.02558784271944064,0.08137473526887934,0.3609252997605698,0.24424476557977196,-0.03355546376775577,6.3991544792552375,-0.49881662558891154,0.0018549457546263935,0.3997592162365034,0.059140225754633825,0.0,0.02763759982260829,0.04646777782450295,1.242457212278785,0.44590203375283616,-0.10272227691763577,0.367414848722621,0.8869967745903045,-0.18730871656553313,-0.037886901234448774,0.3628218181490857,0.8028036010999625,0.1409240658323146,0.4559482291733259,0.24804431985956044,0.4082914535088741,1.1233312933822073,-0.7173901075740444,-0.8850241822453295,35.0,58.0,42.0,440.0,0.3400000035762787,0.800000011920929,50.7400016784668,205.0,149.60000610351562,289.28253173828125,1.3809523582458496,1.0,0.00800000037997961,1.8181818723678589,0.11559999734163284,2.941176414489746,6.086774826049805,149.60000610351562,2.441176414489746,1225.0,11.899999618530273,15400.0,193600.0,0.4695238173007965,12.571428298950195,0.8793103694915771,0.4878048896789551,1.75,0.3230452537536621,0.006172839552164078,51.2,35
-0.23006303754932236,-0.1316208339696058,-0.0025110766517980063,0.3310662232230489,0.33347364661867024,-0.10105206562369089,-5.024266372031789,-0.4114686748580569,-0.13738492615439027,0.031911741103731635,0.0028991116703473885,0.0,-0.05539430434581687,0.1967160649325335,1.2942959347026302,0.44426158818340256,-0.03697819253866621,-0.01914722354456296,0.7779805391147767,0.014868214492050669,0.0189875821235532,0.5370964994409088,0.7782640845023656,0.13663721048419367,0.31065476353726923,0.25725808896662034,-0.028977625582082632,-0.14723970449575347,0.4284939515097063,-0.34878989845523506,35.0,58.0,42.0,440.0,0.3499999940395355,0.8999999761581421,34.41999816894531,210.0,154.0,293.6825256347656,1.3809523582458496,1.0,0.008999999612569809,2.045454502105713,0.12250000238418579,2.857142925262451,6.086774826049805,154.0,2.357142925262451,1225.0,12.25,15400.0,193600.0,0.4833333194255829,12.571428298950195,0.8644067645072937,0.9523809552192688,0.1666666716337204,0.22633744776248932,0.20576131343841553,38.82,35
-0.5376889835709021,0.08213588241775481,0.09733134216336319,0.2908756614035383,0.2614858361429256,0.03788680225352065,6.481567131475884,-0.4911936633856522,-0.09868573261676997,0.4114154314295022,0.11039897711080071,0.0,-0.046423156390800004,0.12737749446994437,1.2171997615310923,0.4165888613547044,-0.0867807271098225,0.23843768959809036,0.7834496602518495,-0.09143384485782054,-0.06381163962875276,0.34651305382476355,0.8586428994136629,0.09143174792101937,0.46954910094145125,0.17153278938693414,-0.14191833590050928,0.013244837797055837,0.44677877157519424,-0.4160117000778343,35.0,58.0,42.0,440.0,0.3400000035762787,0.8999999761581421,49.77000045776367,195.0,149.60000610351562,289.28253173828125,1.3809523582458496,1.0,0.008999999612569809,2.045454502105713,0.11559999734163284,2.941176414489746,6.086774826049805,149.60000610351562,2.441176414489746,1225.0,11.899999618530273,15400.0,193600.0,0.4695238173007965,12.571428298950195,0.8793103694915771,0.8461538553237915,0.5,0.22633744776248932,0.20576131343841553,55.23,35
-0.5097743362642995,0.0021016549425760997,0.05754150790469853,0.2689881719418872,0.20170635049353713,0.0014830840530740378,7.074298378115537,-0.7268708760314654,0.024692492143515644,0.4072062562396454,0.11925662370828197,0.0,-0.007633149492739791,0.1761020026530437,1.235922954203699,0.31784648634260265,-0.06248628566482051,0.02758559417382751,0.7822505795672918,-0.11408399528604586,-0.03392982658083377,0.4087941773775832,0.8057113097474982,0.20305638722380603,0.39665669546224336,0.2506205245026388,0.024036678738600648,-0.05757756030266765,-0.6393462266603758,-0.613838458114732,35.0,58.0,42.0,440.0,0.3499999940395355,0.8999999761581421,50.7400016784668,205.0,154.0,293.6825256347656,1.3809523582458496,1.0,0.008999999612569809,2.045454502105713,0.12250000238418579,2.857142925262451,6.086774826049805,154.0,2.357142925262451,1225.0,12.25,15400.0,193600.0,0.4833333194255829,12.571428298950195,0.8644067645072937,0.9268292784690857,0.25,0.3230452537536621,0.05144032835960388,51.2,35
-0.243582751483314,-0.13824272748568298,-0.02498885241452024,0.3292480981228527,0.33697363278224624,-0.010409383143186268,-4.956186704637944,-0.49055257722901663,-0.09418649465129172,0.07891005860726917,-0.00551089110399085,0.0,-0.03223473993450618,0.1945067302862461,1.2084690693875997,0.40616213024557846,-0.028303323904934286,0.03893903611004366,0.8102528998899349,-0.06832762015949366,-0.06259976903954524,0.5330768123037831,0.6311115856839802,0.0967764653988331,0.3196391650321557,0.26402993697958654,0.1567324074902479,-0.06497637494426294,0.3640048381089557,-0.4348914674090073,35.0,58.0,42.0,440.0,0.3499999940395355,0.8500000238418579,34.41999816894531,210.0,154.0,293.6825256347656,1.3809523582458496,1.0,0.008500000461935997,1.9318181276321411,0.12250000238418579,2.857142925262451,6.086774826049805,154.0,2.357142925262451,1225.0,12.25,15400.0,193600.0,0.4833333194255829,12.571428298950195,0.8644067645072937,1.0,0.0,0.22633744776248932,0.05144032835960388,38.82,35
-0.34684447192635126,-0.048231914925485446,-0.015434634454264544,0.347059478440718,0.17295617190065893,0.01682838234979238,3.7999229121171805,-0.42401280800439406,0.08769453404073986,0.0035527604247156614,0.07433676142538431,0.0,-0.032195086928481345,0.13639203647806095,1.2084077031064833,0.5630930145125643,-0.278787050833099,0.3162402066776326,0.8377652676900179,-0.13513596833662697,0.01870027673195835,0.37260153155313697,0.9688266327154422,0.0226985780876397,0.4321856769323842,0.20805709593794844,-0.1350113749998586,0.03969325631007405,-0.5366405397924902,-0.6459503026110617,35.0,58.0,42.0,435.0,0.33000001311302185,0.8500000238418579,45.75,190.0,143.5500030517578,281.6452331542969,1.3809523582458496,1.0,0.008500000461935997,1.954023003578186,0.10890000313520432,3.0303030014038086,6.075345993041992,143.5500030517578,2.5303030014038086,1225.0,11.550000190734863,15225.0,189225.0,0.45571428537368774,12.428571701049805,0.8947368264198303,0.8421052694320679,0.5,0.3230452537536621,0.05144032835960388,48.21,35
-0.3451548649451047,0.0176586899845635,0.09539975451758478,0.30260133022389335,0.24721427329483153,0.03922892371868991,8.46677433194481,-0.30222744398481033,-0.08680416873073245,0.4152638685595725,0.09256763161004906,0.0,-0.0683093522554203,0.13989707636509618,1.2184930487139543,0.42143993996276224,-0.2649435419791648,0.2655778179325348,0.7428434793426781,-0.08030607232921216,-0.053218706129829284,0.2902773782648015,0.8430223560799143,0.10322900370342568,0.4761286010881845,0.27989312699174845,-0.11843117474904315,-0.04676119263672543,-0.06615757027931699,-0.34735250875230017,35.0,58.0,42.0,435.0,0.3400000035762787,0.8999999761581421,57.59000015258789,190.0,147.89999389648438,285.9952392578125,1.3809523582458496,1.0,0.008999999612569809,2.068965435028076,0.11559999734163284,2.941176414489746,6.075345993041992,147.89999389648438,2.441176414489746,1225.0,11.899999618530273,15225.0,189225.0,0.4695238173007965,12.428571701049805,0.8793103694915771,0.8947368264198303,0.3333333432674408,0.1008230447769165,0.20576131343841553,61.53,35
-0.37292354893850366,0.0705455775601892,0.10654242134073647,0.2969537103727343,0.2727895314232737,0.01804675162358796,5.227372880825831,-0.42033672001348926,-0.044380587508278405,0.33390096447090317,0.08982572801862998,0.0,-0.07595611943480288,0.11856414957486847,1.2232827571869231,0.4624116707724901,-0.2425563822483164,0.37957661913298696,0.7310677445010162,-0.06024761586234678,-0.06223040130950543,0.3342663846163988,0.8357545620577069,0.0425211422503276,0.4314427100788021,0.16585022224763354,-0.06275047837477257,-0.07994301761299046,0.02476774546359727,-0.4769890115420785,35.0,58.0,42.0,435.0,0.3400000035762787,0.8999999761581421,48.09000015258789,195.0,147.89999389648438,285.9952392578125,1.3809523582458496,1.0,0.008999999612569809,2.068965435028076,0.11559999734163284,2.941176414489746,6.075345993041992,147.89999389648438,2.441176414489746,1225.0,11.899999618530273,15225.0,189225.0,0.4695238173007965,12.428571701049805,0.8793103694915771,0.8205128312110901,0.5833333134651184,0.1666666716337204,0.20576131343841553,52.65,35
-0.29804459813596285,0.01868250211097399,0.08831287216544204,0.2764513719462412,0.2258628804646641,0.047305929429954735,8.724304995696176,0.2714697789543269,-0.04303860941701234,0.3919543430174238,0.0991718683006842,0.0,-0.07189599841565267,0.13112045769351557,1.2011442985244674,0.43428010877923745,-0.238706804690168,0.3455973555074414,0.7519859328020951,-0.08303062840439644,-0.0404708907019009,0.299065180527038,0.8903292396989234,0.15186684232178846,0.48016393112116823,0.2867360744195525,-0.07835347878216342,-0.07681608363839158,-0.27631452875446455,-0.4064826313090246,35.0,58.0,42.0,435.0,0.3400000035762787,0.8999999761581421,57.59000015258789,170.0,147.89999389648438,285.9952392578125,1.3809523582458496,1.0,0.008999999612569809,2.068965435028076,0.11559999734163284,2.941176414489746,6.075345993041992,147.89999389648438,2.441176414489746,1225.0,11.899999618530273,15225.0,189225.0,0.4695238173007965,12.428571701049805,0.8793103694915771,0.9411764740943909,0.1666666716337204,0.07407407462596893,0.20576131343841553,61.53,35
-0.23381397004488896,-0.02559339349535037,0.03052545218710466,0.29159254688975667,0.26457350201874796,-0.048304076911396154,0.3702551473640981,-0.2730960301413296,0.12447507777101643,0.446582250690712,0.02566318556875534,0.0,-0.10143793806743019,0.20306012986158753,1.2843212990093025,0.5056620971616159,-0.2814453096034894,0.420780984184897,0.8256224889347293,0.11533053655577648,0.033386480672106505,0.3081776516224177,0.910093432226132,0.047893009379216124,0.30605490429191806,0.1791335346684221,-0.06650468202675992,0.03503961287194258,0.37879602256429706,-0.3403894253101385,35.0,58.0,42.0,435.0,0.3400000035762787,0.8999999761581421,39.79999923706055,200.0,147.89999389648438,285.9952392578125,1.3809523582458496,1.0,0.008999999612569809,2.068965435028076,0.11559999734163284,2.941176414489746,6.075345993041992,147.89999389648438,2.441176414489746,1225.0,11.899999618530273,15225.0,189225.0,0.4695238173007965,12.428571701049805,0.8793103694915771,0.8500000238418579,0.5,0.02469135820865631,0.20576131343841553,47.2,35
-0.27382440610800474,-0.08062598443422768,0.025814836412467807,0.24310700161774282,0.2721863095769363,-0.016325669135391074,1.680785938005119,-0.646514103110838,0.04919806036641512,0.4339561361446023,0.039626345929303954,0.0,-0.06686947882661697,0.19683094103495757,1.2681154782807282,0.40178801367576783,-0.28494857111870125,0.3770141502576607,0.7967353432781866,0.08311301185210565,0.03511759972609662,0.31005260943658164,0.8922284952197002,-0.010785028708505447,0.2850494332694701,0.11698983096016574,0.04377597169055492,-0.07197319423570495,0.5480608742707476,-0.2869319166819827,35.0,58.0,42.0,435.0,0.3400000035762787,0.8999999761581421,41.29999923706055,195.0,147.89999389648438,285.9952392578125,1.3809523582458496,1.0,0.008999999612569809,2.068965435028076,0.11559999734163284,2.941176414489746,6.075345993041992,147.89999389648438,2.441176414489746,1225.0,11.899999618530273,15225.0,189225.0,0.4695238173007965,12.428571701049805,0.8793103694915771,0.9487179517745972,0.1666666716337204,0.02469135820865631,0.039094649255275726,52.55,35
-0.3443112720653039,-0.09880767817162184,0.009978628389107454,0.26718392205416086,0.2463509737755087,0.003819985697714543,3.7120419553581465,0.37177128520367025,0.005503475322185172,0.41484159107572344,0.07562279970579601,0.0,-0.029627879257356163,0.2410428368175933,1.1703092602207321,0.41393804710550897,-0.26330744935164735,0.4324782400726194,0.8876429486446875,-0.1317002287237797,-0.059943828562891446,0.3332366295494216,0.7983856123118156,0.033260099290535944,0.3620707639232134,0.19464766750886459,0.27158308254503527,-0.13490709548374427,0.17664278581091977,-0.15511233103024186,35.0,58.0,42.0,435.0,0.3400000035762787,0.8500000238418579,45.79999923706055,150.0,147.89999389648438,285.9952392578125,1.3809523582458496,1.0,0.008500000461935997,1.954023003578186,0.11559999734163284,2.941176414489746,6.075345993041992,147.89999389648438,2.441176414489746,1225.0,11.899999618530273,15225.0,189225.0,0.4695238173007965,12.428571701049805,0.8793103694915771,1.0666667222976685,-0.1666666716337204,0.04938271641731262,0.039094649255275726,51.95,35
-0.21965615250550177,-0.08194857474751885,0.02237446821392686,0.27591115098282143,0.2126969987185615,-0.0247210587563159,4.1307071649442495,0.13288193212223268,-0.02368744606021144,0.5314423072266583,0.09190188570645601,0.0,-0.05053857732667561,0.12542493694837115,1.2959210732254982,0.4247678180938079,-0.300384651319987,0.024592780705377085,0.8973221471322629,-0.0743672974910865,-0.05468423142975471,0.31706140201967764,0.8246826792081243,0.16591985014237465,0.2854407254857154,0.24279859463235087,-0.19711851440146627,-0.11213392102605393,-0.32383495072793794,-0.418403959827684,35.0,58.0,42.0,435.0,0.3499999940395355,0.8999999761581421,44.900001525878906,170.0,152.25,290.3452453613281,1.3809523582458496,1.0,0.008999999612569809,2.068965435028076,0.12250000238418579,2.857142925262451,6.075345993041992,152.25,2.357142925262451,1225.0,12.25,15225.0,189225.0,0.4833333194255829,12.428571701049805,0.8644067645072937,0.970588207244873,0.0833333358168602,0.07407407462596893,0.20576131343841553,48.0,35
-0.2848897468072603,-0.12589530741266497,-0.015080691722023452,0.2914718330717933,0.19649616149773078,-0.03806033388162846,3.9377217428168074,0.27987843485974373,0.03172960699640374,0.5872755230689901,0.09952914048386192,0.0,-0.012177717542694892,0.22463648730974065,1.2015931431290094,0.3963009005355933,-0.30151835520636844,0.0368497910099184,0.9133095132540566,-0.17491418154545416,-0.060468299363462104,0.3234726405192741,0.7927164556040935,0.23090967783490396,0.37273403927007065,0.28380508387267633,0.5515008783260287,-0.17225549978060428,-0.5097490444756542,-0.9181072900602486,35.0,58.0,42.0,435.0,0.3499999940395355,0.8999999761581421,44.900001525878906,170.0,152.25,290.3452453613281,1.3809523582458496,1.0,0.008999999612569809,2.068965435028076,0.12250000238418579,2.857142925262451,6.075345993041992,152.25,2.357142925262451,1225.0,12.25,15225.0,189225.0,0.4833333194255829,12.428571701049805,0.8644067645072937,1.0882352590560913,-0.25,0.3230452537536621,0.039094649255275726,46.0,35
-0.11457182503091083,-0.12936095425276847,-0.06195050350012914,0.2987985325396585,0.32261664596816153,-0.030952434801811077,1.5902217868786814,0.17826924992651325,0.08302489335895913,0.42661721381145595,0.021030041376670968,0.0,-0.04719207959599557,0.13727114484811132,1.1991358520138715,0.5527999934997734,-0.2443485815137857,0.6458872226177444,0.9068238621075316,-0.10504861013866734,-0.047847843229740894,0.3363403291255866,0.8327307839906138,0.1997421587237306,0.5255696202769253,0.2766465517525741,0.36054460271855815,0.34424977383924316,-0.018046751934483563,0.42903133882532285,35.0,58.0,42.0,435.0,0.3400000035762787,0.8500000238418579,40.900001525878906,50.0,147.89999389648438,285.9952392578125,1.3809523582458496,1.0,0.008500000461935997,1.954023003578186,0.11559999734163284,2.941176414489746,6.075345993041992,147.89999389648438,2.441176414489746,1225.0,11.899999618530273,15225.0,189225.0,0.4695238173007965,12.428571701049805,0.8793103694915771,3.700000047683716,-2.25,0.3230452537536621,0.35596707463264465,56.0,35
-0.11493228351256556,-0.09712197697880115,0.01934620164751662,0.26705648653920944,0.21702165994298128,-0.029832176865411897,2.6291169458775343,-0.24563229364201053,0.006326189437136764,0.3906036761076768,0.06148834824398666,0.0,-0.06292172653677959,0.2038566335176571,1.1666744865023362,0.36492719468509993,-0.2800103451742562,0.38704853477011225,0.8334815305826057,-0.11040919583265257,-0.031751989278285805,0.3706464063142275,0.8303070035273356,0.1774170896845667,0.433470230050349,0.25424027834916885,0.147159533593881,-0.07681744298793823,-0.34186827581665125,-0.3221376459866475,35.0,58.0,42.0,435.0,0.3400000035762787,0.8999999761581421,44.0,220.0,147.89999389648438,285.9952392578125,1.3809523582458496,1.0,0.008999999612569809,2.068965435028076,0.11559999734163284,2.941176414489746,6.075345993041992,147.89999389648438,2.441176414489746,1225.0,11.899999618530273,15225.0,189225.0,0.4695238173007965,12.428571701049805,0.8793103694915771,0.9772727489471436,0.0833333358168602,0.3230452537536621,0.20576131343841553,57.3,35
-0.10812914074143747,-0.15336395234269878,0.01326232170219311,0.28222458818658686,0.2754182772292069,-0.005405733893049187,2.3103403532550897,0.29121768719550395,0.02912941554296324,0.4087798798587855,0.05245598338818544,0.0,-0.07290276921016889,0.10321828078750665,1.1575664444978158,0.41367071549194717,-0.28289421687690297,0.4567771467742077,0.8816510043740328,-0.09371161704916205,-0.018092017793124422,0.30749002229650507,0.8379300941298644,0.1432245635758788,0.44258245469912777,0.26749644221655877,0.12977897804285005,0.06750173704091553,0.03538508305750053,-0.23594457263812363,35.0,60.0,40.0,435.0,0.3400000035762787,0.8999999761581421,43.400001525878906,130.0,147.89999389648438,285.9952392578125,1.5,1.0,0.008999999612569809,2.068965435028076,0.11559999734163284,2.941176414489746,6.075345993041992,147.89999389648438,2.441176414489746,1225.0,11.899999618530273,15225.0,189225.0,0.5099999904632568,12.428571701049805,0.8793103694915771,1.2692307233810425,-0.5833333134651184,0.3230452537536621,0.20576131343841553,50.1,35
-0.1536202615515766,-0.1603148554440713,0.001227681256418405,0.29129190710986863,0.25711654591798794,0.0061736294915397325,1.9239897217853084,0.22669970542281745,0.08272744673113805,0.41768363120628665,0.024303002953375955,0.0,-0.11098166493031361,0.12402586174365285,1.1997952063094486,0.40961515204242066,-0.28158412906320496,0.4503979413424466,0.8743752195483337,0.004723560648264057,-0.04008415334023697,0.2432653089538759,0.7591696350863398,0.023847941792087303,0.4505649463963065,0.23169034414894205,0.13844413539073078,-0.16004423468879278,-0.32522911116153014,-0.2884251932688955,35.0,60.0,40.0,435.0,0.3400000035762787,0.8999999761581421,44.099998474121094,150.0,147.89999389648438,285.9952392578125,1.5,1.0,0.008999999612569809,2.068965435028076,0.11559999734163284,2.941176414489746,6.075345993041992,147.89999389648438,2.441176414489746,1225.0,11.899999618530273,15225.0,189225.0,0.5099999904632568,12.428571701049805,0.8793103694915771,1.0333333015441895,-0.0833333358168602,0.1008230447769165,0.20576131343841553,45.6,35
-0.21666626819605636,-0.16004405102024086,-0.01833324915950843,0.2715014403669066,0.2596573251575245,-0.020615253688282445,1.246260706068215,-0.10504696222406365,0.11887438311134434,0.36105353207095114,0.009721177315109153,0.0,-0.1275192239824602,0.25038282700063463,1.2020924791628003,0.461332016913783,-0.2832246376487142,0.4635683060435744,0.8275832877724211,0.0033582101353686264,-0.06898552432197488,0.3324400993813736,0.7674051673200307,-0.012021143375223151,0.28228087152532344,0.22938469280916954,0.23146966095168084,-0.14906204398357145,-0.24717618352718335,-0.34244687785121986,35.0,60.0,40.0,435.0,0.3400000035762787,0.8999999761581421,40.900001525878906,190.0,147.89999389648438,285.9952392578125,1.5,1.0,0.008999999612569809,2.068965435028076,0.11559999734163284,2.941176414489746,6.075345993041992,147.89999389648438,2.441176414489746,1225.0,11.899999618530273,15225.0,189225.0,0.5099999904632568,12.428571701049805,0.8793103694915771,0.9736841917037964,0.0833333358168602,0.07407407462596893,0.20576131343841553,56.0,35
-0.2716220516340015,-0.17161671337042725,-0.013829599023372068,0.28117184584250215,0.314241692141709,-0.014918637404385862,2.542254483479768,0.29164561505080794,0.0762830044642265,0.4173933932153938,-0.002252315821809114,0.0,-0.07355544639551431,0.1696712254779843,1.2150021826680169,0.3987226316878952,-0.2916936786224207,0.37974888806066526,0.8292584556386916,0.10105002565488634,0.08871769503542531,0.2573666730117291,0.9686912264113251,0.16470963700368838,0.4359253556667558,0.22257659203505653,0.06656355849247748,-0.036232609783766745,0.05566442475428298,-0.08731360147623184,35.0,60.0,40.0,435.0,0.3400000035762787,0.8999999761581421,44.0,165.0,147.89999389648438,285.9952392578125,1.5,1.0,0.008999999612569809,2.068965435028076,0.11559999734163284,2.941176414489746,6.075345993041992,147.89999389648438,2.441176414489746,1225.0,11.899999618530273,15225.0,189225.0,0.5099999904632568,12.428571701049805,0.8793103694915771,0.7878788113594055,0.5833333134651184,0.07407407462596893,0.039094649255275726,57.3,35
-0.19545499637536262,-0.06926902646582603,-0.008895493856210924,0.36848710409091734,0.33269030191331833,-0.11944600628977181,-5.076443170225032,-0.3547034342627918,-0.013565178078422353,0.1489595627227639,0.022302059880955058,0.0,-0.09565638943967619,0.22409426976113883,1.291211166964871,0.5073081020726901,-0.1755893807176046,-0.010395459367201564,0.7485230658489356,0.015058789240166577,0.026199122666997116,0.4659706622123997,0.7486092371660384,0.09245464598686594,0.32921770290401914,0.31496287081998103,-0.4487785318174191,-0.3435858048221476,-0.2903997478832499,-0.4569313877138739,35.0,60.0,40.0,435.0,0.3499999940395355,0.8999999761581421,34.29999923706055,210.0,152.25,290.3452453613281,1.5,1.0,0.008999999612569809,2.068965435028076,0.12250000238418579,2.857142925262451,6.075345993041992,152.25,2.357142925262451,1225.0,12.25,15225.0,189225.0,0.5249999761581421,12.428571701049805,0.8644067645072937,0.8333333134651184,0.5833333134651184,0.07407407462596893,0.20576131343841553,53.1,35
-0.1261798511730086,-0.0977556635217703,0.017668410778965155,0.3929304684811549,0.33432571881040946,-0.010856042709500259,-1.8554303736840947,-0.1530672145295242,0.12877241800310427,0.2824637391928051,0.0065401647145538495,0.0,-0.06779751299541693,0.19861011837956857,1.2241974735912766,0.6152821154186512,-0.21903206377495857,0.542984087862299,0.8202542558132296,0.010565690381848798,0.036956970914298164,0.34518312664072226,0.7796415297524334,0.0960444887080297,0.36136979852723283,0.25199895611907247,-0.3266663226185165,-0.2675658190410768,0.06614351462062186,0.6204011812689094,35.0,60.0,40.0,435.0,0.3400000035762787,0.8999999761581421,37.79999923706055,225.0,147.89999389648438,285.9952392578125,1.5,1.0,0.008999999612569809,2.068965435028076,0.11559999734163284,2.941176414489746,6.075345993041992,147.89999389648438,2.441176414489746,1225.0,11.899999618530273,15225.0,189225.0,0.5099999904632568,12.428571701049805,0.8793103694915771,0.8222222328186035,0.6666666865348816,0.3230452537536621,0.35596707463264465,44.1,35
-0.1261798511730086,-0.15483447347592463,-0.022569226194319884,0.3236122129881625,0.29537588628753775,0.020826129169068622,0.21047578086725702,-0.27812068633864956,0.0059102132978114475,0.3634101591663023,0.0022685040633385256,0.0,-0.02182136404767831,0.14893930523875745,1.1915230569231023,0.6574755066520996,-0.2399318602941439,0.5611549121524088,0.836525482932908,0.005763347464939723,0.03319692841403565,0.3810501805624432,0.9716522441089172,0.21553297649917214,0.3749103799938849,0.2896555998723927,0.6760159888525796,1.9054474914076287,-0.5247237643245488,0.751684323332007,35.0,60.0,40.0,435.0,0.3400000035762787,0.8500000238418579,39.70000076293945,215.0,147.89999389648438,285.9952392578125,1.5,1.0,0.008500000461935997,1.954023003578186,0.11559999734163284,2.941176414489746,6.075345993041992,147.89999389648438,2.441176414489746,1225.0,11.899999618530273,15225.0,189225.0,0.5099999904632568,12.428571701049805,0.8793103694915771,0.7209302186965942,1.0,0.3230452537536621,0.35596707463264465,46.7,35
-0.10052330495667916,-0.0971791695803786,0.009271450163621122,0.2974978510819365,-0.4239089235585609,0.03612491596892264,2.4690396988668613,-0.07126908646183161,-0.27860909104378384,0.5655424092378806,0.04367477214547526,0.0,-0.007867925364124905,0.18115416291554556,-0.7938611305657068,-0.44989954284984973,-0.27294458512044806,-0.2095856601091597,-0.28485181076422833,-0.0359666848382599,0.917053233359138,0.3403335844607486,0.5655471182793969,-0.08165478954716959,0.35720883957707333,0.08578568703776132,-0.07430973035816323,-0.036086576214058794,-0.31254864001169497,-0.5062519841315133,35.0,60.0,40.0,435.0,0.4099999964237213,0.8999999761581421,43.29999923706055,180.0,178.35000610351562,316.44525146484375,1.5,1.0,0.008999999612569809,2.068965435028076,0.1680999994277954,2.4390244483947754,6.075345993041992,178.35000610351562,1.9390244483947754,1225.0,14.350000381469727,15225.0,189225.0,0.6150000095367432,12.428571701049805,0.7846153974533081,0.9444444179534912,0.1666666716337204,0.3230452537536621,0.20576131343841553,46.6,35
-0.203975256692397,-0.134691454911124,-0.02896976938119111,0.29927920575988115,0.31485469414329886,-0.008730759089200032,0.5565177307420841,-0.5943660575781964,0.040644015640037306,-0.017375820125232484,0.00314628319558748,0.0,-0.07469831775100198,0.19930517967441114,1.2627081828092306,0.42660279066269163,-0.2750417795242019,0.2907472987820108,0.7903371841663127,0.09494448243478701,0.051114011186792624,0.3318210675003328,0.4387153696395603,0.010237086174347466,0.3124176445380885,0.17314000598834048,-0.2884459898044647,-0.18750410529401781,0.031164177109639504,-0.34372267942636237,35.0,60.0,40.0,430.0,0.3400000035762787,0.8999999761581421,40.5,200.0,146.1999969482422,282.70794677734375,1.5,1.0,0.008999999612569809,2.0930233001708984,0.11559999734163284,2.941176414489746,6.063785076141357,146.1999969482422,2.441176414489746,1225.0,11.899999618530273,15050.0,184900.0,0.5099999904632568,12.285714149475098,0.8793103694915771,0.8999999761581421,0.3333333432674408,0.1008230447769165,0.05144032835960388,41.6,35
-0.4536855535880604,-0.16762614647139118,-0.06031265078363451,0.3305718502985347,0.2211782367856684,-0.033985490730403474,6.007678454851835,-0.2780325100963387,-0.07582946654025628,0.3535342687784579,0.004910645313877817,0.0,-0.06356340303182792,0.13990379821085625,1.2547969271132782,0.4901556621059453,-0.24710332126282802,0.3030237829405116,0.7479542320291975,-0.07901801799916704,-0.055652647371253285,0.36878373359833505,0.8455798480440122,0.14731291873117752,0.4054725400031609,0.26360468984919455,-0.11170699322405854,1.0102687065597686,-0.005615108700913309,-0.49573936856760364,35.0,60.0,40.0,435.0,0.3400000035762787,0.8999999761581421,51.900001525878906,215.0,147.89999389648438,285.9952392578125,1.5,1.0,0.008999999612569809,2.068965435028076,0.11559999734163284,2.941176414489746,6.075345993041992,147.89999389648438,2.441176414489746,1225.0,11.899999618530273,15225.0,189225.0,0.5099999904632568,12.428571701049805,0.8793103694915771,0.6744186282157898,1.1666666269302368,0.1008230447769165,0.20576131343841553,52.3,35
-0.3661204061673756,-0.1637736628555892,-0.07628351663276961,0.3050412598890315,0.26391805622976816,-0.019821796119453367,5.242009961421358,-0.06618934499338204,-0.09012123668236799,0.3163444621709829,0.025505819408636905,0.0,-0.049135607134891554,0.12496126788505241,1.173097555198762,0.5429028036152996,-0.2143422940531822,0.3914342367825019,0.7370598760447777,-0.04679468632331443,-0.05815707100112019,0.3738221023544472,0.8679457802098465,0.15179561856673213,0.40969448608903436,0.26005772071572275,0.586408489964632,1.7801719260581572,0.1876646096363211,-0.48465675110287965,35.0,60.0,40.0,435.0,0.3400000035762787,0.8999999761581421,47.79999923706055,220.0,147.89999389648438,285.9952392578125,1.5,1.0,0.008999999612569809,2.068965435028076,0.11559999734163284,2.941176414489746,6.075345993041992,147.89999389648438,2.441176414489746,1225.0,11.899999618530273,15225.0,189225.0,0.5099999904632568,12.428571701049805,0.8793103694915771,0.7272727489471436,1.0,0.22633744776248932,0.20576131343841553,52.8,35
-0.15822104984870133,-0.13319163109959475,0.0006373462456830972,0.337312178340756,0.28158523532874646,-0.03330329769112074,2.632307296649937,0.08153934303654395,0.11237103056528853,-0.030991252495388654,0.03420370890228244,0.0,-0.07923099027319211,0.1604378033119488,1.2115463272680367,0.4682088760365064,-0.2164806721589474,0.4103625443111159,0.7768883883795846,0.09074224020763928,0.05560027358466474,0.3935513771696643,0.4802384247743732,0.11066705378938624,0.4506106756241641,0.25129006730644526,-0.3661776493786305,-0.15845519834764835,0.31909222443706403,-0.3712105441742929,35.0,60.0,40.0,430.0,0.3400000035762787,0.8999999761581421,43.900001525878906,210.0,146.1999969482422,282.70794677734375,1.5,1.0,0.008999999612569809,2.0930233001708984,0.11559999734163284,2.941176414489746,6.063785076141357,146.1999969482422,2.441176414489746,1225.0,11.899999618530273,15050.0,184900.0,0.5099999904632568,12.285714149475098,0.8793103694915771,0.8333333134651184,0.5833333134651184,0.22633744776248932,0.20576131343841553,50.4,35
-0.4536855535880604,-0.16762614647139118,-0.0654578182753967,0.38431015392597984,0.17565566266409105,-0.037993176703424295,5.920937163348941,-0.18449299807680022,-0.0921539273222303,-0.1040017317393389,0.004910645313877817,0.0,-0.059855835156877854,0.10341298592205506,1.2547969271132782,0.49850230210772495,-0.24710332126282802,0.22805647414864186,0.7146404649498441,-0.07897679086052041,-0.05904246952513796,0.3603848450074274,0.4427935430304686,0.12854583881998574,0.37294615629070815,0.2711434943410884,-0.12171146571902686,0.9899753763983559,-0.0481146350387483,-0.49659584767566745,35.0,60.0,40.0,425.0,0.3400000035762787,0.8999999761581421,51.900001525878906,215.0,144.5,279.4206237792969,1.5,1.0,0.008999999612569809,2.117647171020508,0.11559999734163284,2.941176414489746,6.052089214324951,144.5,2.441176414489746,1225.0,11.899999618530273,14875.0,180625.0,0.5099999904632568,12.142857551574707,0.8793103694915771,0.6744186282157898,1.1666666269302368,0.1008230447769165,0.20576131343841553,52.3,35
0.00032374705670655855,-0.06694390743625812,0.0020051848874733254,0.43992418953491874,0.34506710491333153,-0.08967277153440265,-5.9436447337874085,0.032776047661175006,0.13089567733559485,-0.05375497162820171,0.06210416224565998,0.0,-0.054482477999431865,0.20046560685660308,1.2199942748696255,0.7004190281266529,-0.14008339052703378,0.2933574351205003,0.9016129988761811,-0.03986596887935606,0.08757544895107235,0.4979728900637091,0.8117550221515376,0.034864791211066476,0.3763508653266065,0.4079083975398596,-0.0037481704913900752,-0.06764606756410771,-0.3193402470136104,-0.67887722021269,35.0,60.0,40.0,435.0,0.33000001311302185,0.8999999761581421,32.79999923706055,180.0,143.5500030517578,281.6452331542969,1.5,1.0,0.008999999612569809,2.068965435028076,0.10890000313520432,3.0303030014038086,6.075345993041992,143.5500030517578,2.5303030014038086,1225.0,11.550000190734863,15225.0,189225.0,0.4950000047683716,12.428571701049805,0.8947368264198303,0.9166666865348816,0.25,0.3230452537536621,0.05144032835960388,40.1,35
-0.20857604498952176,-0.14589060135890244,0.003115930670778978,0.34729563573280275,0.20847297172530987,0.0029608112969947953,0.03991153636888411,-0.4168864267078409,0.14604439035217467,0.06551345024574746,-0.01453332264361344,0.0,-0.06322948036814914,0.20473655879658137,1.3194791719159646,0.6015843283503544,-0.2752670236649057,0.25508540909139515,0.7818104370201349,0.11583353128580817,0.03936530332725109,0.3073634971875157,0.8764064157839029,0.012410602463928846,0.3348460991615435,0.1527761468762467,-0.2520311841390284,0.05064848319961224,-0.0585112493468382,-0.437039505268372,35.0,60.0,40.0,435.0,0.33000001311302185,0.8999999761581421,40.0,195.0,143.5500030517578,281.6452331542969,1.5,1.0,0.008999999612569809,2.068965435028076,0.10890000313520432,3.0303030014038086,6.075345993041992,143.5500030517578,2.5303030014038086,1225.0,11.550000190734863,15225.0,189225.0,0.4950000047683716,12.428571701049805,0.8947368264198303,0.8461538553237915,0.5,0.1008230447769165,0.05144032835960388,48.3,35
-0.4284210144577912,-0.13924544267794436,0.025488534074789362,0.2484965538179176,0.1481040544972613,-0.0006809025267467598,5.828627090429794,-0.5284813996191895,0.43879405400304716,-0.01862910741558059,0.04325050293518328,0.0,0.12378428841542431,0.17347874974149424,1.1798000226968854,0.3604949398428575,-0.27173249346020906,0.4556372138462329,0.8177742335637125,-0.41488118854841266,0.015092431705910375,0.4218440338580571,0.8803616787311929,0.1198132894612487,0.4512229971409494,0.2576780483667897,-0.07170780625560513,0.01400183027782377,-0.19036094113211421,0.6974597872927425,35.0,60.0,40.0,435.0,0.3199999928474426,0.949999988079071,51.70000076293945,200.0,139.1999969482422,277.29522705078125,1.5,1.0,0.009499999694526196,2.183907985687256,0.10239999741315842,3.125,6.075345993041992,139.1999969482422,2.625,1225.0,11.199999809265137,15225.0,189225.0,0.47999998927116394,12.428571701049805,0.9107142686843872,0.875,0.4166666567325592,0.3230452537536621,0.35596707463264465,54.8,35
-0.36667357086990277,-0.19783200981498722,-0.04732839828182631,0.28979668287497035,0.15519270659071172,-0.013542854344761743,5.671882466484722,-0.10432615143393333,0.39466109527904825,-0.02156635094591441,-0.008960415887401003,0.0,0.1473044102547608,0.18823961806465633,1.156558439235996,0.4843855720657125,-0.210180303406029,0.3956637957234464,0.8212807181647853,-0.331296707697813,-0.018215423039854607,0.40619647930096414,0.8458437895981757,0.10328891484388089,0.3939276848986739,0.26578763365846186,0.8258955686735825,2.189568441640335,0.050135047834691346,0.7875001036487828,35.0,60.0,40.0,435.0,0.3199999928474426,0.949999988079071,49.599998474121094,215.0,139.1999969482422,277.29522705078125,1.5,1.0,0.009499999694526196,2.183907985687256,0.10239999741315842,3.125,6.075345993041992,139.1999969482422,2.625,1225.0,11.199999809265137,15225.0,189225.0,0.47999998927116394,12.428571701049805,0.9107142686843872,0.6976743936538696,1.0833333730697632,0.1008230447769165,0.35596707463264465,54.3,35
-0.3272516932576858,-0.19607720699998288,-0.02797822498145089,0.28034838093021797,0.07482549392981264,-0.10248498486833345,3.9001071362119912,0.1457828553759783,-0.009677425676662682,-0.47332784904142466,-0.10035303682337235,0.0,0.14337145175313967,0.21258274954056539,1.2018025990283878,0.18081760838341293,-0.26153885849847797,0.22171741973691242,0.7488695623522283,-0.31332725303668085,-0.09707908830786645,0.4035863586335399,0.8523208507800639,-0.02903705997560021,0.3119777543884564,0.42408435363720165,-0.29945797365454424,-0.02779315919961482,-0.19580366864062262,0.5592033713582069,35.0,60.0,40.0,435.0,0.30000001192092896,0.949999988079071,47.5,210.0,130.5,268.5952453613281,1.5,1.0,0.009499999694526196,2.183907985687256,0.09000000357627869,3.3333332538604736,6.075345993041992,130.5,2.8333332538604736,1225.0,10.5,15225.0,189225.0,0.44999998807907104,12.428571701049805,0.9444444179534912,0.8095238208770752,0.6666666865348816,0.07407407462596893,0.35596707463264465,54.3,35
-0.2964555795619629,-0.2138400674572358,0.03748021304427181,0.27039757282003424,0.06889414766242784,-0.0989778892423498,2.9413869089959044,0.11676262766608349,-0.09667844982503389,-0.4658665288476609,-0.07150503192591731,0.0,0.1752604211103857,0.22612312163841258,1.2326991039179263,0.18204001981637186,-0.35406266240500683,0.2235357301717203,0.8963536699391867,-0.2525447161631928,-0.022086036000709956,0.3346415848679405,0.9437376362375431,-0.03260517678566257,0.3274462968753794,0.6243102875452401,-0.03208369490439234,-0.09617915236466415,-0.1509977924359345,0.38903397904727216,35.0,60.0,40.0,435.0,0.30000001192092896,0.949999988079071,45.400001525878906,160.0,130.5,268.5952453613281,1.5,1.0,0.009499999694526196,2.183907985687256,0.09000000357627869,3.3333332538604736,6.075345993041992,130.5,2.8333332538604736,1225.0,10.5,15225.0,189225.0,0.44999998807907104,12.428571701049805,0.9444444179534912,0.9375,0.1666666716337204,0.04938271641731262,0.35596707463264465,51.9,35
-0.28932587553274813,-0.20607440195717464,0.03996745240638859,0.30928881655956975,0.18153652932359782,-0.06353383641964391,3.446196031339144,-0.4604872486320632,0.18179597707590883,-0.002181041342187494,0.021628683940006936,0.0,0.20382659913454576,0.1725255331425128,1.219405967357265,0.5265942867613317,-0.3628616189212671,0.45329134057996084,0.8733310811191486,-0.24327541604256472,0.016460744862197743,0.44013436079941104,0.9815532944396553,0.1522191606530178,0.43320782655987183,0.2564891353882547,-0.064716708475555,-0.05934464049867882,-0.26424921744714713,0.6583507037716897,35.0,60.0,40.0,435.0,0.33000001311302185,0.949999988079071,45.70000076293945,195.0,143.5500030517578,281.6452331542969,1.5,1.0,0.009499999694526196,2.183907985687256,0.10890000313520432,3.0303030014038086,6.075345993041992,143.5500030517578,2.5303030014038086,1225.0,11.550000190734863,15225.0,189225.0,0.4950000047683716,12.428571701049805,0.8947368264198303,0.7948718070983887,0.6666666865348816,0.3230452537536621,0.35596707463264465,50.3,35
-0.34816663466822945,-0.22733477797663693,0.026085844668521548,0.2854930941125754,0.046999833280852846,-0.1371626102079803,2.7783523527132674,0.020457722120806116,-0.07576608256657283,-0.44606735148923793,-0.09109944186978994,0.0,0.14793068342988722,0.2486426227394373,1.232908398221499,0.17505725598952132,-0.3860701743552016,0.21769860858933174,0.8069842678446563,-0.24982016008800853,-0.011556285324412562,0.3110489068516431,0.8850005588330332,0.014003165660919954,0.39437754238897166,0.3742343994535679,-0.5321219819732332,0.10133343429869389,-0.2227350931605758,0.5879555312465466,35.0,60.0,40.0,435.0,0.30000001192092896,0.949999988079071,44.900001525878906,190.0,130.5,268.5952453613281,1.5,1.0,0.009499999694526196,2.183907985687256,0.09000000357627869,3.3333332538604736,6.075345993041992,130.5,2.8333332538604736,1225.0,10.5,15225.0,189225.0,0.44999998807907104,12.428571701049805,0.9444444179534912,0.8421052694320679,0.5,0.1008230447769165,0.35596707463264465,49.3,35
-0.15939818974430256,-0.14594819566131315,0.008333176712374234,0.27798461608924646,0.2922598998430274,-0.006981814494225264,2.5086440127743312,-0.3895315633011643,0.025109620967705654,0.3922234742894922,0.041787717361797316,0.0,-0.04478678490840055,0.203769670761963,1.1827155255341726,0.4654825906335575,-0.30397993438889737,0.3883251013830718,0.7876062704272189,-0.0006967496583468085,0.061665974347416365,0.3375368611195445,0.9290203413597538,0.10695991878671507,0.4456103870345251,0.26598918635738283,-0.12380621490795352,0.005510721116790354,-0.5258002689838713,-0.7962710892311836,35.0,60.0,40.0,435.0,0.3400000035762787,0.8999999761581421,43.0,190.0,147.89999389648438,285.9952392578125,1.5,1.0,0.008999999612569809,2.068965435028076,0.11559999734163284,2.941176414489746,6.075345993041992,147.89999389648438,2.441176414489746,1225.0,11.899999618530273,15225.0,189225.0,0.5099999904632568,12.428571701049805,0.8793103694915771,0.8421052694320679,0.5,0.3230452537536621,0.039094649255275726,48.3,35
-0.23840371306270758,-0.1579383235654691,-0.025869555460068982,0.21277224519869126,0.38063105686568127,-0.14497853328830046,-0.49740224487323664,0.20428845724122938,0.15737962499561148,0.4028716966984826,-0.04282070414730068,0.0,0.14471314763178306,0.21908075645602254,1.2518369837809413,0.5815376102488585,-0.2282802214541078,0.5180954259350172,0.8680975329596511,0.02626644042056881,0.03014368488260116,0.3050058278098023,0.7486635385025717,0.058277969148481094,0.4069323647941942,0.19542122277617394,-0.340019942678812,0.05449105898983192,-0.2576823143023871,0.4327122485634071,35.0,60.0,40.0,435.0,0.3400000035762787,0.949999988079071,39.20000076293945,180.0,147.89999389648438,285.9952392578125,1.5,1.0,0.009499999694526196,2.183907985687256,0.11559999734163284,2.941176414489746,6.075345993041992,147.89999389648438,2.441176414489746,1225.0,11.899999618530273,15225.0,189225.0,0.5099999904632568,12.428571701049805,0.8793103694915771,0.8333333134651184,0.5,0.07407407462596893,0.35596707463264465,46.9,35
-0.31794924784907846,-0.17010284030579173,-0.007531278724219799,0.21684647642544413,0.3190477618346549,-0.033875737022083324,4.634830679278894,0.1473843499885976,-0.005070885588783631,0.3504144308480707,-0.008118144427003472,0.0,0.14940329840943647,0.1605136784216129,1.1951034073194982,0.4025190275724849,-0.2657123518173103,0.3831023613631744,0.7393479056639386,-0.13101850118948802,-0.08215933940624005,0.36087501305516634,0.9079612459454418,0.03375583132055572,0.41692578428245963,0.21459963234664722,-0.2941392858444303,0.03463413913703599,0.04120190544333966,-0.5534605579479035,35.0,60.0,40.0,435.0,0.3400000035762787,0.949999988079071,47.20000076293945,180.0,147.89999389648438,285.9952392578125,1.5,1.0,0.009499999694526196,2.183907985687256,0.11559999734163284,2.941176414489746,6.075345993041992,147.89999389648438,2.441176414489746,1225.0,11.899999618530273,15225.0,189225.0,0.5099999904632568,12.428571701049805,0.8793103694915771,0.8333333134651184,0.5,0.04938271641731262,0.20576131343841553,55.9,35
-0.35416542176187393,-0.1408411733874932,0.012332048711536153,0.3319804821123852,0.11330133287495725,-0.044325760761572235,4.993542323376372,-0.21004937892243203,0.10466724045939868,0.035460359299592265,-0.010723002230168702,0.0,-0.07725005870792676,0.12506570265023856,1.1974602973658366,0.5366317123550759,-0.2627025330961993,0.35570291406641585,0.7624225835756426,-0.04604463867129669,-0.0440209401062566,0.33529459749392976,0.8445461945088162,0.027259261075625162,0.30447278188853194,0.1838758207438235,-0.08867601323106744,0.02987572639883823,0.21088084292326567,0.5931774718727838,35.0,60.0,40.0,435.0,0.33000001311302185,0.8999999761581421,47.900001525878906,200.0,143.5500030517578,281.6452331542969,1.5,1.0,0.008999999612569809,2.068965435028076,0.10890000313520432,3.0303030014038086,6.075345993041992,143.5500030517578,2.5303030014038086,1225.0,11.550000190734863,15225.0,189225.0,0.4950000047683716,12.428571701049805,0.8947368264198303,0.824999988079071,0.5833333134651184,0.010288066230714321,0.35596707463264465,54.7,35
-0.2550659275151456,-0.14878757011251287,0.019313169193529184,0.2813660874942257,0.20821119037725513,-0.006863468966699487,2.1726894714894014,0.07732219434570958,0.037241841763398544,0.43626249236745684,0.015743126333253237,0.0,-0.11755952917310017,0.051419376006773196,1.1735456591336348,0.3892676748001362,-0.2837061360662119,0.4445273038402323,0.8551186194137975,0.004723560648264057,-0.019235730915493493,0.2646752817946461,0.786147629466565,0.004884865874971447,0.2944597400079072,0.19776032117129402,-0.3119160962344355,-0.13564927421697784,-0.28297511688144356,-0.32444795985823316,35.0,60.0,40.0,435.0,0.3400000035762787,0.8999999761581421,43.400001525878906,100.0,147.89999389648438,285.9952392578125,1.5,1.0,0.008999999612569809,2.068965435028076,0.11559999734163284,2.941176414489746,6.075345993041992,147.89999389648438,2.441176414489746,1225.0,11.899999618530273,15225.0,189225.0,0.5099999904632568,12.428571701049805,0.8793103694915771,1.399999976158142,-0.6666666865348816,0.010288066230714321,0.20576131343841553,54.9,35
-0.2052141120353404,-0.13730631942412222,0.011555103693250957,0.2838640832492238,0.21401050046758308,0.004958361556929007,3.883585591051361,0.15422504376862736,0.16200838203179202,0.5334299920070439,-0.02651750467245629,0.0,-0.03183962009112525,0.0720480865962589,1.2100379329985629,0.4178630648921472,-0.25044191405142174,0.1301514728968973,0.9022741097879159,-0.06477621485741233,-0.13092296123215288,0.373717273431368,0.7827931972835492,0.2074259663036163,0.3412169395196851,0.3096141029860027,0.28834981279447386,-0.194240902423289,-0.2959037081942116,-0.3084286973477161,35.0,60.0,40.0,435.0,0.3499999940395355,0.8999999761581421,46.400001525878906,120.0,152.25,290.3452453613281,1.5,1.0,0.008999999612569809,2.068965435028076,0.12250000238418579,2.857142925262451,6.075345993041992,152.25,2.357142925262451,1225.0,12.25,15225.0,189225.0,0.5249999761581421,12.428571701049805,0.8644067645072937,1.25,-0.5,0.04938271641731262,0.20576131343841553,54.4,35
-0.4533250951064057,-0.14889262147092805,-0.022510362437914034,0.3558151596983538,0.13962343127279087,-0.04087845445847725,6.000868834722564,-0.19683447760135006,0.005876925337700567,-0.004622932520134262,0.0004037111331773697,0.0,-0.07490842450824123,0.12818209607946354,1.203946356878913,0.5997626484736509,-0.22550543619909985,0.35141373935557224,0.6846423582926343,-0.06680843416158579,-0.09168452176921942,0.338557683935246,0.8419920296076556,0.04352491412332897,0.43000324603912204,0.21481741907502894,-0.08494250451806558,-0.00279749397694131,-0.031177891353918775,0.5861714541265549,35.0,60.0,40.0,435.0,0.33000001311302185,0.8999999761581421,50.70000076293945,190.0,143.5500030517578,281.6452331542969,1.5,1.0,0.008999999612569809,2.068965435028076,0.10890000313520432,3.0303030014038086,6.075345993041992,143.5500030517578,2.5303030014038086,1225.0,11.550000190734863,15225.0,189225.0,0.4950000047683716,12.428571701049805,0.8947368264198303,0.8157894611358643,0.5833333134651184,0.1666666716337204,0.35596707463264465,52.2,35
-0.3646990561765656,-0.1722692223903454,-0.0040783163445763096,0.28492401829772357,0.27330334030159337,-0.03535361787855874,4.351987699094621,-0.2686849983913327,-0.004681246461079849,0.35977141651317457,0.023572634343175067,0.0,-0.10358338819712999,0.13096574051301302,1.160176927365982,0.4996569299066416,-0.22834622770077243,0.45361563234756863,0.6961253952389537,-0.04689046744566898,-0.04788053283592905,0.34242644796848454,0.8884913797348739,0.025745796050174945,0.4088217345885845,0.20465457050567076,-0.17279571679580816,0.11930821732784688,-0.07802227290054885,0.6228610376235961,35.0,60.0,40.0,435.0,0.3400000035762787,0.8999999761581421,46.70000076293945,200.0,147.89999389648438,285.9952392578125,1.5,1.0,0.008999999612569809,2.068965435028076,0.11559999734163284,2.941176414489746,6.075345993041992,147.89999389648438,2.441176414489746,1225.0,11.899999618530273,15225.0,189225.0,0.5099999904632568,12.428571701049805,0.8793103694915771,0.8500000238418579,0.5,0.1666666716337204,0.35596707463264465,55.8,35
-0.36505951465822034,-0.16337709303649223,-0.00417373657284007,0.27858729472266613,0.3204041848832519,-0.0224887066013787,4.500152859691315,0.11920074484871822,-0.0035393181188662277,0.33868400471690435,0.00031060201122156024,0.0,-0.10307248134125176,0.12225086961177696,1.2099563260551596,0.4291671736920471,-0.23224794024818396,0.3951167254609433,0.7369550802320665,-0.0391969970431091,-0.06959140688796706,0.33399723266915243,0.9033626358175334,0.026433361147919547,0.49694485582169906,0.2062681773796582,-0.4345443032544801,0.028516413569808066,-0.12760606167568198,-0.5421434196559184,35.0,60.0,40.0,435.0,0.3400000035762787,0.8999999761581421,47.20000076293945,180.0,147.89999389648438,285.9952392578125,1.5,1.0,0.008999999612569809,2.068965435028076,0.11559999734163284,2.941176414489746,6.075345993041992,147.89999389648438,2.441176414489746,1225.0,11.899999618530273,15225.0,189225.0,0.5099999904632568,12.428571701049805,0.8793103694915771,0.8333333134651184,0.5,0.1666666716337204,0.20576131343841553,55.9,35
-0.3661204061673756,-0.14422945908539445,-0.008354877538930452,0.2854419521242502,0.2736426426843563,-0.03498769350948372,4.8271916548013944,-0.36097006427098227,-0.050713278703478464,0.3311464478336871,0.01305384695740458,0.0,-0.0963902204817391,0.12684778211176856,1.2064025397308187,0.45619670410050817,-0.2425563822483164,0.3983197628595894,0.7310591148623927,-0.05065653322867261,-0.0635363508595883,0.3335295091567251,0.8407553968951219,0.03827182911040368,0.428180140216939,0.19809192533182182,-0.1921611756172367,-0.03953717338272648,-0.0434522018898509,-0.4967251219751762,35.0,60.0,40.0,435.0,0.3400000035762787,0.8999999761581421,47.900001525878906,200.0,147.89999389648438,285.9952392578125,1.5,1.0,0.008999999612569809,2.068965435028076,0.11559999734163284,2.941176414489746,6.075345993041992,147.89999389648438,2.441176414489746,1225.0,11.899999618530273,15225.0,189225.0,0.5099999904632568,12.428571701049805,0.8793103694915771,0.824999988079071,0.5833333134651184,0.1666666716337204,0.20576131343841553,54.7,35
-0.3646990561765656,-0.1588247959385299,-0.002251041527314874,0.27273621575045304,0.29121603010223257,-0.021647079699378013,4.506158383776547,-0.32961769801799307,-0.05929168816882703,0.3725100196688399,0.023241450317763736,0.0,-0.08493784616924172,0.1303640055564644,1.160176927365982,0.5028348684941459,-0.22834622770077243,0.4456340645466098,0.7349405065201006,-0.04689046744566898,-0.07129684277588431,0.3500255547610906,0.9019816208197798,0.08160682170008564,0.43882347208075123,0.19544613669437952,-0.17548361362709824,0.07936970343704505,0.3281565468340586,0.6443506611348082,35.0,60.0,40.0,435.0,0.3400000035762787,0.8999999761581421,47.20000076293945,195.0,147.89999389648438,285.9952392578125,1.5,1.0,0.008999999612569809,2.068965435028076,0.11559999734163284,2.941176414489746,6.075345993041992,147.89999389648438,2.441176414489746,1225.0,11.899999618530273,15225.0,189225.0,0.5099999904632568,12.428571701049805,0.8793103694915771,0.8461538553237915,0.5,0.22633744776248932,0.35596707463264465,56.1,35
-0.34530687354909545,0.026203924614183482,0.17295033963938164,0.32994890000872634,0.2434609845345469,-0.016436942886580555,4.188369050114628,-0.10913891819099548,-0.015405076353662507,0.3983413480309446,0.07493995155397257,0.0,-0.09036484269853508,0.13702603820065798,1.145861182970521,0.5465031341017591,-0.2369446015618276,0.39185387289899043,0.8512070977731636,-0.05261970317398497,0.05047185354448813,0.3813773510882186,0.9486025713068731,0.16484451930181865,0.3621676340403685,0.2440358829642962,0.9864521231300062,2.1839835935372243,0.108201101740295,0.8088277350807521,35.0,58.0,42.0,435.0,0.3400000035762787,0.8999999761581421,44.900001525878906,215.0,147.89999389648438,285.9952392578125,1.3809523582458496,1.0,0.008999999612569809,2.068965435028076,0.11559999734163284,2.941176414489746,6.075345993041992,147.89999389648438,2.441176414489746,1225.0,11.899999618530273,15225.0,189225.0,0.4695238173007965,12.428571701049805,0.8793103694915771,0.6976743936538696,1.0833333730697632,0.22633744776248932,0.35596707463264465,52.0,35
-0.29684799546413615,0.03968678400428628,0.14210247664963221,0.345488426977385,0.23849072585355138,-0.04488882365007164,0.7707272051857043,-0.08992520810041522,0.09224762080501533,0.4536110660182108,0.05022204709356601,0.0,-0.12394361548714893,0.1846590655043467,1.2303349534395824,0.5942584398528629,-0.24558903118758518,0.4078808612378824,0.8251997575400668,0.1229584492441383,0.04329055289752234,0.3356426354444722,0.9183389897438238,0.1836917459882953,0.2784167820831981,0.282364650871998,0.3545842218977053,1.4056399761524383,0.5436375692460594,0.7218697159609165,35.0,58.0,42.0,435.0,0.3400000035762787,0.8999999761581421,40.20000076293945,220.0,147.89999389648438,285.9952392578125,1.3809523582458496,1.0,0.008999999612569809,2.068965435028076,0.11559999734163284,2.941176414489746,6.075345993041992,147.89999389648438,2.441176414489746,1225.0,11.899999618530273,15225.0,189225.0,0.4695238173007965,12.428571701049805,0.8793103694915771,0.6818181872367859,1.1666666269302368,0.010288066230714321,0.35596707463264465,54.3,35
-0.11493228351256556,-0.12719060240812222,-0.03092226389944399,0.293389832303455,0.2702625742428296,-0.021177492740046457,2.658675014871606,0.29475338697288467,0.028992046355968658,0.41163835569690643,0.06208491380036467,0.0,-0.06478428678910086,0.08417553484586893,1.1706577963919191,0.41480930550593403,-0.28289421687690297,0.4429442836176743,0.8816406384393185,-0.10330269968283622,-0.03330482311042265,0.3082337145268457,0.8329292592924494,0.19032820131672462,0.4419360940052859,0.23168028597028498,0.10904172522888236,0.028674077756462434,-0.055818565101666814,-0.2041456594988766,35.0,58.0,42.0,435.0,0.3400000035762787,0.8999999761581421,43.400001525878906,130.0,147.89999389648438,285.9952392578125,1.3809523582458496,1.0,0.008999999612569809,2.068965435028076,0.11559999734163284,2.941176414489746,6.075345993041992,147.89999389648438,2.441176414489746,1225.0,11.899999618530273,15225.0,189225.0,0.4695238173007965,12.428571701049805,0.8793103694915771,1.2692307233810425,-0.5833333134651184,0.3230452537536621,0.20576131343841553,50.1,35
-0.22346941096718442,-0.07004709305603243,0.014418925121057464,0.28301319861539076,0.25880421389644187,-0.03102866649781488,1.50078377765926,-0.09520857107110557,0.12255119440151473,0.36353309663409017,0.03442284775270831,0.0,-0.11680027402341614,0.2355538904522163,1.2195033071751407,0.45886635272670334,-0.2832246376487142,0.4477427347147082,0.8275729218377068,-0.00623287249830555,-0.0766968804296309,0.33318379161171424,0.7624043324826157,0.008820071622583124,0.2634113608125919,0.19356853656289547,0.17935664389005423,-0.1671310760196316,-0.19112430699285954,-0.3294529912207503,35.0,58.0,42.0,435.0,0.3400000035762787,0.8999999761581421,40.900001525878906,190.0,147.89999389648438,285.9952392578125,1.3809523582458496,1.0,0.008999999612569809,2.068965435028076,0.11559999734163284,2.941176414489746,6.075345993041992,147.89999389648438,2.441176414489746,1225.0,11.899999618530273,15225.0,189225.0,0.4695238173007965,12.428571701049805,0.8793103694915771,0.9736841917037964,0.0833333358168602,0.07407407462596893,0.20576131343841553,56.0,35
-0.27842519440512953,0.003574187433317576,0.06201759072791787,0.2817946294098224,0.31338858088062643,-0.023422780897570453,2.829698988764434,0.2573247313816902,0.08634878520523379,0.41987295777853284,0.07543373879607683,0.0,-0.06509494263994285,0.15339819890037892,1.2387394497570017,0.4075053112588818,-0.2916936786224207,0.36329745930297,0.8292510391351527,0.09145894302121216,0.07826352574709826,0.25811036524206976,0.9636903915739103,0.16216033079748454,0.42799675051790004,0.18921642792253632,0.24726074440338097,-0.04779078086607279,0.13592722445513375,-0.15741750878894656,35.0,58.0,42.0,435.0,0.3400000035762787,0.8999999761581421,44.0,165.0,147.89999389648438,285.9952392578125,1.3809523582458496,1.0,0.008999999612569809,2.068965435028076,0.11559999734163284,2.941176414489746,6.075345993041992,147.89999389648438,2.441176414489746,1225.0,11.899999618530273,15225.0,189225.0,0.4695238173007965,12.428571701049805,0.8793103694915771,0.7878788113594055,0.5833333134651184,0.07407407462596893,0.039094649255275726,57.3,35
-0.19944008640819955,-0.095901482479309,-0.004530136330982031,0.37999886233940144,0.3318371906522357,-0.12486106429186253,-5.159199419224747,-0.344129904684109,-0.018468788363023635,0.15143912728590286,-0.0017774157785979037,0.0,-0.08761073246542002,0.19458208519820863,1.314608799589907,0.49925465065700136,-0.1755893807176046,0.006353407464659777,0.7485230658489356,0.018958121080130386,0.023087687877191225,0.471031048408581,0.7551352717565775,0.13010747512276363,0.30261564442302685,0.26323100086736523,-0.4141428600732639,-0.3114832414576925,-0.23198617845435268,-0.4435216972650866,35.0,58.0,42.0,435.0,0.3499999940395355,0.8999999761581421,34.29999923706055,210.0,152.25,290.3452453613281,1.3809523582458496,1.0,0.008999999612569809,2.068965435028076,0.12250000238418579,2.857142925262451,6.075345993041992,152.25,2.357142925262451,1225.0,12.25,15225.0,189225.0,0.4833333194255829,12.428571701049805,0.8644067645072937,0.8333333134651184,0.5833333134651184,0.07407407462596893,0.20576131343841553,53.1,35
-0.38687670713155287,0.16136216789002128,0.19288759334854472,0.34953067201244414,0.2203251255245858,0.024763134155436302,6.383492378122487,-0.33454805626111234,-0.02743886194258847,0.356182534490928,0.09982359655104141,0.0,-0.04872291059974627,0.13095532331743592,1.2690250566280354,0.498938341676932,-0.24710332126282802,0.30660895937705296,0.747962861667821,-0.0886091006328412,-0.05540108759988259,0.3695274258286757,0.8405790132065972,0.13410233318331502,0.3828119083001075,0.2475407452633804,0.12058349941652201,1.0362204472408694,0.10905879147379785,-0.48457019537963886,35.0,58.0,42.0,435.0,0.3400000035762787,0.8999999761581421,51.900001525878906,215.0,147.89999389648438,285.9952392578125,1.3809523582458496,1.0,0.008999999612569809,2.068965435028076,0.11559999734163284,2.941176414489746,6.075345993041992,147.89999389648438,2.441176414489746,1225.0,11.899999618530273,15225.0,189225.0,0.4695238173007965,12.428571701049805,0.8793103694915771,0.6744186282157898,1.1666666269302368,0.1008230447769165,0.20576131343841553,52.3,35
-0.37292354893850366,0.1121878359045109,0.21259332373372705,0.324000081602941,0.25876235324339086,0.03323043724735612,5.588588038887185,-0.12091113811882988,-0.05354906535528314,0.3188240267341219,0.07084886307553787,0.0,-0.0324605882250915,0.10673124823605992,1.1873256847135192,0.5516854831862863,-0.2143422940531822,0.3729658698960856,0.7370685056834012,-0.0563857689569886,-0.05608838307895985,0.37456579458478784,0.8629449453724315,0.15990100194286896,0.3870338543859809,0.2439937761299086,0.8702188099406691,1.8915421249179751,0.21915367758895424,-0.4730555220471432,35.0,58.0,42.0,435.0,0.3400000035762787,0.8999999761581421,47.79999923706055,220.0,147.89999389648438,285.9952392578125,1.3809523582458496,1.0,0.008999999612569809,2.068965435028076,0.11559999734163284,2.941176414489746,6.075345993041992,147.89999389648438,2.441176414489746,1225.0,11.899999618530273,15225.0,189225.0,0.4695238173007965,12.428571701049805,0.8793103694915771,0.7272727489471436,1.0,0.22633744776248932,0.20576131343841553,52.8,35
-0.16502419261982942,-0.06113322541273318,0.046725326816872526,0.34882393658924016,0.2764295323423692,-0.042336732660284454,2.8631007272382023,0.06468442613298142,0.12358360518759826,-0.02851168793224969,0.07009571965375175,0.0,-0.0767523612597704,0.1352957686787072,1.2284265447241411,0.4657432118494267,-0.2164806721589474,0.3915596655286093,0.7768780224448704,0.0811511575739651,0.03748687671920273,0.39429506940000497,0.47523758993695814,0.11809879032416501,0.43492691984808,0.21792990319392502,-0.35298617749236266,-0.19022797417767243,0.3103753978740512,-0.3652096876760126,35.0,58.0,42.0,430.0,0.3400000035762787,0.8999999761581421,43.900001525878906,210.0,146.1999969482422,282.70794677734375,1.3809523582458496,1.0,0.008999999612569809,2.0930233001708984,0.11559999734163284,2.941176414489746,6.063785076141357,146.1999969482422,2.441176414489746,1225.0,11.899999618530273,15050.0,184900.0,0.4695238173007965,12.285714149475098,0.8793103694915771,0.8333333134651184,0.5833333134651184,0.22633744776248932,0.20576131343841553,50.4,35
-0.36161216800128365,-0.016877818412979514,0.008119492390908915,0.2667492323171716,0.14300202059203992,-0.029308603373693707,6.083512560409836,-0.468217398632926,0.4420160367190681,-0.011390774264998304,0.05737519588927211,0.0,0.082947558630657,0.16692755483358832,1.1336245706672115,0.3602501354867364,-0.27173249346020906,0.4586130220120169,0.8163918574378869,-0.5926379829337427,0.010515907884170745,0.42258772608839773,0.8730409757786239,0.325258345877184,0.42655605805541347,0.20628765175592242,-0.0896115313594548,0.012218369805354904,-0.23253040700384933,0.6773520956709278,35.0,58.0,42.0,435.0,0.3199999928474426,0.949999988079071,51.70000076293945,200.0,139.1999969482422,277.29522705078125,1.3809523582458496,1.0,0.009499999694526196,2.183907985687256,0.10239999741315842,3.125,6.075345993041992,139.1999969482422,2.625,1225.0,11.199999809265137,15225.0,189225.0,0.441904753446579,12.428571701049805,0.9107142686843872,0.875,0.4166666567325592,0.3230452537536621,0.35596707463264465,54.8,35
-0.3734767136410308,0.08483853125056098,0.1707926579567766,0.30553104439256334,0.15432371773625853,-0.04700674097368,5.87718331605597,-0.06633803668728942,0.45212025786788035,-0.011968538873089747,0.08859024921845644,0.0,0.11138015512173911,0.18661085610096845,1.110394901298983,0.4931468260633301,-0.210180303406029,0.3765860605662728,0.8198983420389597,-0.32737476258286785,-0.021260910729613607,0.4069401715313048,0.8387800276783692,0.27531737341215734,0.370005309627765,0.23169345657430065,1.133398377257363,2.275069553603545,0.16548825610743118,0.7802421711443894,35.0,58.0,42.0,435.0,0.3199999928474426,0.949999988079071,49.599998474121094,215.0,139.1999969482422,277.29522705078125,1.3809523582458496,1.0,0.009499999694526196,2.183907985687256,0.10239999741315842,3.125,6.075345993041992,139.1999969482422,2.625,1225.0,11.199999809265137,15225.0,189225.0,0.441904753446579,12.428571701049805,0.9107142686843872,0.6976743936538696,1.0833333730697632,0.1008230447769165,0.35596707463264465,54.3,35
-0.33405483602881386,-0.059652081709633986,0.0640937830972152,0.29608274244781096,0.07397238266873005,-0.10574931629264898,4.176567303484795,0.1424030744430996,0.007872130357466598,-0.4978837263152709,-0.012082273019787152,0.0,0.12089887486881447,0.18053321570690364,1.15562518412991,0.17911202039524093,-0.26153885849847797,0.20295661883744046,0.7488695623522283,-0.32291833567035505,-0.10012457599762543,0.4043300508638806,0.8473200159426489,0.17302010120129624,0.28731081530292046,0.3726992302219408,-0.16919494269257365,-0.044378403886399215,-0.13544621952255714,0.5355262402654428,35.0,58.0,42.0,435.0,0.30000001192092896,0.949999988079071,47.5,210.0,130.5,268.5952453613281,1.3809523582458496,1.0,0.009499999694526196,2.183907985687256,0.09000000357627869,3.3333332538604736,6.075345993041992,130.5,2.8333332538604736,1225.0,10.5,15225.0,189225.0,0.41428571939468384,12.428571701049805,0.9444444179534912,0.8095238208770752,0.6666666865348816,0.07407407462596893,0.35596707463264465,54.3,35
-0.3032587223330909,-0.07504744381502315,0.026063194071623066,0.2684088699686535,0.06804103640134526,-0.024032640036758795,3.3181986761904936,0.09648136626368066,-0.08329322334319243,-0.49110689352420844,-0.02732617618284114,0.0,0.16168056499995698,0.2002945297349873,1.186546054744821,0.18033443182819975,-0.35406266240500683,0.20703155809380236,0.8963536699391867,-0.26213579879686694,-0.022733236105981977,0.33538527709828114,0.9387368014001283,0.14647075737646098,0.30343475311946344,0.5729251641299793,-0.08050772792373155,-0.10770673147627367,-0.13518866367745117,0.3478591226133321,35.0,58.0,42.0,435.0,0.30000001192092896,0.949999988079071,45.400001525878906,160.0,130.5,268.5952453613281,1.3809523582458496,1.0,0.009499999694526196,2.183907985687256,0.09000000357627869,3.3333332538604736,6.075345993041992,130.5,2.8333332538604736,1225.0,10.5,15225.0,189225.0,0.41428571939468384,12.428571701049805,0.9444444179534912,0.9375,0.1666666716337204,0.04938271641731262,0.35596707463264465,51.9,35
-0.2961290183038762,-0.02820548871677095,0.024281012483218564,0.3163194363284938,0.17649374101281495,0.022290545508961087,3.699111543639614,-0.40213310128205493,0.18796260261434822,0.0031515106295018558,0.08357016541191263,0.0,0.1814573942266493,0.14998607267554842,1.17274904725178,0.5386618650780775,-0.3628616189212671,0.43461606457460666,0.8733397107577721,-0.2393534709276196,0.009748216702320046,0.4408780530297517,0.9744895325198488,0.08749263400098495,0.3945936367580506,0.20509873877738735,0.030061046210475163,-0.06818829038635335,-0.42832121530810807,0.6592642632013426,35.0,58.0,42.0,435.0,0.33000001311302185,0.949999988079071,45.70000076293945,195.0,143.5500030517578,281.6452331542969,1.3809523582458496,1.0,0.009499999694526196,2.183907985687256,0.10890000313520432,3.0303030014038086,6.075345993041992,143.5500030517578,2.5303030014038086,1225.0,11.550000190734863,15225.0,189225.0,0.45571428537368774,12.428571701049805,0.8947368264198303,0.7948718070983887,0.6666666865348816,0.3230452537536621,0.35596707463264465,50.3,35
-0.35496977743935754,-0.033820440844136025,0.03780933528730712,0.29378039216474316,0.046146722019770284,-0.040799931366200776,3.157626037141928,0.062164176420873817,-0.05481510603924568,-0.47062322876308404,0.018112797333573807,0.0,0.13354664104752703,0.21871762274279052,1.1893830712643685,0.17335166800134932,-0.3860701743552016,0.19913440963204806,0.8069842678446563,-0.25941124272168264,-0.017377392000613372,0.31179259908198376,0.8799997239956182,0.21585569188392922,0.36971060330343575,0.32284927603830704,-0.5037848732127511,0.09285935489697818,-0.1835903838770313,0.5664707823089594,35.0,58.0,42.0,435.0,0.30000001192092896,0.949999988079071,44.900001525878906,190.0,130.5,268.5952453613281,1.3809523582458496,1.0,0.009499999694526196,2.183907985687256,0.09000000357627869,3.3333332538604736,6.075345993041992,130.5,2.8333332538604736,1225.0,10.5,15225.0,189225.0,0.41428571939468384,12.428571701049805,0.9444444179534912,0.8421052694320679,0.5,0.1008230447769165,0.35596707463264465,52.4,35
-0.24871224648844348,-0.0039995440575229845,0.0706527060081391,0.26085970362429656,0.21644379679388492,0.007945844256922874,6.698237619587271,-0.39232633044094595,-0.15429542504155672,0.2914996097568697,0.1102970182524406,0.0,0.0116107905288266,0.12153153926377415,0.37420596154139396,0.016163833036931332,-0.21848719316269657,0.06895793450861154,0.20092989502751316,-0.018028962781341695,-0.07031881063872591,0.3553994048852136,0.42318292576009797,0.07570243738866005,0.3447682744331843,0.141977229406554,-0.048960996877286,-0.035964957922804436,-0.20456535568855314,-0.27430753498304516,35.0,58.0,42.0,420.0,0.36000001430511475,0.8999999761581421,51.70000076293945,230.0,151.1999969482422,284.5333251953125,1.3809523582458496,1.0,0.008999999612569809,2.142857074737549,0.12960000336170197,2.777777671813965,6.040254592895508,151.1999969482422,2.277777671813965,1225.0,12.600000381469727,14700.0,176400.0,0.49714285135269165,12.0,0.8500000238418579,0.9347826242446899,0.25,0.1008230447769165,0.006172839552164078,51.9,35
-0.14398549628933402,-0.1080046542510039,-0.010217422558725427,0.4139298634465612,0.33565252953036256,-0.007090618251343411,-4.651809288579367,-0.2505797732809609,0.07487101310462334,0.11121510325021866,-0.020803706758047068,0.0,0.002235951658404368,0.271204388663274,1.2186746933213368,0.5981088335832412,-0.0395462877659938,0.37526307156921224,0.7540745827382939,-0.04056042575126944,0.06034642305460583,0.46286974998312974,0.8378149621921649,0.07416908351001798,0.2805230724743605,0.2820402833880008,-0.3669323796045716,-0.4384325685052129,-0.18190235669045152,-0.6142118151617517,35.0,58.0,42.0,440.0,0.3400000035762787,0.8500000238418579,34.599998474121094,225.0,149.60000610351562,289.28253173828125,1.3809523582458496,1.0,0.008500000461935997,1.9318181276321411,0.11559999734163284,2.941176414489746,6.086774826049805,149.60000610351562,2.441176414489746,1225.0,11.899999618530273,15400.0,193600.0,0.4695238173007965,12.571428298950195,0.8793103694915771,0.8444444537162781,0.5833333134651184,0.3230452537536621,0.006172839552164078,49.6,35
-0.5446909106522896,-0.0392354652340249,0.08137473526887934,0.35758108733161154,0.2690319675444843,-0.038226565056501516,4.88422372488803,-0.4225172005467489,0.006210445327482232,0.3717259973327581,0.06036423420272011,0.0,0.03136091524815112,0.018229002340612862,1.2122714175493579,0.4501754044638126,-0.10272227691763577,0.40453396515832024,0.8806004093077997,-0.17052235356333537,-0.024727049035278975,0.3628218181490857,0.8472282267663527,0.1313122193197882,0.44477791479415885,0.23799222854565646,0.40178578248314795,1.113471303191863,-0.7066840127183527,-0.8645449996821525,35.0,58.0,42.0,440.0,0.3400000035762787,0.800000011920929,47.5,205.0,149.60000610351562,289.28253173828125,1.3809523582458496,1.0,0.00800000037997961,1.8181818723678589,0.11559999734163284,2.941176414489746,6.086774826049805,149.60000610351562,2.441176414489746,1225.0,11.899999618530273,15400.0,193600.0,0.4695238173007965,12.571428298950195,0.8793103694915771,0.4878048896789551,1.75,0.3230452537536621,0.006172839552164078,51.2,35
-0.23006303754932236,-0.11023501370596078,-0.0025110766517980063,0.3309862756835006,0.33347364661867024,-0.09839046906326906,-5.143717000073783,-0.5943483784972274,-0.13891736301407057,-0.022360888906235377,0.017428624745691654,0.0,-0.07795868872683895,0.2674101172820616,1.2942959347026302,0.4419743142674065,-0.03697819253866621,-0.01828907221420273,0.808415443848313,0.005511451518335908,0.014670238026383897,0.5378171997131246,0.761580844855336,0.3008435582573817,0.3253613131617451,0.251398968403798,0.0371963952439669,-0.10493432157307239,0.39494060992143504,-0.4122634685801386,35.0,58.0,42.0,440.0,0.3499999940395355,0.8999999761581421,35.400001525878906,210.0,154.0,293.6825256347656,1.3809523582458496,1.0,0.008999999612569809,2.045454502105713,0.12250000238418579,2.857142925262451,6.086774826049805,154.0,2.357142925262451,1225.0,12.25,15400.0,193600.0,0.4833333194255829,12.571428298950195,0.8644067645072937,0.9523809552192688,0.1666666716337204,0.22633744776248932,0.20576131343841553,38.82,35
-0.3128182712404169,-0.06283041761791686,0.015781019820568155,0.26525810831426616,0.20619961488265243,-0.03694513098054192,4.111555349170474,-0.5645451094370684,-0.0959367881449203,0.38627336828309256,0.11665626222931774,0.0,-0.022105310974424114,0.16123362716709977,1.218139259867241,0.30010477393788265,-0.14194093647249378,-0.009188635502257562,0.8092178440545716,-0.09729763228384813,0.012412012469922363,0.4253969405959049,0.8914370059775328,0.18345402868650504,0.3771494178124838,0.24560347005151908,-0.005709427978341167,-0.047346319970689804,-0.6782502578007431,-0.6195684467437812,35.0,58.0,42.0,440.0,0.3499999940395355,0.8999999761581421,45.70000076293945,205.0,154.0,293.6825256347656,1.3809523582458496,1.0,0.008999999612569809,2.045454502105713,0.12250000238418579,2.857142925262451,6.086774826049805,154.0,2.357142925262451,1225.0,12.25,15400.0,193600.0,0.4833333194255829,12.571428298950195,0.8644067645072937,0.9268292784690857,0.25,0.3230452537536621,0.05144032835960388,50.3,35
-0.33571258319405256,-0.1386450268538755,-0.004019392147024267,0.23917306675371777,0.23367962045347218,0.05868826419904592,3.530621672061412,-0.3653673215648668,-0.062365270173856464,0.3900186741597156,0.020885348743304177,0.0,-0.07105074883351684,0.22826478914030207,1.1274039534124554,0.27858990075338125,-0.10823733545963139,-0.023055009830080755,0.8293396607165743,-0.08033025618209857,-0.009454800343070651,0.43051710423689915,0.6829645102315822,0.28763723910942485,0.44476052767108626,0.30555597336133405,0.14797451623895802,-0.10130708100079484,0.3820519365419168,-0.4823232540388074,35.0,60.0,40.0,440.0,0.3499999940395355,0.8500000238418579,44.900001525878906,210.0,154.0,293.6825256347656,1.5,1.0,0.008500000461935997,1.9318181276321411,0.12250000238418579,2.857142925262451,6.086774826049805,154.0,2.357142925262451,1225.0,12.25,15400.0,193600.0,0.5249999761581421,12.571428298950195,0.8644067645072937,1.0,0.0,0.22633744776248932,0.05144032835960388,52.4,35
-0.34004132915522317,-0.1731766656630215,0.02159849378547962,0.32880679994146395,0.1779989602114418,0.033130762613632514,3.5554605819462513,-0.49271722420201974,0.0815279085023005,0.0008660041064459137,0.04187217585845403,0.0,-0.027572368927979738,0.15688917245214443,1.2561735973751251,0.563316393295316,-0.278787050833099,0.3352447533606636,0.8377806468641195,-0.13905791345157212,0.027877210084386206,0.3718578393227963,0.9758903946352487,0.08695977757961454,0.44238129166843304,0.24141726005046865,-0.17088713835178065,0.0321380084276582,-0.4750472911293375,-0.6422715922986293,35.0,60.0,40.0,435.0,0.33000001311302185,0.8500000238418579,45.75,190.0,143.5500030517578,281.6452331542969,1.5,1.0,0.008500000461935997,1.954023003578186,0.10890000313520432,3.0303030014038086,6.075345993041992,143.5500030517578,2.5303030014038086,1225.0,11.550000190734863,15225.0,189225.0,0.4950000047683716,12.428571701049805,0.8947368264198303,0.8421052694320679,0.5,0.3230452537536621,0.05144032835960388,48.21,35
-0.41196371140161225,-0.08615306879601793,-0.004912224436839882,0.29108957197540913,0.2480673845559141,-0.01951775238703035,8.093396510607828,-0.2732782707077497,-0.09275066416472948,0.41261560284710225,0.005277964169518206,0.0,-0.09093623561929746,0.1457033316221249,1.1991465942292898,0.42390560414984196,-0.2649435419791648,0.26199264149599344,0.7428348497040547,-0.070714989695538,-0.0524207102908798,0.28953368603446084,0.8480231909173293,0.07519404647447807,0.4937794575790839,0.3132532911042687,-0.07855200195647667,-0.05094593934191106,-0.12362254812410647,-0.3821601441038434,35.0,60.0,40.0,435.0,0.3400000035762787,0.8999999761581421,57.59000015258789,190.0,147.89999389648438,285.9952392578125,1.5,1.0,0.008999999612569809,2.068965435028076,0.11559999734163284,2.941176414489746,6.075345993041992,147.89999389648438,2.441176414489746,1225.0,11.899999618530273,15225.0,189225.0,0.5099999904632568,12.428571701049805,0.8793103694915771,0.8947368264198303,0.3333333432674408,0.1008230447769165,0.20576131343841553,61.53,35
-0.3661204061673756,-0.1436399712496831,-0.008354877538930452,0.2854419521242502,0.2736426426843563,-0.03498769350948372,4.8464181784927,-0.38789900243763575,-0.05197308694488117,0.33142139990776415,0.013438753063462035,0.0,-0.09590644546627108,0.13438061212663194,1.2064025397308187,0.46487733495956984,-0.2425563822483164,0.3980449860194032,0.7310591148623927,-0.05065653322867261,-0.06429908923166575,0.33352269238605814,0.8407553968951219,0.023493001301826463,0.45040976510405756,0.19921038636015376,-0.12291930922543193,-0.06785632069065539,-0.02880710209864618,-0.49553808686938394,35.0,60.0,40.0,435.0,0.3400000035762787,0.8999999761581421,48.09000015258789,195.0,147.89999389648438,285.9952392578125,1.5,1.0,0.008999999612569809,2.068965435028076,0.11559999734163284,2.941176414489746,6.075345993041992,147.89999389648438,2.441176414489746,1225.0,11.899999618530273,15225.0,189225.0,0.5099999904632568,12.428571701049805,0.8793103694915771,0.8205128312110901,0.5833333134651184,0.1666666716337204,0.20576131343841553,52.65,35
-0.2871531341533555,-0.15536852625853959,-0.005261767771584271,0.2653824745450171,0.3184070419931837,-0.019215331379276404,3.545764521986387,0.12566637059454377,0.06205301916985836,0.4214532445736006,0.013502981314477708,0.0,-0.10056237293899321,0.16232004107332587,1.2519122573925994,0.406490362456223,-0.27354221968929937,0.38415506542627165,0.8850839531263135,-0.041921553118293375,0.047489946311654714,0.3279933818637488,0.9428791916129714,0.029829565252825003,0.3474423361592864,0.21729170466717207,-0.10213913385829529,-0.04710784468735761,-0.39601292935680815,-0.38257204578883014,35.0,60.0,40.0,435.0,0.3400000035762787,0.8999999761581421,44.900001525878906,170.0,147.89999389648438,285.9952392578125,1.5,1.0,0.008999999612569809,2.068965435028076,0.11559999734163284,2.941176414489746,6.075345993041992,147.89999389648438,2.441176414489746,1225.0,11.899999618530273,15225.0,189225.0,0.5099999904632568,12.428571701049805,0.8793103694915771,0.9411764740943909,0.1666666716337204,0.07407407462596893,0.20576131343841553,48.0,35
-0.2387641715443623,-0.1496465964895474,-0.013509472216054958,0.2800807886412725,0.2654266132798306,-0.04033155920964957,0.13225353585794852,-0.28518842378485504,0.11348115784121585,0.444102686127573,-0.007337813739692736,0.0,-0.10643110012189456,0.21887659241335108,1.267441081553198,0.5144756247762122,-0.2814453096034894,0.4366065555137632,0.8256328548694436,0.11143120471581268,0.03389280386755699,0.3046758278368806,0.903567397635593,0.046200841207149686,0.32553731623004045,0.15829263688255643,-0.07307435113568221,0.05702161765896079,0.32677427074540344,-0.35443243028076354,35.0,60.0,40.0,435.0,0.3400000035762787,0.8999999761581421,39.79999923706055,200.0,147.89999389648438,285.9952392578125,1.5,1.0,0.008999999612569809,2.068965435028076,0.11559999734163284,2.941176414489746,6.075345993041992,147.89999389648438,2.441176414489746,1225.0,11.899999618530273,15225.0,189225.0,0.5099999904632568,12.428571701049805,0.8793103694915771,0.8500000238418579,0.5,0.02469135820865631,0.20576131343841553,47.2,35
-0.26702126333687676,-0.1528041023182136,-0.035093870492445264,0.23159524336925866,0.27303942083801885,-0.011153672981551632,1.437159244005326,-0.645462745574843,0.04552124907624473,0.4314765715814633,0.011731567399131407,0.0,-0.07146638031759024,0.2103402697707564,1.2422520956543668,0.4042536778628475,-0.28494857111870125,0.39254829844108124,0.7967427597817255,0.09270409448577983,0.04282895583375269,0.309308917206241,0.8972293300571151,0.026047978341284868,0.29497800384379236,0.1503499950726859,0.07606726249530286,-0.07319848898018984,0.49020837458689803,-0.23836960639529217,35.0,60.0,40.0,435.0,0.3400000035762787,0.8999999761581421,41.29999923706055,195.0,147.89999389648438,285.9952392578125,1.5,1.0,0.008999999612569809,2.068965435028076,0.11559999734163284,2.941176414489746,6.075345993041992,147.89999389648438,2.441176414489746,1225.0,11.899999618530273,15225.0,189225.0,0.5099999904632568,12.428571701049805,0.8793103694915771,0.9487179517745972,0.1666666716337204,0.02469135820865631,0.039094649255275726,52.55,35
-0.33750812929417584,-0.14512565509983655,0.03600384221657849,0.2669204873577684,0.24720408503659128,0.017310752119492845,3.3751870423331622,0.3620276488327036,0.0027548032208080516,0.4123620265125845,0.02756884280612369,0.0,-0.0423654958194174,0.2563970689375436,1.1455170157984411,0.41529064292894313,-0.26330744935164735,0.44934296751380687,0.8876583278187891,-0.12210914609010555,-0.05664385347757548,0.332492937319081,0.8033864471492306,0.06337139317704434,0.37521880299262905,0.23046382375513866,0.4155478655018221,-0.1073822987748447,0.18611020950551432,-0.07523941214520442,35.0,60.0,40.0,435.0,0.3400000035762787,0.8500000238418579,45.79999923706055,150.0,147.89999389648438,285.9952392578125,1.5,1.0,0.008500000461935997,1.954023003578186,0.11559999734163284,2.941176414489746,6.075345993041992,147.89999389648438,2.441176414489746,1225.0,11.899999618530273,15225.0,189225.0,0.5099999904632568,12.428571701049805,0.8793103694915771,1.0666667222976685,-0.1666666716337204,0.04938271641731262,0.039094649255275726,51.95,35
-0.2052141120353404,-0.16173907593248757,-0.005508123986305773,0.2746753936378856,0.2135501099796441,-0.005595791637504038,3.892630563752186,0.12046256560025409,-0.02664504242710047,0.5289627426635193,-0.024439404338673476,0.0,-0.06980486982994073,0.1352084709613635,1.2823018580260672,0.42647340608198,-0.300384651319987,0.013646467043287258,0.8973221471322629,-0.06477621485741233,-0.048151330131553476,0.30731334836992513,0.8296835140455393,0.22687868034785882,0.3084661813798343,0.3078926624762403,-0.14907442760081818,-0.09566325309678755,-0.35123035902212013,-0.42789126147722756,35.0,60.0,40.0,435.0,0.3499999940395355,0.8999999761581421,44.900001525878906,170.0,152.25,290.3452453613281,1.5,1.0,0.008999999612569809,2.068965435028076,0.12250000238418579,2.857142925262451,6.075345993041992,152.25,2.357142925262451,1225.0,12.25,15225.0,189225.0,0.5249999761581421,12.428571701049805,0.8644067645072937,0.970588207244873,0.0833333358168602,0.07407407462596893,0.20576131343841553,48.0,35
-0.2734106356742976,-0.14014058887729583,0.026453250724825947,0.27931703048152856,0.20165186448410802,-0.014834843014754958,3.689622024168546,0.27252020159997625,0.029278743950954277,0.5847959585058512,0.003879665542677279,0.0,-0.03138439511376594,0.24556445138901273,1.177328762012046,0.39576420311943755,-0.30151835520636844,0.019591241905632707,0.9133095132540566,-0.16532309891177996,-0.053935398065260896,0.3237367642550093,0.7977172904415085,0.32014800971146284,0.3871373578282917,0.3391392685687668,0.6956637057104237,-0.16532320293175257,-0.5277206573774994,-0.8712341109912821,35.0,60.0,40.0,435.0,0.3499999940395355,0.8999999761581421,44.900001525878906,170.0,152.25,290.3452453613281,1.5,1.0,0.008999999612569809,2.068965435028076,0.12250000238418579,2.857142925262451,6.075345993041992,152.25,2.357142925262451,1225.0,12.25,15225.0,189225.0,0.5249999761581421,12.428571701049805,0.8644067645072937,1.0882352590560913,-0.25,0.3230452537536621,0.039094649255275726,46.0,35
-0.10776868225978274,-0.15252279948431416,-0.005750306578173388,0.2843691385276964,0.3277723489545388,0.001146825329502925,1.365200832344589,0.10803487648484164,0.07300065995084175,0.4164422155705328,0.06921410969575836,0.0,-0.05463644820822154,0.13644587189843865,1.1769525470169875,0.552735668234386,-0.24577070487655409,0.6643741653437126,0.8659189730204201,-0.09545752750499317,-0.034621535178863114,0.31064343786800425,0.8377316188280288,0.12895159393356317,0.5065793937219268,0.3124633556990593,-0.14658171446869672,0.0895670162316307,0.016324407863203817,0.47174611895026736,35.0,60.0,40.0,435.0,0.3400000035762787,0.8500000238418579,41.29999923706055,50.0,147.89999389648438,285.9952392578125,1.5,1.0,0.008500000461935997,1.954023003578186,0.11559999734163284,2.941176414489746,6.075345993041992,147.89999389648438,2.441176414489746,1225.0,11.899999618530273,15225.0,189225.0,0.5099999904632568,12.428571701049805,0.8793103694915771,2.5999999046325684,-1.3333333730697632,0.3230452537536621,0.35596707463264465,52.55,35
-0.2887722801523582,-0.16403712901822867,0.009281612196773828,0.23745363853180187,0.2189410367554887,-0.019264443965415302,3.3769498699478717,-0.38381259363868325,-0.011244529257143773,0.35934921941987397,0.0367115337386941,0.0,-0.06710420488190702,0.17878125746587503,1.1597503885919767,0.3768057299000769,-0.2776953774719305,0.3616404164084327,0.9102919815122689,-0.24506735820407996,-0.06302729916630091,0.3956437522951292,0.8660883182332823,0.15690994618093712,0.4473588744938926,0.2852310827909508,0.14845116711924256,-0.0698803907360332,-0.3347803937756672,-0.3486957449707186,35.0,60.0,40.0,435.0,0.3400000035762787,0.8999999761581421,45.79999923706055,220.0,147.89999389648438,285.9952392578125,1.5,1.0,0.008999999612569809,2.068965435028076,0.11559999734163284,2.941176414489746,6.075345993041992,147.89999389648438,2.441176414489746,1225.0,11.899999618530273,15225.0,189225.0,0.5099999904632568,12.428571701049805,0.8793103694915771,0.9772727489471436,0.0833333358168602,0.3230452537536621,0.20576131343841553,51.95,35
-0.10812914074143747,-0.15336395234269878,0.01326232170219311,0.28222458818658686,0.2754182772292069,-0.005405733893049187,2.3103403532550897,0.29121768719550395,0.02912941554296324,0.4087798798587855,0.05245598338818544,0.0,-0.07290276921016889,0.10321828078750665,1.1575664444978158,0.41367071549194717,-0.28289421687690297,0.4567771467742077,0.8816510043740328,-0.09371161704916205,-0.018092017793124422,0.30749002229650507,0.8379300941298644,0.1432245635758788,0.44258245469912777,0.26749644221655877,0.12977897804285005,0.06750173704091553,0.03538508305750053,-0.23594457263812363,35.0,60.0,40.0,435.0,0.3400000035762787,0.8999999761581421,43.400001525878906,130.0,147.89999389648438,285.9952392578125,1.5,1.0,0.008999999612569809,2.068965435028076,0.11559999734163284,2.941176414489746,6.075345993041992,147.89999389648438,2.441176414489746,1225.0,11.899999618530273,15225.0,189225.0,0.5099999904632568,12.428571701049805,0.8793103694915771,1.2692307233810425,-0.5833333134651184,0.3230452537536621,0.20576131343841553,43.4,35
-0.1560439787012215,-0.10165764649454667,0.028081982412312922,0.38445989462271746,0.3269912547579998,-0.04787387027965262,-3.785211361339625,0.37287966664557826,0.15520905147933772,0.12809096790251917,-0.010232128861290605,0.0,-0.11023072085878773,0.2338794226401346,1.2360695086495386,0.5961084701195958,-0.14907587991019583,0.4897902641520724,0.8720395335887333,-0.14077914314791112,-0.020611082885686367,0.45158894991627974,0.6737785135884489,0.1085446207063986,0.42489700048644224,0.20253676453143168,0.3442598971655108,0.05116369552267054,-0.3353010499637706,-0.22900790282226696,35.0,60.0,40.0,435.0,0.3400000035762787,0.8999999761581421,35.75,150.0,147.89999389648438,285.9952392578125,1.5,1.0,0.008999999612569809,2.068965435028076,0.11559999734163284,2.941176414489746,6.075345993041992,147.89999389648438,2.441176414489746,1225.0,11.899999618530273,15225.0,189225.0,0.5099999904632568,12.428571701049805,0.8793103694915771,1.0333333015441895,-0.0833333358168602,0.1008230447769165,0.20576131343841553,44.1,35
-0.23416338324723754,-0.11081929125718673,0.007381817140807088,0.36850902566872756,0.2812086430349499,-0.02762751537467233,-1.7920162466324963,-0.18102952953817963,0.14292602916358763,0.23375276303553444,-0.014670907392235902,0.0,-0.11831340675195333,0.24466114863379626,1.2025197888270438,0.48711528369388923,-0.21726442736247736,0.468589351136223,0.7966093014318546,0.02119670307475243,-0.07719427108668428,0.31752181159575227,0.6225809918133506,-0.035452851843224775,0.2891996601947092,0.19974652242562516,0.26846543468100825,-0.1476268275940619,-0.20196823099851574,-0.3501292628326425,35.0,60.0,40.0,435.0,0.3400000035762787,0.8999999761581421,37.59000015258789,190.0,147.89999389648438,285.9952392578125,1.5,1.0,0.008999999612569809,2.068965435028076,0.11559999734163284,2.941176414489746,6.075345993041992,147.89999389648438,2.441176414489746,1225.0,11.899999618530273,15225.0,189225.0,0.5099999904632568,12.428571701049805,0.8793103694915771,0.9736841917037964,0.0833333358168602,0.07407407462596893,0.20576131343841553,40.9,35
-0.2841689651857094,-0.01857850160979145,0.030651574947539166,0.3829358899177339,0.3780992710721985,-0.034920372278629444,-1.0100159464786636,0.2808487763286778,0.16567595920567804,0.30978683394313716,0.04411634608818283,0.0,-0.07620160527145486,0.16540553845229053,1.2920860718973417,0.5346718469071531,-0.20299749971416492,0.40178207584056336,0.826198079062904,0.12278785043423394,0.08795783972691065,0.2822253734003849,0.7797938357541363,0.26958402850638985,0.4484896711306433,0.20826664350080715,0.1625011246562952,-0.11933408612510545,0.23367633846665958,-0.22932799218356154,35.0,58.0,42.0,435.0,0.3400000035762787,0.8999999761581421,38.09000015258789,165.0,147.89999389648438,285.9952392578125,1.3809523582458496,1.0,0.008999999612569809,2.068965435028076,0.11559999734163284,2.941176414489746,6.075345993041992,147.89999389648438,2.441176414489746,1225.0,11.899999618530273,15225.0,189225.0,0.4695238173007965,12.428571701049805,0.8793103694915771,0.7878788113594055,0.5833333134651184,0.07407407462596893,0.039094649255275726,44.0,35
-0.2138721879652722,-0.05103397026287165,0.013479253623161387,0.28324262585084964,0.28491846681445243,-0.04913356308808315,0.274830295163881,-0.17171450565941532,-0.035796972987698655,0.3968430191058879,0.03736534461569977,0.0,-0.07762309638679095,0.16492078612820948,1.3264057392827968,0.4839584904494178,-0.22978603965170935,-0.010276914578871236,0.8172378613201526,0.17294255484197457,0.018187678090099132,0.36688198681656087,0.8500855151309421,0.1435283766338671,0.2858278791906245,0.2618122951514266,-0.3720453931389991,-0.30085272524080087,-0.08958493118969009,-0.45616887781540405,35.0,58.0,42.0,435.0,0.3499999940395355,0.8999999761581421,39.79999923706055,210.0,152.25,290.3452453613281,1.3809523582458496,1.0,0.008999999612569809,2.068965435028076,0.12250000238418579,2.857142925262451,6.075345993041992,152.25,2.357142925262451,1225.0,12.25,15225.0,189225.0,0.4833333194255829,12.428571701049805,0.8644067645072937,0.8333333134651184,0.5833333134651184,0.07407407462596893,0.20576131343841553,44.3,35
-0.13912350654227773,-0.05986006806024667,0.01534679261769927,0.25881666261565983,0.27629093933961324,-0.027671097066123574,1.8098988763648536,-0.2717646084243695,-0.03676698607560293,0.32833655120566374,0.06176036005006348,0.0,-0.05579828890933419,0.15853618112316198,0.456125793079437,0.10685277727842844,-0.2134204201923244,0.20260742308322163,0.3764597941210251,0.14300664522595755,-0.010102700551233579,0.31312263606088786,0.47137729380236926,0.02251147481523403,0.3929742820239644,0.17677132377004873,-0.02702962756534699,-0.04493383836403717,-0.2864562455574766,-0.4316617610857161,35.0,58.0,42.0,420.0,0.36000001430511475,0.8999999761581421,41.29999923706055,230.0,151.1999969482422,284.5333251953125,1.3809523582458496,1.0,0.008999999612569809,2.142857074737549,0.12960000336170197,2.777777671813965,6.040254592895508,151.1999969482422,2.277777671813965,1225.0,12.600000381469727,14700.0,176400.0,0.49714285135269165,12.0,0.8500000238418579,0.9347826242446899,0.25,0.1008230447769165,0.006172839552164078,44.3,35
-0.14398549628933402,-0.09629922502019397,-0.014520752412395935,0.4139298634465612,0.33565252953036256,0.001544220599256055,-3.872124409164539,-0.18209574537191542,0.0750870871678757,0.08704871456451707,0.0019438084442410727,0.0,-0.018530528209396067,0.20157166102137894,1.2185888974234327,0.575320194043392,-0.03551302137836038,0.3902254605515797,0.7369952707646829,-0.04056042575126944,0.06138461263535709,0.45990714136516353,0.8378149621921649,0.15820976857324476,0.29849835502703453,0.2577286481838452,-0.4297774104204894,-0.4451544107988538,-0.17610123518081172,-0.5311228255622013,35.0,58.0,42.0,440.0,0.3400000035762787,0.8500000238418579,35.79999923706055,225.0,149.60000610351562,289.28253173828125,1.3809523582458496,1.0,0.008500000461935997,1.9318181276321411,0.11559999734163284,2.941176414489746,6.086774826049805,149.60000610351562,2.441176414489746,1225.0,11.899999618530273,15400.0,193600.0,0.4695238173007965,12.571428298950195,0.8793103694915771,0.8444444537162781,0.5833333134651184,0.3230452537536621,0.006172839552164078,45.17,35
-0.3729312545696405,-0.018650762634773416,0.04118908633895285,0.3644883776555386,0.26618570433695854,-0.07198367880137173,3.7966127190317995,-0.3346409455166167,0.06537367211097694,0.389379266995172,0.057117282488776136,0.0,0.024650176353063363,-0.04705363153518649,1.2170325281711962,0.41255120601775574,-0.2481217770502756,0.4063184463152953,0.8804451380495848,-0.17052235356333537,0.08329291987060004,0.4012106295616238,0.9155682289696346,0.17081021949840194,0.4610887688600388,0.2521976572572947,0.4351608031414092,1.1436069186939746,-0.6687430245539416,-0.9470618882158958,35.0,58.0,42.0,440.0,0.3400000035762787,0.800000011920929,44.900001525878906,205.0,149.60000610351562,289.28253173828125,1.3809523582458496,1.0,0.00800000037997961,1.8181818723678589,0.11559999734163284,2.941176414489746,6.086774826049805,149.60000610351562,2.441176414489746,1225.0,11.899999618530273,15400.0,193600.0,0.4695238173007965,12.571428298950195,0.8793103694915771,0.4878048896789551,1.75,0.3230452537536621,0.006172839552164078,51.2,35
-0.23006303754932236,-0.12186714585124192,-0.0025110766517980063,0.3309862756835006,0.33347364661867024,-0.06669708057655441,-3.113988453987164,0.10032194194562354,-0.13777995154155095,0.044173833891713164,0.014741743922864764,0.0,-0.03565996685648924,0.21166254399276968,1.2942959347026302,0.42842844019156473,-0.03697819253866621,-0.018044212899091736,0.808415443848313,0.005511451518335908,0.017107619871263795,0.5370964994409088,0.761580844855336,0.14027066812307415,0.2879401553474224,0.251398968403798,-0.03723324519970261,-0.12583858037071854,0.44662721743046213,-0.36112027905486455,35.0,58.0,42.0,440.0,0.3499999940395355,0.8999999761581421,34.900001525878906,210.0,154.0,293.6825256347656,1.3809523582458496,1.0,0.008999999612569809,2.045454502105713,0.12250000238418579,2.857142925262451,6.086774826049805,154.0,2.357142925262451,1225.0,12.25,15400.0,193600.0,0.4833333194255829,12.571428298950195,0.8644067645072937,0.9523809552192688,0.1666666716337204,0.22633744776248932,0.20576131343841553,38.82,35
-0.3128182712404169,-0.06283041761791686,0.015781019820568155,0.26525810831426616,0.20619961488265243,-0.03694513098054192,4.111555349170474,-0.5645451094370684,-0.0959367881449203,0.38627336828309256,0.11665626222931774,0.0,-0.022105310974424114,0.16123362716709977,1.218139259867241,0.30010477393788265,-0.14194093647249378,-0.009188635502257562,0.8092178440545716,-0.09729763228384813,0.012412012469922363,0.4253969405959049,0.8914370059775328,0.18345402868650504,0.3771494178124838,0.24560347005151908,-0.005709427978341167,-0.047346319970689804,-0.6782502578007431,-0.6195684467437812,35.0,58.0,42.0,440.0,0.3499999940395355,0.8999999761581421,45.75,205.0,154.0,293.6825256347656,1.3809523582458496,1.0,0.008999999612569809,2.045454502105713,0.12250000238418579,2.857142925262451,6.086774826049805,154.0,2.357142925262451,1225.0,12.25,15400.0,193600.0,0.4833333194255829,12.571428298950195,0.8644067645072937,0.9268292784690857,0.25,0.3230452537536621,0.05144032835960388,48.21,35
-0.5837611945112883,-0.08945502533215537,-0.002234049270363515,0.23840378251030298,0.23525595587874212,0.09485048765361873,8.819675566215883,-0.4911967749237134,0.04630806772810268,0.460956392361249,0.025741520022797403,0.0,-0.001540483571186529,0.26373195100601615,1.1546830373505999,0.3500879943711897,-0.04275555452044865,0.013804344830918778,0.8054378291219579,-0.09641128016087262,-0.120130614416665,0.45167190243829825,0.6767942037309009,0.2626763715056332,0.49595454522451216,0.32655813518430626,0.19016185833725555,-0.016812432581235534,0.4304184937231216,-0.4265892051241064,35.0,60.0,40.0,440.0,0.3499999940395355,0.8500000238418579,57.59000015258789,210.0,154.0,293.6825256347656,1.5,1.0,0.008500000461935997,1.9318181276321411,0.12250000238418579,2.857142925262451,6.086774826049805,154.0,2.357142925262451,1225.0,12.25,15400.0,193600.0,0.5249999761581421,12.571428298950195,0.8644067645072937,1.0,0.0,0.22633744776248932,0.05144032835960388,61.53,35
-0.31901013935823375,-0.16139613534533584,-0.027040825018172756,0.27818432734795545,0.22514066146775302,-0.030739224350815508,6.2573856299266675,0.310924983659072,-0.025051558761352725,0.3658964418556868,-0.01804899616615961,0.0,-0.10129630668880366,0.13473654028529594,1.18855629387301,0.4355046075852315,-0.23471671979390502,0.33704038500324807,0.7510856591659412,-0.07005497820606628,-0.07593081751161956,0.3346660154787677,0.8889720466080099,0.03158839221760934,0.45882596945037313,0.2029964618788086,-0.06083579507540306,-0.027088563252208934,-0.16027064951894252,-0.49163310914643743,35.0,60.0,40.0,435.0,0.3400000035762787,0.8999999761581421,49.77000045776367,170.0,147.89999389648438,285.9952392578125,1.5,1.0,0.008999999612569809,2.068965435028076,0.11559999734163284,2.941176414489746,6.075345993041992,147.89999389648438,2.441176414489746,1225.0,11.899999618530273,15225.0,189225.0,0.5099999904632568,12.428571701049805,0.8793103694915771,0.7647058963775635,0.6666666865348816,0.07407407462596893,0.20576131343841553,55.23,35
-0.1252657973109639,-0.13965817441916825,0.024826840444101796,0.28857721173216155,0.32885442593012626,-0.012629646187166175,0.13150084736637763,0.13433207224026916,0.07658796586068096,0.41002718431637925,0.027368857248372687,0.0,-0.05452462620938888,0.14680807963321185,1.1880353562151704,0.5738064395047057,-0.24095594159263328,0.6645863270773144,0.9249501676369462,-0.07761903456560937,-0.05649264164326487,0.3268302481001824,0.843489334614137,0.14037621037356393,0.5432630159642787,0.30177513719088245,-0.07990012229567603,0.15626561150958845,0.01828676098116164,0.5139066581704179,35.0,60.0,40.0,435.0,0.3400000035762787,0.8500000238418579,39.79999923706055,50.0,147.89999389648438,285.9952392578125,1.5,1.0,0.008500000461935997,1.954023003578186,0.11559999734163284,2.941176414489746,6.075345993041992,147.89999389648438,2.441176414489746,1225.0,11.899999618530273,15225.0,189225.0,0.5099999904632568,12.428571701049805,0.8793103694915771,2.5999999046325684,-1.3333333730697632,0.3230452537536621,0.35596707463264465,47.2,35
-0.10812914074143747,-0.1479252078077469,-0.013166193742474002,0.24225197553291844,0.2623747803739464,-0.016407194910601577,1.3843712392651433,-0.377194605634138,0.03476590653848776,0.3835468498859862,0.04558105777805004,0.0,-0.07743467649908298,0.24102582583321633,1.220473445895661,0.4931081672017852,-0.25629641695255856,0.43506380060078204,0.8417620246944724,-0.10081811319897842,-0.01933321443072487,0.3645998892766193,0.8076233113668616,0.1468446168899174,0.4385887106057171,0.2556927688748937,0.18004566967630176,-0.15453070990041995,-0.2963097854763466,-0.3207734590028301,35.0,60.0,40.0,435.0,0.3400000035762787,0.8999999761581421,41.29999923706055,220.0,147.89999389648438,285.9952392578125,1.5,1.0,0.008999999612569809,2.068965435028076,0.11559999734163284,2.941176414489746,6.075345993041992,147.89999389648438,2.441176414489746,1225.0,11.899999618530273,15225.0,189225.0,0.5099999904632568,12.428571701049805,0.8793103694915771,0.9772727489471436,0.0833333358168602,0.3230452537536621,0.20576131343841553,52.55,35
-0.17111737660275775,-0.14148299436244358,0.003884533592446123,0.28778360567371386,0.29839604033816347,0.001800426456840534,-0.023034610147243745,0.315410281321436,0.1391993554022157,0.4206334077023556,-0.010232128861290605,0.0,-0.12278275698144854,0.14749868808164546,1.2657408680576172,0.5678560304292625,-0.25305543755758647,0.47910354253756937,0.9119267855495202,0.02256205358764786,-0.024156286196849737,0.2814713608656086,0.7849982769910537,0.03796180639250105,0.4339653212192003,0.22457007403414053,0.20566895267508134,0.003787876806587071,-0.3013227808037114,-0.22074979089840382,35.0,60.0,40.0,435.0,0.3400000035762787,0.8999999761581421,39.77000045776367,150.0,147.89999389648438,285.9952392578125,1.5,1.0,0.008999999612569809,2.068965435028076,0.11559999734163284,2.941176414489746,6.075345993041992,147.89999389648438,2.441176414489746,1225.0,11.899999618530273,15225.0,189225.0,0.5099999904632568,12.428571701049805,0.8793103694915771,1.0333333015441895,-0.0833333358168602,0.1008230447769165,0.20576131343841553,44.1,35
-0.2138721879652722,-0.08419605324849906,-0.0009272204114224461,0.37991891479985324,0.3275140169632117,-0.10707615594508621,-2.69072700734867,-0.26356600911576833,-0.028608026722330336,0.15826583314290107,0.03736534461569977,0.0,-0.07238613072975983,0.1921255328547246,1.3229534953973918,0.45446723031155734,-0.20221191838405428,0.013046382266652548,0.7605477806127264,0.17294255484197457,0.02118448066427407,0.3572376181008018,0.7384520321095478,0.11163122714673067,0.2785853462340833,0.24404269138852597,-0.3879971534166891,-0.32484847015879403,-0.10629210846136969,-0.4558325635754748,35.0,58.0,42.0,435.0,0.3499999940395355,0.8999999761581421,37.130001068115234,210.0,152.25,290.3452453613281,1.3809523582458496,1.0,0.008999999612569809,2.068965435028076,0.12250000238418579,2.857142925262451,6.075345993041992,152.25,2.357142925262451,1225.0,12.25,15225.0,189225.0,0.4833333194255829,12.428571701049805,0.8644067645072937,0.8333333134651184,0.5833333134651184,0.07407407462596893,0.20576131343841553,44.3,35
-0.1448672773228575,-0.10164454001785328,-0.007712191795860104,0.3372865926672693,0.3042504692604274,-0.099416401691955,-3.01163525556062,-0.27463560388164276,-0.0246894255744444,0.15847661105786645,0.02281432641275391,0.0,-0.04562625721626668,0.15555620916023832,0.43762016622758854,0.10136430396170282,-0.12952794873024948,0.22309976322517758,0.335042609126149,0.010994355903420384,-0.01816126488296289,0.4701237830430998,0.5305565259561891,0.11343439399285743,0.3339086126684742,0.1627307275734966,0.04381124678608444,-0.0679780912629302,-0.38458146475293764,-0.2644498309992599,35.0,58.0,42.0,420.0,0.36000001430511475,0.8999999761581421,36.470001220703125,230.0,151.1999969482422,284.5333251953125,1.3809523582458496,1.0,0.008999999612569809,2.142857074737549,0.12960000336170197,2.777777671813965,6.040254592895508,151.1999969482422,2.277777671813965,1225.0,12.600000381469727,14700.0,176400.0,0.49714285135269165,12.0,0.8500000238418579,0.9347826242446899,0.25,0.1008230447769165,0.006172839552164078,44.3,35
-0.19228811515871982,-0.06887536175570981,0.024044601165618604,0.31304550129309244,0.26812562731516904,0.03217156544912439,2.2194075418137573,-0.3046677955031644,-0.023646794116209496,0.41682086576268035,0.04437985947978414,0.0,-0.06397291723669199,0.17271263734524772,1.1927886538672123,0.49052703590099644,-0.1788975999239382,0.3722799489074402,0.6976306408809094,-0.020193969682521344,0.07611619611464686,0.34792384797239656,0.9009419701671634,0.01729015773403601,0.48038655598923313,0.2438932738909587,-0.3291830103160134,-0.3871106393497786,-0.28625846893089407,-0.781055022676107,35.0,58.0,42.0,440.0,0.3400000035762787,0.8500000238418579,42.689998626708984,225.0,149.60000610351562,289.28253173828125,1.3809523582458496,1.0,0.008500000461935997,1.9318181276321411,0.11559999734163284,2.941176414489746,6.086774826049805,149.60000610351562,2.441176414489746,1225.0,11.899999618530273,15400.0,193600.0,0.4695238173007965,12.571428298950195,0.8793103694915771,0.8444444537162781,0.5833333134651184,0.3230452537536621,0.006172839552164078,45.17,35
-0.14398549628933402,-0.0475607693896543,0.015546154432416106,0.4105824064236199,0.3424108032899561,0.07390707555161385,-3.832752173929988,-0.2789810249144922,0.17245106550757788,0.11742677557842261,0.013185884256591375,0.0,0.026628613159526155,-0.11927768559528246,1.220073161049959,0.5174470650850711,-0.11360198252953335,0.4287736620702679,0.8024270087443056,-0.038140287999516104,0.05837860613633144,0.4632900530425791,0.8335363063876117,0.2868523198418531,0.30481804103653226,0.2702048955482509,0.2337766856155725,0.9704704022035703,-0.5422059350666284,-0.6857352639958553,35.0,58.0,42.0,440.0,0.3400000035762787,0.800000011920929,35.79999923706055,205.0,149.60000610351562,289.28253173828125,1.3809523582458496,1.0,0.00800000037997961,1.8181818723678589,0.11559999734163284,2.941176414489746,6.086774826049805,149.60000610351562,2.441176414489746,1225.0,11.899999618530273,15400.0,193600.0,0.4695238173007965,12.571428298950195,0.8793103694915771,0.4878048896789551,1.75,0.3230452537536621,0.006172839552164078,51.2,35
-0.24513643545085864,-0.11991540473879594,-0.006814406505468513,0.3309862756835006,0.33347364661867024,-0.09300022299372039,-3.4535417376660367,-0.340329719601986,-0.1455526635522754,0.03336954455441476,0.029915409594533485,0.0,-0.0524780700389681,0.2036167461912835,1.3000798653538785,0.39581226592280505,-0.022911653071022026,-0.009350110493749383,0.7900052538785676,0.005511451518335908,0.014670238026383897,0.5390610799661679,0.761580844855336,0.16728443912593471,0.28208148856390386,0.22681965701122747,0.047116604986466436,-0.13499606569285277,0.39886316717275727,-0.3432565031533853,35.0,58.0,42.0,440.0,0.3499999940395355,0.8999999761581421,36.22999954223633,210.0,154.0,293.6825256347656,1.3809523582458496,1.0,0.008999999612569809,2.045454502105713,0.12250000238418579,2.857142925262451,6.086774826049805,154.0,2.357142925262451,1225.0,12.25,15400.0,193600.0,0.4833333194255829,12.571428298950195,0.8644067645072937,0.9523809552192688,0.1666666716337204,0.22633744776248932,0.20576131343841553,38.82,35
-0.24425653900096003,-0.059943006273034484,0.001713905504515086,0.2633528957933431,0.21348986748159393,-0.034133857269972395,1.9429783470732043,-0.4340126391852862,-0.10930221473930994,0.3632175784753964,0.05396134005979915,0.0,-0.06879722528192649,0.19132731804801936,1.292594537834601,0.3892629852018976,-0.1844169864609213,-0.02919281543948812,0.8482328234460819,0.046951612721253366,0.04168770414745201,0.37022378077086504,0.8372051984688927,0.16856569208139083,0.40619032529148674,0.26766230812846714,-0.009815725640795083,-0.08711844796396778,-0.6377975617727577,-0.7014539726356859,35.0,58.0,42.0,440.0,0.3499999940395355,0.8999999761581421,41.400001525878906,205.0,154.0,293.6825256347656,1.3809523582458496,1.0,0.008999999612569809,2.045454502105713,0.12250000238418579,2.857142925262451,6.086774826049805,154.0,2.357142925262451,1225.0,12.25,15400.0,193600.0,0.4833333194255829,12.571428298950195,0.8644067645072937,0.9268292784690857,0.25,0.3230452537536621,0.05144032835960388,52.51,35
-0.5322067586748056,-0.08554834027018449,0.06735741768846604,0.24821443072271884,0.23137018067462065,0.08466680413722645,5.1218817904949585,-0.5205576967928539,-0.00547730016423205,0.39400063155664494,0.1258052880527812,0.0,-0.051216530467409226,0.14542308812329272,1.1404528636213267,0.3178424590736502,-0.03719836177240698,0.001901629289247008,0.7978700852242172,-0.08992133881577274,-0.13259674593872006,0.5371485576716831,0.698204791712764,0.13344224097074167,0.41301256900216377,0.24496697349420898,0.16155942981122862,-0.03130379684625819,0.3664949974630176,-0.4002613527848987,35.0,58.0,42.0,440.0,0.3499999940395355,0.8500000238418579,47.130001068115234,210.0,154.0,293.6825256347656,1.3809523582458496,1.0,0.008500000461935997,1.9318181276321411,0.12250000238418579,2.857142925262451,6.086774826049805,154.0,2.357142925262451,1225.0,12.25,15400.0,193600.0,0.4833333194255829,12.571428298950195,0.8644067645072937,1.0,0.0,0.22633744776248932,0.05144032835960388,57.84,35
-0.31901013935823375,-0.160687360169276,-0.027040825018172756,0.2731400717610634,0.31908503338369454,-0.029698094666912637,5.061534565282103,0.2439131403387167,-0.029751759257587076,0.3722858393619699,-0.017119181374394214,0.0,-0.10129630668880366,0.1319338341682366,1.1950076126593399,0.45510891833507283,-0.23471671979390502,0.3969595018781026,0.7446892938834364,-0.03783164653021366,-0.07569993410402329,0.3346660154787677,0.8805919727236405,0.024768133715246343,0.4580375954208741,0.20362345366163093,-0.014063820309309567,-0.03217025974749567,-0.1567176714510135,-0.49595979467808193,35.0,60.0,40.0,435.0,0.3400000035762787,0.8999999761581421,48.09000015258789,170.0,147.89999389648438,285.9952392578125,1.5,1.0,0.008999999612569809,2.068965435028076,0.11559999734163284,2.941176414489746,6.075345993041992,147.89999389648438,2.441176414489746,1225.0,11.899999618530273,15225.0,189225.0,0.5099999904632568,12.428571701049805,0.8793103694915771,0.7647058963775635,0.6666666865348816,0.07407407462596893,0.20576131343841553,52.65,35
-0.32141028984042974,-0.0637043688124673,-0.023416425261489314,0.2956737736885465,0.27234283585357255,0.03823837153300192,4.727735855730245,0.18339751603442506,-0.03926249276192829,0.41588640449752406,0.09042764167704112,0.0,-0.03336209345797957,0.08518040299216019,1.0781793784604923,0.438235151779022,-0.21235019612710537,0.5945335619229913,0.7313917252190625,-0.24072899302633674,-0.1936604473566781,0.4151183163093909,0.851152889276,0.15358208184070005,0.4714234959183273,0.2215064060421316,-0.305154415839388,-0.11329041145976738,-0.06616108081731889,0.6118310314095927,35.0,58.0,42.0,435.0,0.3400000035762787,0.8500000238418579,47.130001068115234,50.0,147.89999389648438,285.9952392578125,1.3809523582458496,1.0,0.008500000461935997,1.954023003578186,0.11559999734163284,2.941176414489746,6.075345993041992,147.89999389648438,2.441176414489746,1225.0,11.899999618530273,15225.0,189225.0,0.4695238173007965,12.428571701049805,0.8793103694915771,2.5999999046325684,-1.3333333730697632,0.3230452537536621,0.35596707463264465,57.84,35
-0.31496760555095643,-0.16403712901822867,0.011495959133008299,0.23745363853180187,0.2189410367554887,-0.019264443965415302,4.158326481226605,-0.32085936765175904,-0.050955342584905694,0.35934921941987397,0.0367115337386941,0.0,-0.029457870562757015,0.1778333467792369,1.154568536123508,0.4224940489568795,-0.25794234715565567,0.3616404164084327,0.758257743619941,-0.24506735820407996,-0.09551258121974622,0.3956437522951292,0.8650817352567022,0.13688348318761262,0.44828020423337844,0.26944841176061857,0.14845116711924256,-0.07410054110163809,-0.3347046741252077,-0.3533521719445689,35.0,60.0,40.0,435.0,0.3400000035762787,0.8999999761581421,46.470001220703125,220.0,147.89999389648438,285.9952392578125,1.5,1.0,0.008999999612569809,2.068965435028076,0.11559999734163284,2.941176414489746,6.075345993041992,147.89999389648438,2.441176414489746,1225.0,11.899999618530273,15225.0,189225.0,0.5099999904632568,12.428571701049805,0.8793103694915771,0.9772727489471436,0.0833333358168602,0.3230452537536621,0.20576131343841553,57.49,35
-0.10812914074143747,-0.15336395234269878,0.01326232170219311,0.28222458818658686,0.2754182772292069,-0.005405733893049187,2.3103403532550897,0.29121768719550395,0.02912941554296324,0.4087798798587855,0.05245598338818544,0.0,-0.07290276921016889,0.10321828078750665,1.1575664444978158,0.41367071549194717,-0.28289421687690297,0.4567771467742077,0.8816510043740328,-0.09371161704916205,-0.018092017793124422,0.30749002229650507,0.8379300941298644,0.1432245635758788,0.44258245469912777,0.26749644221655877,0.12977897804285005,0.06750173704091553,0.03538508305750053,-0.23594457263812363,35.0,60.0,40.0,435.0,0.3400000035762787,0.8999999761581421,43.400001525878906,130.0,147.89999389648438,285.9952392578125,1.5,1.0,0.008999999612569809,2.068965435028076,0.11559999734163284,2.941176414489746,6.075345993041992,147.89999389648438,2.441176414489746,1225.0,11.899999618530273,15225.0,189225.0,0.5099999904632568,12.428571701049805,0.8793103694915771,1.2692307233810425,-0.5833333134651184,0.3230452537536621,0.20576131343841553,49.8,35
-0.1536202615515766,-0.1603148554440713,0.001227681256418405,0.29129190710986863,0.25711654591798794,0.0061736294915397325,1.9239897217853084,0.22669970542281745,0.08272744673113805,0.41768363120628665,0.024303002953375955,0.0,-0.11098166493031361,0.12402586174365285,1.1997952063094486,0.40961515204242066,-0.28158412906320496,0.4503979413424466,0.8743752195483337,0.004723560648264057,-0.04008415334023697,0.2432653089538759,0.7591696350863398,0.023847941792087303,0.4505649463963065,0.23169034414894205,0.13844413539073078,-0.16004423468879278,-0.32522911116153014,-0.2884251932688955,35.0,60.0,40.0,435.0,0.3400000035762787,0.8999999761581421,44.099998474121094,150.0,147.89999389648438,285.9952392578125,1.5,1.0,0.008999999612569809,2.068965435028076,0.11559999734163284,2.941176414489746,6.075345993041992,147.89999389648438,2.441176414489746,1225.0,11.899999618530273,15225.0,189225.0,0.5099999904632568,12.428571701049805,0.8793103694915771,1.0333333015441895,-0.0833333358168602,0.1008230447769165,0.20576131343841553,53.4,35
-0.23416338324723754,-0.11081929125718673,0.025078833120987215,0.36850902566872756,0.28553181672397393,-0.07430673028412822,-3.314324269635684,-0.19985713804115368,0.14292602916358763,0.12767135321254489,-0.014670907392235902,0.0,-0.11391303802613616,0.2482325223855015,1.1922217131755677,0.44784206187218745,-0.18009953125985956,0.468589351136223,0.7804453991751521,-0.14214449366080656,-0.07780832200631253,0.4774924569762075,0.675240980628575,-0.04093977876687138,0.2891996601947092,0.1904705427641236,0.27750539220074333,-0.14471375259660157,-0.2603444841873871,-0.3526869793766951,35.0,60.0,40.0,435.0,0.3400000035762787,0.8999999761581421,36.400001525878906,190.0,147.89999389648438,285.9952392578125,1.5,1.0,0.008999999612569809,2.068965435028076,0.11559999734163284,2.941176414489746,6.075345993041992,147.89999389648438,2.441176414489746,1225.0,11.899999618530273,15225.0,189225.0,0.5099999904632568,12.428571701049805,0.8793103694915771,0.9736841917037964,0.0833333358168602,0.07407407462596893,0.20576131343841553,40.9,35
-0.2841689651857094,-0.01857850160979145,0.043482928391764236,0.3806002054141207,0.3780992710721985,-0.034920372278629444,-0.6161985060569802,0.2808487763286778,0.16567595920567804,0.30978683394313716,0.04411634608818283,0.0,-0.08170120274291118,0.16331266293505017,1.2914364351483802,0.5295555812816598,-0.20299749971416492,0.40178207584056336,0.826198079062904,0.12278785043423394,0.09259529702582414,0.2822253734003849,0.7797938357541363,0.23577187287034881,0.44861296821504837,0.22110396691792206,0.14878171183810113,-0.1200724986757331,0.24273795731424672,-0.2293195218691373,35.0,58.0,42.0,435.0,0.3400000035762787,0.8999999761581421,38.400001525878906,165.0,147.89999389648438,285.9952392578125,1.3809523582458496,1.0,0.008999999612569809,2.068965435028076,0.11559999734163284,2.941176414489746,6.075345993041992,147.89999389648438,2.441176414489746,1225.0,11.899999618530273,15225.0,189225.0,0.4695238173007965,12.428571701049805,0.8793103694915771,0.7878788113594055,0.5833333134651184,0.07407407462596893,0.039094649255275726,44.0,35
-0.2138721879652722,-0.07232869048202821,0.013479253623161387,0.28324262585084964,0.3285649604451389,-0.04913356308808315,-0.32420579281309847,-0.16986163134331594,-0.035796972987698655,0.3968430191058879,0.03736534461569977,0.0,-0.07762309638679095,0.16492078612820948,1.337317772856792,0.4839584904494178,-0.22978603965170935,0.005577853574828435,0.8172378613201526,0.17294255484197457,0.018187678090099132,0.36688198681656087,0.6909241755070994,0.1435987407458966,0.2835958113900864,0.26160737190820677,-0.3729171890024463,-0.2976609957948321,-0.08716503115577572,-0.45749777480027914,35.0,58.0,42.0,435.0,0.3499999940395355,0.8999999761581421,39.5,210.0,152.25,290.3452453613281,1.3809523582458496,1.0,0.008999999612569809,2.068965435028076,0.12250000238418579,2.857142925262451,6.075345993041992,152.25,2.357142925262451,1225.0,12.25,15225.0,189225.0,0.4833333194255829,12.428571701049805,0.8644067645072937,0.8333333134651184,0.5833333134651184,0.07407407462596893,0.20576131343841553,44.3,35
-0.22758037615066162,-0.018577926499227224,0.051474865741996244,0.37139849625787985,0.06340820841422803,-0.0670933890974253,5.293792467790977,0.11941676127806566,-0.017402498615053722,-0.08734729308887658,0.13990608888508715,0.0,-0.044824926012401616,0.04843194583653222,-0.019854427434260944,-0.24704113766590735,-0.07192967437318605,0.1761314491992367,0.2031546391983259,-0.27280035895402555,0.23411209047527895,0.13825452937015711,-0.6127008769999445,0.25732163502359745,0.42060378482744404,0.13283523371830178,-0.25901486211618424,-0.06696932121949765,0.3085620250491337,0.5540336649464297,35.0,58.0,42.0,400.0,0.3799999952316284,0.800000011920929,47.130001068115234,160.0,152.0,278.984130859375,1.3809523582458496,1.0,0.00800000037997961,2.0,0.1444000005722046,2.6315789222717285,5.991464614868164,152.0,2.1315789222717285,1225.0,13.300000190734863,14000.0,160000.0,0.5247619152069092,11.428571701049805,0.8225806355476379,1.03125,-0.0833333358168602,0.22633744776248932,0.35596707463264465,57.84,35
-0.27829582977313666,-0.06892103450433297,0.004293620900923613,0.3819396764315195,0.049234060568272904,-0.15667864463214556,4.668887836732826,0.18822323006664823,0.029905844946455044,-0.07811151901693279,0.12852325214543825,0.0,-0.03534786232526183,0.11035975791857662,-0.07862457511035033,-0.23302893383319845,-0.07842171429591974,0.21247648039182526,0.17819543005780772,-0.27180571402684406,0.2548766109306189,0.06925615714905066,-0.5952343471711734,0.1628223184635238,0.3936609490201218,0.12114968655764782,-0.5218495409378532,-0.2863740960491305,-0.03699297237976613,-0.3206843829494859,35.0,58.0,42.0,400.0,0.3799999952316284,0.800000011920929,46.470001220703125,160.0,152.0,278.984130859375,1.3809523582458496,1.0,0.00800000037997961,2.0,0.1444000005722046,2.6315789222717285,5.991464614868164,152.0,2.1315789222717285,1225.0,13.300000190734863,14000.0,160000.0,0.5247619152069092,11.428571701049805,0.8225806355476379,1.03125,-0.0833333358168602,0.1666666716337204,0.0658436194062233,57.84,35
-0.15906427071183615,-0.11288042615268964,-0.03939325594105018,0.25066888989249536,0.010698618268231565,-0.14876832366043205,1.961622782945582,-0.3769558003777793,-0.40718537974081964,0.49248150836910126,0.03128798179408749,0.0,-0.1663002266401309,0.18259434885008818,-0.03687940815127812,-0.1677902161780686,-0.10187808240950974,-0.3888604513834292,0.32042830278511125,-0.058558940904626926,0.39093935486485176,0.36170871493204027,0.49404320675605845,0.04302466576009059,0.4368482483501233,0.11776064030690502,-0.07428174993857437,-0.19461591645100226,0.005878761190157974,0.5373705227676927,35.0,60.0,40.0,440.0,0.3799999952316284,0.6000000238418579,42.689998626708984,195.0,167.1999969482422,306.8825378417969,1.5,1.0,0.006000000052154064,1.3636363744735718,0.1444000005722046,2.6315789222717285,6.086774826049805,167.1999969482422,2.1315789222717285,1225.0,13.300000190734863,15400.0,193600.0,0.5699999928474426,12.571428298950195,0.8225806355476379,0.9230769276618958,0.25,0.1666666716337204,0.35596707463264465,51.5,35
-0.2814728610223739,-0.14543747792807665,-0.03789125430489434,0.2429520891408008,-0.004816084784271203,-0.11935449467364864,3.5482506688439504,-0.4797511859032582,-0.36740441452875083,0.47001799886582324,0.017146161447886936,0.0,-0.20030822791546493,0.18701492641909892,-0.038168181616564024,-0.36081433970953347,-0.06336732867406503,-0.2766191830640634,0.29966290097479903,-0.2134630344702885,0.3419705075935143,0.42230354841838463,0.5530742160088027,0.03613102417481784,0.4210011159482184,0.11360748635680325,-0.0371669631833047,-0.05201688352630596,-0.014051852469414997,-0.31082439592158145,35.0,60.0,40.0,440.0,0.3799999952316284,0.699999988079071,45.79999923706055,195.0,167.1999969482422,306.8825378417969,1.5,1.0,0.007000000216066837,1.5909091234207153,0.1444000005722046,2.6315789222717285,6.086774826049805,167.1999969482422,2.1315789222717285,1225.0,13.300000190734863,15400.0,193600.0,0.5699999928474426,12.571428298950195,0.8225806355476379,0.9230769276618958,0.25,0.1666666716337204,0.15226337313652039,51.1,35
-0.5114274651177891,-0.08618016095069406,-0.00999605505720405,0.29320589635294897,-0.004405459275532976,-0.17841848303685995,8.687455160824326,-0.2970875667921929,-0.23864286443743915,0.6388315469670658,0.001931127890563956,0.0,-0.13521213389155623,0.3739117206499128,-0.031087167235494328,-0.2529592519821922,-0.00045538896917668106,-0.17738241625001314,0.2758644058063595,-0.326723070848033,0.3134220944781479,0.3274496686574996,0.46794063157163823,0.01558046921756845,0.4775576337606255,0.03287349278674958,0.044490008921979546,-0.1161903478306867,-0.049430448205514295,-0.1552617557499803,35.0,60.0,40.0,440.0,0.3799999952316284,0.699999988079071,56.22999954223633,190.0,167.1999969482422,306.8825378417969,1.5,1.0,0.007000000216066837,1.5909091234207153,0.1444000005722046,2.6315789222717285,6.086774826049805,167.1999969482422,2.1315789222717285,1225.0,13.300000190734863,15400.0,193600.0,0.5699999928474426,12.571428298950195,0.8225806355476379,0.9473684430122375,0.1666666716337204,0.1666666716337204,0.06995885074138641,62.4,35
-0.3175045139766605,-0.1390678655505727,-0.0020705886123563396,0.28996411954914264,0.05534202351126073,0.026181280757563083,6.605630260757945,-0.3674567309482013,0.04257672520029148,0.27308730037014234,0.003774716529781264,0.0,0.030283327176579222,0.09099780066184023,-0.043725382994627526,-0.30576142743734525,-0.1315175532185481,0.08055662510153402,0.19051570657166977,-0.45247615842799527,0.48566401090947703,0.4419842969874362,0.06043476053907508,0.04189498875091246,0.38178992913039983,0.0874781361017882,0.13539955624136243,0.12061804729782576,-0.04291560421293496,-0.21504955236359094,35.0,60.0,40.0,430.0,0.3799999952316284,0.8999999761581421,52.70000076293945,190.0,163.39999389648438,299.9079284667969,1.5,1.0,0.008999999612569809,2.0930233001708984,0.1444000005722046,2.6315789222717285,6.063785076141357,163.39999389648438,2.1315789222717285,1225.0,13.300000190734863,15050.0,184900.0,0.5699999928474426,12.285714149475098,0.8225806355476379,1.0,0.0,0.1666666716337204,0.06995885074138641,62.2,35
-0.2679784266144374,0.022045617699237723,0.07964712256166284,0.31226641136853767,0.011798225599035981,0.07571774718335335,5.943833772147536,-0.4212752298896328,0.051537788485022225,0.22963713675363281,0.11810443519031782,0.0,0.021155456377875866,0.13504942580948534,0.012800256955764753,-0.23147565981897839,-0.1187134621187047,0.010530972435737286,0.21712249018458174,-0.20526917493402122,0.2918354967146233,0.43071971806316606,0.12528511408795504,0.20974623201317485,0.3744821801266214,0.07107700159429362,-0.03411393151656129,-0.12121420348754308,-0.34712127929577263,-0.30676336559290646,35.0,58.0,42.0,430.0,0.3799999952316284,0.8999999761581421,47.70000076293945,190.0,163.39999389648438,299.9079284667969,1.3809523582458496,1.0,0.008999999612569809,2.0930233001708984,0.1444000005722046,2.6315789222717285,6.063785076141357,163.39999389648438,2.1315789222717285,1225.0,13.300000190734863,15050.0,184900.0,0.5247619152069092,12.285714149475098,0.8225806355476379,0.9473684430122375,0.1666666716337204,0.3230452537536621,0.15226337313652039,56.8,35
-0.10417380932957103,-0.059569028861509915,0.019550905776970263,0.3159691762607878,0.021977685882899282,0.022705764697211788,2.097098497151627,-0.046900648877530864,-0.11243475336037652,0.2288097188319672,0.06027256770517093,0.0,-0.021847148862993476,0.16534946051396895,0.0847380891509296,-0.09895293077822495,-0.20542436068224687,-0.19426257864774266,0.37701269686148303,-0.06615429716021315,0.3450951667777203,0.4075660225662852,0.1605868234353687,0.212515906261471,0.3562062921367713,0.07843632783422791,-0.08441041907086036,-0.193569510895712,-0.18987197082548007,0.5190235717326879,35.0,58.0,42.0,430.0,0.3799999952316284,0.8999999761581421,41.400001525878906,190.0,163.39999389648438,299.9079284667969,1.3809523582458496,1.0,0.008999999612569809,2.0930233001708984,0.1444000005722046,2.6315789222717285,6.063785076141357,163.39999389648438,2.1315789222717285,1225.0,13.300000190734863,15050.0,184900.0,0.5247619152069092,12.285714149475098,0.8225806355476379,0.9473684430122375,0.1666666716337204,0.3230452537536621,0.35596707463264465,52.51,35
-0.22758037615066162,0.01743635937243315,0.0727828397918895,0.36838137048731867,0.019337651959451075,-0.00298421774434123,5.45124522541624,0.12829747972607314,-0.03369234980100385,-0.12727951563412387,0.13614892663187284,0.0,0.014672908731942914,0.08208101845099938,-0.03006486782436187,-0.24730528829599865,-0.10719785688453815,0.09465388218315676,0.2031416641601028,-0.18376508983291365,0.14953607280162168,0.09765641848784504,-0.4631943570192611,0.1818710100092414,0.3527160506427874,0.12618829868462458,-0.14029261356218048,-0.23290131940446993,0.32191140892337905,0.43251783299668767,35.0,58.0,42.0,400.0,0.3799999952316284,0.800000011920929,47.130001068115234,175.0,152.0,278.984130859375,1.3809523582458496,1.0,0.00800000037997961,2.0,0.1444000005722046,2.6315789222717285,5.991464614868164,152.0,2.1315789222717285,1225.0,13.300000190734863,14000.0,160000.0,0.5247619152069092,11.428571701049805,0.8225806355476379,0.9428571462631226,0.1666666716337204,0.22633744776248932,0.35596707463264465,57.84,35
-0.27829582977313666,-0.06227987392448129,0.02907803013223641,0.37304778475121797,0.05281855639215086,-0.0951151960127403,4.996848416219598,0.24570045233884513,-0.01175944289174113,-0.08317815839295482,0.12198031168051648,0.0,-0.015142820915367585,0.08813419711501799,-0.07417460544026018,-0.2213883646157431,-0.11368989680727183,0.1458234731821251,0.18743851745412551,-0.27180571402684406,0.26385494262662684,0.10426229701589988,-0.5169475792517976,0.17019764451793074,0.35496593481568556,0.12508562841802462,-0.07327196675763001,0.04004542000664664,-0.0025069949762562454,0.04941062730203497,35.0,58.0,42.0,400.0,0.3799999952316284,0.800000011920929,46.470001220703125,170.0,152.0,278.984130859375,1.3809523582458496,1.0,0.00800000037997961,2.0,0.1444000005722046,2.6315789222717285,5.991464614868164,152.0,2.1315789222717285,1225.0,13.300000190734863,14000.0,160000.0,0.5247619152069092,11.428571701049805,0.8225806355476379,0.970588207244873,0.0833333358168602,0.1666666716337204,0.0658436194062233,57.49,35
-0.1045226932366756,0.2669675506699527,0.5600450667855531,0.12224070534511353,0.2877928098856745,0.178750657307762,8.896756218443176,0.28640462967997765,0.3987372454529489,0.21802172512819304,0.3711197664773385,0.0,0.2579781374314269,0.3086279682559134,0.09271684763513152,0.06571958813746713,-0.09472125686038346,0.3988936099653369,0.2703263589230871,0.304155980661014,0.2364341072341802,-0.04107045969941077,0.23249685178568513,0.038420367555807716,0.3664060066591267,0.392626971992351,0.3309146426400398,0.3033590654430898,0.6655734819658801,-0.2293973690959869,40.0,62.0,38.0,460.0,0.3100000023841858,0.800000011920929,52.5,180.0,142.60000610351562,288.6317443847656,1.6315789222717285,1.0,0.00800000037997961,1.7391303777694702,0.09610000252723694,3.225806474685669,6.131226539611816,142.60000610351562,2.725806474685669,1600.0,12.399999618530273,18400.0,211600.0,0.5057894587516785,11.5,0.9272727370262146,0.9722222089767456,0.0833333358168602,0.16923077404499054,0.0803418830037117,60.3,40
-0.14023810156831965,0.2166916256186039,0.566437848021851,0.161805620087126,0.2716451490070879,0.0754141556354603,-2.6252700306102636,-0.005020909882891634,-0.33484758831571454,0.3572299715094561,0.21838896091633206,0.0,-0.1356962379731718,0.3010875755053912,0.08367239369274201,0.09976778586237661,-0.12473284521460959,-0.18069547856694354,0.23346141122735797,0.3306437923233575,0.795918594658142,-0.06865109721268674,0.2609498498984957,0.04090293943398327,0.4668211843232392,-0.0066538651439374645,-0.25662660609787913,-0.14932124465931848,-0.6095823485773391,-0.1987875976972391,40.0,62.0,38.0,460.0,0.3400000035762787,0.699999988079071,39.29999923706055,160.0,156.39999389648438,302.4317321777344,1.6315789222717285,1.0,0.007000000216066837,1.52173912525177,0.11559999734163284,2.941176414489746,6.131226539611816,156.39999389648438,2.441176414489746,1600.0,13.600000381469727,18400.0,211600.0,0.554736852645874,11.5,0.8793103694915771,0.9375,0.1666666716337204,0.2735042870044708,0.15213675796985626,49.8,40
-0.13901451871182588,0.21564835485570108,0.522795348017555,0.13069936062300433,0.29272878577430306,0.07198627097000303,-0.07299925364260042,0.25503980213739963,-0.11868368904182001,0.3171676064838089,0.2914244069323419,0.0,-0.022911610539672684,0.35499274740691705,0.1377689620014398,0.16603094728519346,-0.13320663693031398,-0.12179880257155337,0.2565608145901014,0.3054763531151537,0.6907459952171314,-0.030390104259366668,0.2632454657015981,-0.16407735058752762,0.5561879589983029,0.4817881466718502,0.44096368167020095,0.6847350497042066,-0.6613887401589182,-0.12470707045044041,40.0,62.0,38.0,460.0,0.33000001311302185,0.800000011920929,41.29999923706055,190.0,151.8000030517578,297.8317565917969,1.6315789222717285,1.0,0.00800000037997961,1.7391303777694702,0.10890000313520432,3.0303030014038086,6.131226539611816,151.8000030517578,2.5303030014038086,1600.0,13.199999809265137,18400.0,211600.0,0.5384210348129272,11.5,0.8947368264198303,1.0526316165924072,-0.1666666716337204,0.2735042870044708,0.0803418830037117,53.4,40
-0.0981365416380135,0.22027202825823225,0.5714691708946662,0.11365927232164907,0.057721895524752,-0.030342024827382224,7.3047203338421,-0.006832299022096267,-0.01590894062894768,0.234736830998994,0.32649103914502786,0.0,-0.15502267393128072,0.11872447461734682,0.04527014984966412,0.1744517476719921,-0.11652398395646095,0.3114497856889105,0.21274855428307943,0.403147279588405,0.6336420615916056,-0.025752712239900447,0.3367247796341365,-0.011762128171231005,0.3286651381793052,0.022857888386803412,0.4269183719560977,0.5265961660419766,0.528311199929078,-0.2491076947104344,40.0,62.0,38.0,460.0,0.3449999988079071,0.699999988079071,51.5,160.0,158.6999969482422,304.73175048828125,1.6315789222717285,1.0,0.007000000216066837,1.52173912525177,0.11902499943971634,2.8985507488250732,6.131226539611816,158.6999969482422,2.3985507488250732,1600.0,13.800000190734863,18400.0,211600.0,0.5628947615623474,11.5,0.8717948794364929,1.0625,-0.1666666716337204,0.16923077404499054,0.15213675796985626,58.1,40
-0.09869699904954016,-0.0515925812367329,-0.18919804170936036,0.13073859940617305,0.29918129599715093,0.045459000426485624,8.186717109589415,0.1689895751448962,-0.2284916580695004,0.14134054820900058,-0.029816794443811495,0.0,-0.01995590622986788,0.1069168587143113,0.12966026643477993,0.07603271374345266,-0.11123457973759206,-0.2708113583851955,0.12557240671772585,0.31335952582077914,0.5819658203798764,-0.00961689843993424,0.2517014481294933,0.0395180002111593,0.43500878213195115,0.38040737562762983,0.20746891162871947,0.24987019079697093,0.6784912515069428,-0.006356576630158411,40.0,60.0,40.0,460.0,0.33000001311302185,0.800000011920929,52.70000076293945,190.0,151.8000030517578,297.8317565917969,1.5,1.0,0.00800000037997961,1.7391303777694702,0.10890000313520432,3.0303030014038086,6.131226539611816,151.8000030517578,2.5303030014038086,1600.0,13.199999809265137,18400.0,211600.0,0.4950000047683716,11.5,0.8947368264198303,1.0526316165924072,-0.1666666716337204,0.16923077404499054,0.05982905998826027,57.3,40
-0.06669471900441236,0.04010983300340552,-0.25434439408108017,0.12266744737226187,0.1957696953334058,-0.019179249317121998,11.2050749007446,-0.08854696136846812,0.1696735932949323,-0.014207842200573794,-0.0006560137089046298,0.0,-0.17347096250042965,-0.01064771846380898,0.12424656524362429,0.16474501782361753,-0.1195775746354336,0.3311161748479825,0.22535663329981281,0.39492364461784907,0.4866249082743152,0.0043532537442461695,0.34181587797850155,0.004235601645436026,0.3901449101139932,0.05403963205226278,-0.19435722764721927,0.16358256520612918,0.48203437363537405,-0.334408425964671,40.0,60.0,40.0,460.0,0.3499999940395355,0.800000011920929,56.400001525878906,165.0,161.0,307.03173828125,1.5,1.0,0.00800000037997961,1.7391303777694702,0.12250000238418579,2.857142925262451,6.131226539611816,161.0,2.357142925262451,1600.0,14.0,18400.0,211600.0,0.5249999761581421,11.5,0.8644067645072937,0.9696969985961914,0.0833333358168602,0.16923077404499054,0.15213675796985626,63.2,40
-0.09942505627349302,0.23319018744435102,0.5504021981130534,0.10921076171441504,0.17149573981637922,0.16670924351755995,4.333901206476985,0.28740847736946984,-0.17967927977063744,0.2333958324628524,0.4692228425695856,0.0,0.06656010644626376,0.9910483142531997,0.11708378387498079,0.20450493386267055,0.18056488306731294,-0.18093506732229878,0.384651423990799,0.3279076945913893,0.3318999825700074,0.0025827779580804866,0.32700913607066867,0.006410981817942498,0.45029097476757934,0.44654227400800817,0.17421137253942898,-0.3181946905075336,-0.8299320120091892,-0.2672008943661678,40.0,62.0,38.0,470.0,0.32499998807907104,0.800000011920929,48.400001525878906,180.0,152.75,301.95635986328125,1.6315789222717285,1.0,0.00800000037997961,1.7021276950836182,0.10562500357627869,3.076923131942749,6.152732849121094,152.75,2.576923131942749,1600.0,13.0,18800.0,220900.0,0.5302631855010986,11.75,0.9026548862457275,0.3333333432674408,2.0,0.2735042870044708,0.0803418830037117,64.7,40
-0.16634657226580357,0.27594652858968155,0.5653189353212268,0.10288324304565047,0.27157563220293185,0.1667442170415452,-2.8492493166888866,0.07897747713390252,0.4180691580569269,-0.09710245486399648,0.3139071593446592,0.0,0.23697697937453605,0.43976941684514004,0.15535744765545315,0.15604771909486093,-0.11524688096805713,0.23132220361179442,0.3408077995824978,0.28048619876343595,0.12565395560327894,0.012058672503278663,0.34967997131112466,-0.15214787956062223,0.7318885239699369,0.5182641819092305,-0.3047424794442764,-0.2677372294373667,0.5791725659374511,0.8276168845298885,40.0,62.0,38.0,460.0,0.3100000023841858,0.699999988079071,39.5,200.0,142.60000610351562,288.6317443847656,1.6315789222717285,1.0,0.007000000216066837,1.52173912525177,0.09610000252723694,3.225806474685669,6.131226539611816,142.60000610351562,2.725806474685669,1600.0,12.399999618530273,18400.0,211600.0,0.5057894587516785,11.5,0.9272727370262146,0.8999999761581421,0.3333333432674408,0.16923077404499054,0.25641027092933655,41.9,40
-0.13182339060739356,-0.014050962218528418,-0.18360622458853057,0.09523340775764066,0.22601322972993593,-0.01544152947096163,5.968288455498263,0.37044122823678927,-0.21149837876315827,0.16875945104095602,-0.023632643932322565,0.0,-0.04678465333426016,0.09050271373842779,0.15811546844104865,0.09829826932553841,-0.11304457153348371,-0.20014172740148736,0.17738527432767545,0.3169407462324303,0.7118153804730257,-0.008614464676433814,0.25332469415001296,-0.06076944530472988,0.43104289425942754,0.4048765601052821,0.10262379814390508,0.15495501034726009,0.665869574746236,0.18535011766614068,40.0,60.0,40.0,460.0,0.33000001311302185,0.699999988079071,50.400001525878906,140.0,151.8000030517578,297.8317565917969,1.5,1.0,0.007000000216066837,1.52173912525177,0.10890000313520432,3.0303030014038086,6.131226539611816,151.8000030517578,2.5303030014038086,1600.0,13.199999809265137,18400.0,211600.0,0.4950000047683716,11.5,0.8947368264198303,1.2142857313156128,-0.5,0.16923077404499054,0.05982905998826027,59.6,40
-0.10206920029255406,0.03512510428610741,-0.23443795652429217,0.19931083931045235,0.21123291313421,-0.00949438329668355,11.571785827839413,0.12568241739862598,0.23305417037687626,0.32918774235382214,-0.0012477813652327831,0.0,-0.12142322916855486,0.0565537556393558,0.13873760244408623,0.1235300844988454,-0.1367213265885799,0.4685459465844643,0.2321107527684614,0.4100440257499521,0.5982459553848803,0.006396584537283452,0.3714879953476682,-0.05909431210247362,0.4111949371352622,0.0750209575980263,0.19036289820027816,0.062177860233275345,0.6459443418006325,-0.1909273737197195,40.0,60.0,40.0,460.0,0.35499998927116394,0.800000011920929,60.400001525878906,140.0,163.3000030517578,309.3317565917969,1.5,1.0,0.00800000037997961,1.7391303777694702,0.1260250061750412,2.816901445388794,6.131226539611816,163.3000030517578,2.316901445388794,1600.0,14.199999809265137,18400.0,211600.0,0.5325000286102295,11.5,0.8571428656578064,1.25,-0.5833333134651184,0.2222222238779068,0.15213675796985626,69.0,40
-0.09761495167997136,0.0035989267813666655,-0.26717389738356473,0.22634975176308528,0.3099841606887713,0.07823119897725811,11.107236057587572,-0.1047606306480425,-0.25732639424213416,0.02990276906544961,-0.022976388793162304,0.0,0.07792509994400398,0.12111802724478046,0.12064847586725,0.1063135208673083,-0.15133855231439977,-0.2793177408025102,0.12501017927659971,0.3210858617815945,0.6426656777958261,0.009877151498092613,0.26999767997844626,0.019316935513293602,0.38567159623026936,0.39251498720585254,0.045795188417028,0.10750607820331379,0.696221159101153,0.4587652604532363,40.0,60.0,40.0,460.0,0.33000001311302185,0.800000011920929,60.70000076293945,160.0,151.8000030517578,297.8317565917969,1.5,1.0,0.00800000037997961,1.7391303777694702,0.10890000313520432,3.0303030014038086,6.131226539611816,151.8000030517578,2.5303030014038086,1600.0,13.199999809265137,18400.0,211600.0,0.4950000047683716,11.5,0.8947368264198303,1.0,0.0,0.2222222238779068,0.25641027092933655,69.0,40
-0.1336109149014478,0.010357844502404269,-0.12003777596373014,0.05360569598749569,0.1647709799406843,0.17350195921013542,12.068411172077742,0.07426546898567761,-0.31779329078652946,0.0308418785223856,-0.00898268942677494,0.0,0.17843267073109997,0.05598639317825145,0.11530513315399128,0.2657544851280408,-0.045184391047963186,-0.332955845534545,0.20782261077409303,0.4053115409406277,0.5883310888569753,-0.08735395701739317,0.2899027623173493,0.0545565339168844,0.4847994129374479,0.04078468703626675,0.3283954440077481,0.33418215709556864,0.5732180165962143,0.6058263755524219,40.0,60.0,40.0,450.0,0.3449999988079071,1.0,62.400001525878906,160.0,155.25,298.1071472167969,1.5,1.0,0.009999999776482582,2.222222328186035,0.11902499943971634,2.8985507488250732,6.10924768447876,155.25,2.3985507488250732,1600.0,13.800000190734863,18000.0,202500.0,0.5174999833106995,11.25,0.8717948794364929,1.0,0.0,0.2222222238779068,0.05982905998826027,69.0,40
-0.12356947842345653,0.2211824711948236,0.5679826938883521,0.09313993933902985,0.22852339509447078,0.10898947250922213,3.4549822568178024,0.020401178999934575,0.5407884413689036,0.25331706739942755,0.38961447074588773,0.0,0.15238518025864747,0.4145939044889388,0.1147145744126016,0.17243847062426595,0.17503930258198475,0.44858041279115823,0.5377391982527918,0.36363635039660147,0.049993674952291255,-0.04629701960315134,0.21752262791777144,0.0032940501577341237,0.41186246111789565,0.4331511801719336,-0.17660787280688262,-0.1151334832660674,-0.4111497825811633,0.6310054221541146,40.0,62.0,38.0,470.0,0.30000001192092896,0.699999988079071,46.599998474121094,160.0,141.0,290.20635986328125,1.6315789222717285,1.0,0.007000000216066837,1.4893616437911987,0.09000000357627869,3.3333332538604736,6.152732849121094,141.0,2.8333332538604736,1600.0,12.0,18800.0,220900.0,0.4894736707210541,11.75,0.9444444179534912,0.9375,0.1666666716337204,0.2735042870044708,0.25641027092933655,62.7,40
-0.10191204526007538,0.21578839272393635,0.5326902744408009,0.16947706487649447,0.27875490411534487,0.004659607948572245,-0.829236364398405,0.005998159409144084,-0.18879423048752225,0.4537359465374846,0.35755070767506353,0.0,-0.09677891795937668,0.7937921894348645,0.12454018399764644,0.17354802168348568,0.182459607694579,-0.13033954363748046,0.40818608929391836,0.29437562649069854,0.8274711742910033,-0.0523937304995781,0.2979760935792003,-0.09847578609290536,0.4457247071073208,0.5245655319202823,0.45845753099505704,0.4987173859045503,-0.7686435317246085,-0.1015397963920076,40.0,62.0,38.0,470.0,0.33000001311302185,0.800000011920929,40.599998474121094,150.0,155.10000610351562,304.30633544921875,1.6315789222717285,1.0,0.00800000037997961,1.7021276950836182,0.10890000313520432,3.0303030014038086,6.152732849121094,155.10000610351562,2.5303030014038086,1600.0,13.199999809265137,18800.0,220900.0,0.5384210348129272,11.75,0.8947368264198303,1.2000000476837158,-0.5,0.2735042870044708,0.15213675796985626,65.1,40
-0.18139805274151874,0.303095037438291,0.5869446076723442,0.17588486220811742,0.2312900308484282,-0.09206591002346104,11.635054630428343,0.06125229190212338,0.28986430861131957,0.3869403434646483,0.38124495099383493,0.0,-0.10977375033279764,0.3026250704882519,0.13303215771292826,0.18352496867645443,-0.12709233209096726,0.4476741142974109,0.2669816701231113,0.4135728980145115,0.6600724313549223,-0.05747813278911344,0.42467807353347486,0.09841637547466078,0.3734176674940948,0.11120441436891766,0.48237926791498276,0.24095724684239042,0.6813183009387324,-0.2059901978009249,40.0,62.0,38.0,460.0,0.3499999940395355,0.8500000238418579,62.099998474121094,150.0,161.0,307.03173828125,1.6315789222717285,1.0,0.008500000461935997,1.8478261232376099,0.12250000238418579,2.857142925262451,6.131226539611816,161.0,2.357142925262451,1600.0,14.0,18400.0,211600.0,0.571052610874176,11.5,0.8644067645072937,1.2000000476837158,-0.5,0.2222222238779068,0.15213675796985626,65.6,40
-0.21166606899420345,0.27233559257343554,0.5421214978437102,0.14932639812563542,0.31056043680688133,0.2562675048544666,11.396336711795431,0.010769117281413698,0.2876845048155393,0.14997375907872545,0.2750063591439456,0.0,0.32354846447126445,0.36682498418349346,0.12092403383200662,0.11904640446463317,-0.09468104642439391,0.14816410448100464,0.24576146658060108,0.3076647355233522,0.27999546971433326,-0.04115662214131232,0.29091151527504666,0.07163996280586615,0.3943233158328318,0.38318313979973023,-0.12295729027761973,-0.11835899152592819,0.6480956901927477,0.6090487991541684,40.0,62.0,38.0,460.0,0.3100000023841858,0.800000011920929,64.49600219726562,190.0,142.60000610351562,288.6317443847656,1.6315789222717285,1.0,0.00800000037997961,1.7391303777694702,0.09610000252723694,3.225806474685669,6.131226539611816,142.60000610351562,2.725806474685669,1600.0,12.399999618530273,18400.0,211600.0,0.5057894587516785,11.5,0.9272727370262146,0.8947368264198303,0.3333333432674408,0.16923077404499054,0.25641027092933655,69.4,40
-0.1085038836473683,-0.0019133493423195273,-0.2870320416534088,0.2391972208950262,0.3123937133351564,-0.010293379474757185,11.32501276729869,0.1844130401735308,0.1921106208145374,0.0759192285044886,-0.03560306038305519,0.0,-0.09290725682778839,0.10532254153325012,0.07781008023509009,0.061293569742763974,-0.10555427003462846,0.04513880389264005,0.18596101664018722,0.30449285846705915,0.4539882105679484,-0.026095442447680247,0.3928163247107829,0.018974523340399098,0.35671606345295864,0.30827003601607644,-0.12163511380494392,-0.0625329410342981,0.5848679843103215,0.4513997696878386,40.0,60.0,40.0,460.0,0.3199999928474426,0.8999999761581421,60.0,180.0,147.1999969482422,293.23175048828125,1.5,1.0,0.008999999612569809,1.95652174949646,0.10239999741315842,3.125,6.131226539611816,147.1999969482422,2.625,1600.0,12.800000190734863,18400.0,211600.0,0.47999998927116394,11.5,0.9107142686843872,0.9444444179534912,0.1666666716337204,0.16923077404499054,0.25641027092933655,68.2,40
-0.1534242886868226,0.23422365607737264,0.6503078574761544,0.17535445688325638,0.3913999046209523,-0.07482606956672283,11.78617346267492,-0.08415050078693054,-0.1360903443980633,0.09271047420097245,0.3737157223031181,0.0,-0.19034150732914434,0.03603393251148317,0.08297612667431138,0.22099713152496978,-0.09556551272310429,-0.28161019736801757,0.15791087212968033,0.32098933077602865,0.5078826823563708,-0.06486788076565735,0.2837430276450274,-0.056565337595417285,0.3835394702471499,0.04356270690082158,0.009101717694599134,0.21098384102216683,0.6155232400648921,0.4278817597907658,40.0,62.0,38.0,460.0,0.3400000035762787,0.800000011920929,62.79999923706055,160.0,156.39999389648438,302.4317321777344,1.6315789222717285,1.0,0.00800000037997961,1.7391303777694702,0.11559999734163284,2.941176414489746,6.131226539611816,156.39999389648438,2.441176414489746,1600.0,13.600000381469727,18400.0,211600.0,0.554736852645874,11.5,0.8793103694915771,1.0,0.0,0.16923077404499054,0.05982905998826027,68.8,40
-0.14418722936449108,0.0003722379005781528,-0.2387627905356822,0.27307394281303554,0.306112335745827,-0.018568401868933885,11.14926359836259,0.13519387236930205,-0.23832719060000496,0.0711026127738884,-0.04749100236703253,0.0,-0.05667037578057434,0.1121546529701883,0.09715078692251368,0.16582557451627275,-0.09130327106486773,-0.19075869484242786,0.08384486727561452,0.32757597698801033,0.6820275818447077,-0.06664482808611542,0.34788505384697876,-0.02539330296423518,0.23983511001810542,0.3552919494723444,-0.36766547328325766,-0.03286690356763032,-0.30554760805984815,0.49543266395507357,40.0,60.0,40.0,460.0,0.33000001311302185,0.8999999761581421,63.0,190.0,151.8000030517578,297.8317565917969,1.5,1.0,0.008999999612569809,1.95652174949646,0.10890000313520432,3.0303030014038086,6.131226539611816,151.8000030517578,2.5303030014038086,1600.0,13.199999809265137,18400.0,211600.0,0.4950000047683716,11.5,0.8947368264198303,0.9210526347160339,0.25,0.1111111119389534,0.25641027092933655,64.7,40
-0.1755269793723298,0.001762128174112081,-0.2308510766696333,0.035739686989651846,0.23471668131048284,0.003486253476107198,11.296752779660912,0.5412474504623266,-0.02009628462612833,0.1389351478848896,-0.02922295529801173,0.0,0.04640354077677844,0.023279097124429483,0.15882637374805847,0.26033484088071035,-0.023752218564408793,-0.09292300472448005,0.16442612925738295,0.303682515272536,0.686127376002988,-0.048853215810091305,0.22949611438085912,0.07255446113313122,0.5299806283372192,0.3670987468261996,-0.4090266185729527,-0.002821206079392478,0.46976839470537035,-0.27383607375526425,40.0,60.0,40.0,450.0,0.33000001311302185,1.0,63.400001525878906,80.0,148.5,291.3571472167969,1.5,1.0,0.009999999776482582,2.222222328186035,0.10890000313520432,3.0303030014038086,6.10924768447876,148.5,2.5303030014038086,1600.0,13.199999809265137,18000.0,202500.0,0.4950000047683716,11.25,0.8947368264198303,0.6875,0.4166666567325592,0.2222222238779068,0.15213675796985626,68.7,40
-0.1503762341518708,-0.0014712646849146655,-0.29098344514075697,0.0295889720594736,0.2829355493170454,-0.08380519719304678,11.484560724345464,0.5489058211780712,0.15331714524349588,0.20465614425682127,-0.041697445446156306,0.0,0.0006117374594525926,0.02605135518874745,0.1518717320198969,0.24749448337288646,-0.052118389329416925,0.39276045580434576,0.19312219555189963,0.308091435909188,0.1432169571778148,-0.04414288309073071,0.2731542920130052,0.11185808810357961,0.5314661740715381,0.6619554037794377,-0.25284078982941716,-0.06792784839756975,0.4278641345530485,0.4324694308700912,40.0,60.0,40.0,450.0,0.3100000023841858,1.0,64.49600219726562,80.0,139.5,282.3571472167969,1.5,1.0,0.009999999776482582,2.222222328186035,0.09610000252723694,3.225806474685669,6.10924768447876,139.5,2.725806474685669,1600.0,12.399999618530273,18000.0,202500.0,0.4650000035762787,11.25,0.9272727370262146,0.6875,0.4166666567325592,0.2222222238779068,0.25641027092933655,68.6,40
-0.1560049958022908,0.0015432716331170463,-0.250366506645964,0.06285005798052856,0.3076374889821508,-0.031715130048779745,11.665962231996783,0.40093629728483887,-0.04814343544594723,0.09807204902300203,-0.027969297122031275,0.0,-0.07222590882534176,0.12798198204783595,0.12580804201735887,0.12610012120405173,-0.0905324348172381,-0.04883330145458992,0.12102572993245878,0.2943756896573883,0.70584445762978,-0.05188671199287351,0.24186028111075658,0.06040640189000063,0.512513232033212,0.3804489012816906,-0.24622769132729608,0.0031830883239366402,0.5011811989033139,0.30465388356533923,40.0,60.0,40.0,450.0,0.33000001311302185,0.8999999761581421,64.49600219726562,100.0,148.5,291.3571472167969,1.5,1.0,0.008999999612569809,2.0,0.10890000313520432,3.0303030014038086,6.10924768447876,148.5,2.5303030014038086,1600.0,13.199999809265137,18000.0,202500.0,0.4950000047683716,11.25,0.8947368264198303,0.800000011920929,0.3333333432674408,0.16923077404499054,0.25641027092933655,67.7,40
-0.11910606606601462,0.007373682140661888,-0.17405591092106013,0.05403090961491076,0.14480506667433235,0.1317930278903978,11.703417623574465,0.20641894422757437,-0.234383552215365,0.17545759520714777,-0.008961619280068703,0.0,0.20970643346771642,0.11733979107661846,0.14398908486204937,0.2041552582103035,0.0016062272970529955,-0.16431205838976792,0.26256567678394005,0.3866394129306099,0.6645159574144107,-0.014338825565598168,0.29601713079287195,0.0546223320739926,0.43881570854557017,0.12814412426599558,0.34385336673072325,0.2348296571428706,0.48617331147874215,-0.19897138359061994,40.0,60.0,40.0,430.0,0.3499999940395355,1.0,61.0,75.0,150.5,287.0079345703125,1.5,1.0,0.009999999776482582,2.3255813121795654,0.12250000238418579,2.857142925262451,6.063785076141357,150.5,2.357142925262451,1600.0,14.0,17200.0,184900.0,0.5249999761581421,10.75,0.8644067645072937,1.0666667222976685,-0.0833333358168602,0.16923077404499054,0.15213675796985626,64.1,40
-0.1722024918641803,0.005513382908024226,-0.21503800759242261,0.0044871026951343145,0.25502023846389454,-0.08904689543546758,11.028993942532763,0.4771109820510752,0.11382214735786951,-0.022176605848254417,-0.032803194191103315,0.0,-0.07049074564575733,0.08668587811641398,0.18121609402052652,0.2201944808278751,-0.019049029543369216,0.2814317479399741,0.18724231263044147,0.2823369436641276,0.3442999711886914,-0.03757497842922554,0.3049144772066855,0.20182360430365956,0.4873104650652109,0.6594069200532834,-0.05257517751911292,-0.45864943621979104,0.46724395886964953,0.3029315194257471,40.0,60.0,40.0,430.0,0.3199999928474426,1.0,64.49600219726562,120.0,137.60000610351562,274.1079406738281,1.5,1.0,0.009999999776482582,2.3255813121795654,0.10239999741315842,3.125,6.063785076141357,137.60000610351562,2.625,1600.0,12.800000190734863,17200.0,184900.0,0.47999998927116394,10.75,0.9107142686843872,0.2916666567325592,1.4166666269302368,0.16923077404499054,0.25641027092933655,69.0,40
-0.1360987297839962,-0.026464933770642813,-0.19839189646429647,0.03135399012598546,0.041638463903209806,-0.08522381620528258,6.5818071674968435,-0.03185674812673638,-0.1518640299863933,-0.04193900938369009,-0.021645651185951034,0.0,-0.06890543921132426,0.09582981392656939,-0.007289777686835563,0.16334447397377183,-0.11953646578250873,-0.06808658526605255,0.1814529471452925,0.3877647755215734,0.787176726262448,-0.04142882640259966,0.2443578610718271,-0.042053269624244986,0.38583892784592255,-0.005509640408356168,0.3911179448469524,0.29672573091949334,0.4871423257469385,-0.26498179135633293,40.0,60.0,40.0,435.0,0.3449999988079071,0.8999999761581421,50.20000076293945,160.0,150.0749969482422,288.17022705078125,1.5,1.0,0.008999999612569809,2.068965435028076,0.11902499943971634,2.8985507488250732,6.075345993041992,150.0749969482422,2.3985507488250732,1600.0,13.800000190734863,17400.0,189225.0,0.5174999833106995,10.875,0.8717948794364929,1.125,-0.3333333432674408,0.16923077404499054,0.15213675796985626,56.4,40
-0.09318090288317823,-0.00026024418547837764,-0.24493262924414314,0.046980622085973874,0.321400122806028,-0.05384587416256041,10.733939294878724,0.2616244192004209,0.10527208949589176,-0.038146247519682916,-0.022323201790337987,0.0,-0.08727953850963945,0.0677708404652598,0.09095957083488274,0.0754114732607094,-0.1309202346644563,0.10488631246572143,0.17129963598047176,0.29294550689814935,0.7933078609674267,-0.011944909539404889,0.24056206345553682,-0.07311894957855757,0.4298534606824573,-0.07874188647237879,0.0838399388862028,-0.061645184032589714,0.513830396677491,-0.2946203254669793,40.0,60.0,40.0,435.0,0.33500000834465027,0.8999999761581421,58.5,140.0,145.72500610351562,283.82025146484375,1.5,1.0,0.008999999612569809,2.068965435028076,0.1122250035405159,2.985074520111084,6.075345993041992,145.72500610351562,2.485074520111084,1600.0,13.399999618530273,17400.0,189225.0,0.5024999976158142,10.875,0.886956512928009,1.2142857313156128,-0.5,0.16923077404499054,0.15213675796985626,62.2,40
-0.12709390492933306,-0.02485762864896056,-0.2358305779929964,0.010240842742766973,0.27154445515479686,-0.030744281360827942,5.692756333516654,0.0287846677659437,0.29714181281589935,-0.08771624348129553,-0.09694815141312371,0.0,-0.07637523237494276,0.14498426572189807,0.06339185211391035,0.07492978586263321,-0.09825961620000138,0.20758254855765768,0.24421465744301576,0.28386018530924084,0.05883611264797326,-0.01699889049685329,0.18107009207653962,0.16358504330701332,0.4340820475843627,0.3638454553506204,0.4252684730656762,0.254331896562548,0.6270702059810819,0.47614572584869624,40.0,60.0,40.0,435.0,0.3100000023841858,0.8999999761581421,49.599998474121094,180.0,134.85000610351562,272.94525146484375,1.5,1.0,0.008999999612569809,2.068965435028076,0.09610000252723694,3.225806474685669,6.075345993041992,134.85000610351562,2.725806474685669,1600.0,12.399999618530273,17400.0,189225.0,0.4650000035762787,10.875,0.9272727370262146,0.9722222089767456,0.0833333358168602,0.16923077404499054,0.25641027092933655,59.7,40
-0.10355375831005263,-0.030723169536482346,-0.27710635256387667,0.10309898162262578,0.127325068164054,-0.0526361005851769,6.294526708906181,0.21347851855464373,0.24251938815799876,0.17721532044667415,-0.05137648081716759,0.0,0.018909094241180806,0.07911269929607258,0.15197296290450046,0.11299173273245679,-0.0345069909394062,0.42313287578291975,-0.06241292974004596,0.4410784460348089,0.5321498915094286,-0.025901536534429344,0.27434318125999185,0.037523444426845985,0.38462795881734735,0.12867987629207478,-0.05626644366249162,-0.09659604473918776,0.6323896304806181,0.6731664110953859,40.0,60.0,40.0,435.0,0.3700000047683716,0.8999999761581421,49.400001525878906,170.0,160.9499969482422,299.04522705078125,1.5,1.0,0.008999999612569809,2.068965435028076,0.13689999282360077,2.702702760696411,6.075345993041992,160.9499969482422,2.202702760696411,1600.0,14.800000190734863,17400.0,189225.0,0.5550000071525574,10.875,0.8360655903816223,0.8235294222831726,0.5,0.2222222238779068,0.25641027092933655,59.6,40
-0.10095491497294566,-0.021283600986672684,-0.21169417804033763,0.047816567011375204,0.027375254461097405,-0.08780861798036159,6.6807592794397355,0.017481204259803183,-0.2524019577049235,0.06694089469651533,0.008657524475358204,0.0,-0.05277741283314227,0.08474554296444323,-0.028668424299525343,0.16687163583863965,-0.13988015230135334,-0.24577211979348357,0.1610643010916945,0.4041235487542961,0.7652548321133668,-0.04695637704689545,0.26085021634482003,-0.015605003132830326,0.3772051331593201,0.07246586086627839,0.49884865847071325,0.5958214920953472,0.6945142896868894,-0.2396757297698411,40.0,60.0,40.0,435.0,0.3499999940395355,0.8999999761581421,49.79999923706055,160.0,152.25,290.3452453613281,1.5,1.0,0.008999999612569809,2.068965435028076,0.12250000238418579,2.857142925262451,6.075345993041992,152.25,2.357142925262451,1600.0,14.0,17400.0,189225.0,0.5249999761581421,10.875,0.8644067645072937,1.0625,-0.1666666716337204,0.2222222238779068,0.15213675796985626,68.4,40
-0.11061089512747499,-0.001959781587020106,-0.2728885118969154,0.10140696111123096,0.3126647111624887,-0.03211544210429609,10.674389266886458,0.7006886394748897,0.19602639883734543,0.4113503504561368,-0.03530763788591604,0.0,-0.050286729295178405,0.060850681607676343,0.15042213402688592,0.0965338757331072,-0.09842599520796998,0.17546934059863886,0.07651226856775628,0.31217792329242916,0.693223605559475,-0.008573261019174494,0.2663217270829641,0.015558697097172239,0.4937297884405165,0.3265650451559545,-0.26851944235417713,-0.019152728701579576,0.5730268107405807,0.4319182404093221,40.0,60.0,40.0,430.0,0.33000001311302185,0.8999999761581421,57.70000076293945,75.0,141.89999389648438,278.4079284667969,1.5,1.0,0.008999999612569809,2.0930233001708984,0.10890000313520432,3.0303030014038086,6.063785076141357,141.89999389648438,2.5303030014038086,1600.0,13.199999809265137,17200.0,184900.0,0.4950000047683716,10.75,0.8947368264198303,0.7333333492279053,0.3333333432674408,0.2222222238779068,0.25641027092933655,61.6,40
-0.06945424759394242,-0.061651175333441416,-0.3396057781770158,0.05121751245530252,0.23446250693515283,-0.05252496596108954,9.022337014624018,-0.13975716033087562,-0.02187881065896563,0.1382868778964727,-0.04663143827740703,0.0,-0.08828556736767515,0.05825001318788834,0.1139729102738056,0.14308564587915815,-0.11600398281611568,-0.06147853562275223,0.11654652104334717,0.2958210281901126,0.6099935711860075,-0.04087321455187687,0.2241458876757298,0.11709318084314338,0.35328779534840926,-0.016745976129894896,0.09111410335666827,-0.49852296205351976,0.801430802220223,0.9285689796713662,40.0,60.0,40.0,435.0,0.3400000035762787,0.8999999761581421,54.5,200.0,147.89999389648438,285.9952392578125,1.5,1.0,0.008999999612569809,2.068965435028076,0.11559999734163284,2.941176414489746,6.075345993041992,147.89999389648438,2.441176414489746,1600.0,13.600000381469727,17400.0,189225.0,0.5099999904632568,10.875,0.8793103694915771,0.625,1.25,0.008547008968889713,0.25641027092933655,63.0,40
-0.1363246357451348,-0.014975002677523677,-0.21703500488459324,0.0013599255288875784,0.2873053247736016,-0.0370554021679592,7.053059691311761,0.5349846379063377,0.1402599284676614,0.04525496559349815,-0.009858477816184198,0.0,-0.02961001974196721,0.12257301277871471,0.13866174285005067,0.15961618431563765,-0.08106481573019401,-0.01461393017562932,0.2209442166745833,0.3194748687292238,0.8901340001335636,-0.032846599689833625,0.32145721994072146,-0.04906983401221915,0.21175442564321312,-0.025928223779222687,0.6529629630234607,0.6042270629204248,0.37116888542613297,-0.2675500423095511,40.0,60.0,40.0,430.0,0.3400000035762787,0.8999999761581421,49.900001525878906,75.0,146.1999969482422,282.70794677734375,1.5,1.0,0.008999999612569809,2.0930233001708984,0.11559999734163284,2.941176414489746,6.063785076141357,146.1999969482422,2.441176414489746,1600.0,13.600000381469727,17200.0,184900.0,0.5099999904632568,10.75,0.8793103694915771,1.600000023841858,-0.75,0.008547008968889713,0.15213675796985626,57.1,40
-0.13510601540347958,-0.04662290734839943,-0.2283574120142577,0.060674314880021604,0.12419944424606641,-0.020714545739746803,8.123090125457429,0.3767716516510243,0.15016395171621086,0.30141494263222374,0.018360074946605912,0.0,0.014028506955283999,0.0344502884095406,0.15677761972874746,0.1056048980352277,-0.004852001072954451,0.42920850691430273,-0.03781656435960939,0.4252734768953773,0.6184430349705475,-0.02858008822842319,0.27916228161579715,-0.020388069340018522,0.2741290050123703,0.12763103380217722,0.13119798437722424,-0.12112180032789491,0.8209919119186799,-0.3028022803167257,40.0,60.0,40.0,435.0,0.3700000047683716,0.8999999761581421,51.900001525878906,150.0,160.9499969482422,299.04522705078125,1.5,1.0,0.008999999612569809,2.068965435028076,0.13689999282360077,2.702702760696411,6.075345993041992,160.9499969482422,2.202702760696411,1600.0,14.800000190734863,17400.0,189225.0,0.5550000071525574,10.875,0.8360655903816223,0.800000011920929,0.5,0.008547008968889713,0.15213675796985626,58.7,40
-0.13622836174267,-0.024735773469806543,-0.2725241367685006,0.009152850607902252,0.24481598608598343,-0.04398755974668115,6.6720064938776735,0.905703259790466,0.20577709330954366,0.10118476727921873,-0.023725335601813304,0.0,-0.030623781138461013,0.13097173337826062,0.13799118055554405,0.16392245467755318,-0.07044063875427209,0.18990515841627795,0.15855753221371174,0.313038392040357,0.774969581346663,-0.03742679113271052,0.318410386252711,0.12691429079325475,0.24089250346000715,-0.026093373543147908,0.26882589237923316,-0.1164559026932036,0.49849078997037155,0.25873407988897423,40.0,60.0,40.0,430.0,0.3400000035762787,0.8999999761581421,49.79999923706055,70.0,146.1999969482422,282.70794677734375,1.5,1.0,0.008999999612569809,2.0930233001708984,0.11559999734163284,2.941176414489746,6.063785076141357,146.1999969482422,2.441176414489746,1600.0,13.600000381469727,17200.0,184900.0,0.5099999904632568,10.75,0.8793103694915771,0.7857142686843872,0.25,0.008547008968889713,0.25641027092933655,58.9,40
-0.06675132403708663,-0.05711277693406349,-0.29486758938948215,0.07016063011055544,0.21402867356593927,-0.04545928078146698,8.731939812850385,0.6778994904008165,0.19226666628734743,-0.2729330981327532,-0.05460565094974359,0.0,-0.08569723137830944,0.10776448694665916,0.14788110967611395,0.12935035997608277,-0.0946544357548631,0.3085698567474875,0.10744196546179685,0.31203468575724236,0.33853486474732203,-0.010393499454816284,0.3387130155871636,0.08065932594606437,0.28193045831487085,0.60508398034633,0.08757439633316745,-0.4873995771949763,0.023975252430865474,0.45074808444126,40.0,60.0,40.0,430.0,0.3199999928474426,0.8999999761581421,52.79999923706055,90.0,137.60000610351562,274.1079406738281,1.5,1.0,0.008999999612569809,2.0930233001708984,0.10239999741315842,3.125,6.063785076141357,137.60000610351562,2.625,1600.0,12.800000190734863,17200.0,184900.0,0.47999998927116394,10.75,0.9107142686843872,0.4444444477558136,0.8333333134651184,0.023931624367833138,0.25641027092933655,59.4,40
-0.1004589357699115,-0.06447913029251236,-0.25024794587332044,0.09334254198042612,0.28696174119293244,-0.055987377206432064,9.16237305794109,-0.04459881617791916,0.01760768823466858,0.1916164587145568,-0.0393336075823323,0.0,-0.1252485615064993,0.05301826317177391,0.09612956959349905,0.10091187448628565,-0.10773078921687707,-0.11994587451495471,0.08531269016504925,0.3054032993936028,0.5536328913374989,-0.012058451776481903,0.18253723238143002,0.0076937397075679355,0.21582143333115056,-0.097327796344311,-0.3650008304760186,-0.12646118536734158,-0.12635559870800808,-0.30820028335417227,40.0,60.0,40.0,435.0,0.33500000834465027,0.8999999761581421,53.099998474121094,190.0,145.72500610351562,283.82025146484375,1.5,1.0,0.008999999612569809,2.068965435028076,0.1122250035405159,2.985074520111084,6.075345993041992,145.72500610351562,2.485074520111084,1600.0,13.399999618530273,17400.0,189225.0,0.5024999976158142,10.875,0.886956512928009,0.9210526347160339,0.25,0.023931624367833138,0.15213675796985626,58.7,40
-0.1409421371489905,-0.025572243395199267,-0.2840576404422872,0.00377629139803408,0.2903460082364065,-0.04475975112416422,6.521401842699025,0.7788336203231756,0.20026076049751346,0.22589701044333518,-0.08520669307529634,0.0,-0.021744063255094422,0.11633107100405642,0.10782414859352846,0.14923002423074938,-0.05896917546797271,0.2690383707403392,0.17751581344894882,0.3024708624310917,0.80586707619858,-0.026918270313768297,0.315131868816116,0.17183216285877867,0.451039349927662,-0.03887764787410188,-0.046657684309395084,-0.07609187997605323,0.4552949253635406,0.3632665867702364,40.0,60.0,40.0,425.0,0.3400000035762787,0.8999999761581421,48.400001525878906,90.0,144.5,279.4206237792969,1.5,1.0,0.008999999612569809,2.117647171020508,0.11559999734163284,2.941176414489746,6.052089214324951,144.5,2.441176414489746,1600.0,13.600000381469727,17000.0,180625.0,0.5099999904632568,10.625,0.8793103694915771,0.8333333134651184,0.25,0.16923077404499054,0.25641027092933655,54.2,40
-0.09855243260988251,-0.01682211095318695,-0.28985478757920025,0.06964263592514966,-0.016490882911754594,-0.010170549556887752,5.397819578509827,0.37102771099745574,-0.2194784889825566,0.07212795536290022,-0.08574409824756193,0.0,0.002068549338093448,0.16045486375276533,0.09733514925782451,0.11133176157534008,0.031692756505968665,-0.23754172580680064,0.11581622559690093,0.4157384603204956,0.6575235342327413,-0.023400136637511126,0.3491799417413263,0.07896841563667975,0.402090158842481,0.07995310585827507,-0.10337675308394084,-0.17197544769884454,0.5736628227519835,0.7044231624959627,40.0,60.0,40.0,425.0,0.36000001430511475,0.8999999761581421,47.400001525878906,90.0,153.0,287.9206237792969,1.5,1.0,0.008999999612569809,2.117647171020508,0.12960000336170197,2.777777671813965,6.052089214324951,153.0,2.277777671813965,1600.0,14.399999618530273,17000.0,180625.0,0.5400000214576721,10.625,0.8500000238418579,0.7222222089767456,0.4166666567325592,0.2222222238779068,0.25641027092933655,57.5,40
-0.13895391616206548,-0.024735773469806543,-0.22307354057142903,0.009152850607902252,0.2058135367295685,-0.03255913025028484,6.6345302652785625,0.8757820714878202,0.2812579430472902,-0.3702650985917143,-0.09105779321171824,0.0,-0.02327457270714146,0.12711152254710142,0.13498601940421653,0.11527439398804322,-0.07097679517972486,0.3019023774181886,0.06067829369116728,0.30999049221358815,0.5766800591390422,-0.031529255620011576,0.29989405544204806,0.05435921133616331,0.30280561178593346,0.36093550157290777,0.05211618174538244,0.007706155646820922,0.018660452862785566,0.1498747205714764,40.0,60.0,40.0,425.0,0.33000001311302185,0.8999999761581421,49.20000076293945,90.0,140.25,275.1706237792969,1.5,1.0,0.008999999612569809,2.117647171020508,0.10890000313520432,3.0303030014038086,6.052089214324951,140.25,2.5303030014038086,1600.0,13.199999809265137,17000.0,180625.0,0.4950000047683716,10.625,0.8947368264198303,0.7777777910232544,0.3333333432674408,0.023931624367833138,0.25641027092933655,57.5,40
-0.07935937602128174,-0.0009076409326280921,-0.08971582687544642,0.14427306868473697,0.19805974531077872,0.028674425918364294,-6.118007843221603,-0.42276461919610897,-0.020201860502610355,0.24850801631957115,0.08560376059020496,0.0,0.01807203156988751,0.11321891453516511,0.18362596012112703,0.14011058679869828,0.09589722088466794,0.016517067673565155,0.2414717930260117,0.41030614663742765,0.9339704399117569,0.0017389048047440404,0.511625464768277,0.08938797953092072,0.7037848573098522,0.04960356809874161,0.5596082794178792,-0.11173031874420791,0.27685986591402184,0.27520416820649113,40.0,60.0,40.0,435.0,0.36000001430511475,0.8999999761581421,33.099998474121094,170.0,156.60000610351562,294.69525146484375,1.5,1.0,0.008999999612569809,2.068965435028076,0.12960000336170197,2.777777671813965,6.075345993041992,156.60000610351562,2.277777671813965,1600.0,14.399999618530273,17400.0,189225.0,0.5400000214576721,10.875,0.8500000238418579,0.8235294222831726,0.5,0.015384615398943424,0.05982905998826027,42.3,40
-0.08827326676931241,-6.182502122576401e-05,-0.3098096814456104,0.11211895127181745,0.30560972837067896,0.27324547175494485,9.79715944977816,0.03492036088587379,0.17348438627060267,0.036861847837781125,-0.052624697404827905,0.0,0.3730064767429305,0.26129247418916646,0.13067083709202104,0.06616065249395424,-0.17891881102231885,0.1590286337534529,0.1990275089098632,0.3152142568754871,0.2922681535272628,0.028800306294625974,0.20170257001777522,0.12577224858182903,0.4456388237720199,0.3539684562696607,-0.23050724437812922,-0.26461915591752017,0.6113768063039074,-0.39343559371552145,40.0,60.0,40.0,450.0,0.3199999928474426,0.699999988079071,56.060001373291016,190.0,144.0,286.8571472167969,1.5,1.0,0.007000000216066837,1.5555555820465088,0.10239999741315842,3.125,6.10924768447876,144.0,2.625,1600.0,12.800000190734863,18000.0,202500.0,0.47999998927116394,11.25,0.9107142686843872,0.7894737124443054,0.6666666865348816,0.2222222238779068,0.2461538463830948,61.76,40
-0.0699541682695505,0.0016117486337197168,-0.24831210438154458,0.10158932339007554,0.3230229348971715,0.1452914855626709,10.541989720406365,0.26789689614346657,0.04432248682888482,0.05582758853010364,-0.02449471594287836,0.0,0.139436276141624,0.2925675799210493,0.1374948127266735,0.11913771112399867,-0.13412966300133494,-0.069080824594767,0.15326849097972442,0.3575571222921925,0.6957563494893456,0.011793318264173378,0.2406946587469876,0.04970234484422706,0.3949864063449489,0.3679814176818582,0.03839711571483615,-0.03338188809925868,-0.7288578822119987,-0.35213827137818954,40.0,60.0,40.0,450.0,0.33000001311302185,0.699999988079071,57.689998626708984,175.0,148.5,291.3571472167969,1.5,1.0,0.007000000216066837,1.5555555820465088,0.10890000313520432,3.0303030014038086,6.10924768447876,148.5,2.5303030014038086,1600.0,13.199999809265137,18000.0,202500.0,0.4950000047683716,11.25,0.8947368264198303,0.8857142925262451,0.3333333432674408,0.2735042870044708,0.2461538463830948,65.25,40
-0.12917001737337847,-0.021508960629948636,-0.1431105056370482,-0.028432606863005225,0.2726203189865284,0.0795334598987974,2.6492533358313595,0.1881221398645957,0.47519352604988596,-0.1760533006967853,-0.006949675538970732,0.0,0.3663803101926321,0.03777577406245512,0.1315804954430975,0.12127473234700431,-0.03372798232318536,0.3760595078508372,0.3855397550136097,0.28688489864551076,-0.016248108862157738,-0.022420234603893224,0.272226523404126,0.07813563803457658,0.2208965422312697,0.3461361090356377,1.06832917895677,0.6717247158415829,-0.36870584282331437,-0.272969625024318,40.0,60.0,40.0,440.0,0.30000001192092896,1.0,44.0,120.0,132.0,271.6825256347656,1.5,1.0,0.009999999776482582,2.2727272510528564,0.09000000357627869,3.3333332538604736,6.086774826049805,132.0,2.8333332538604736,1600.0,12.0,17600.0,193600.0,0.44999998807907104,11.0,0.9444444179534912,1.375,-0.75,0.1111111119389534,0.2461538463830948,48.2,40
-0.12917001737337847,-0.022338650649935454,-0.23757953361522882,-0.028432606863005225,0.24085429546008136,0.13740075477384586,1.4347533830640156,0.11070214649858734,0.4379984151278151,-0.08108309036412968,-0.028151912655881715,0.0,0.40241615411078435,0.013830956808118463,0.14045856738318654,0.11529826714708556,-0.04967885744090651,0.4245519147272747,0.387548911694117,0.28594256803330775,-0.07360453673711304,-0.014587201921207186,0.23726187432447954,0.09574794169164325,0.3738010182554629,0.4195307478273613,0.4133153363444428,0.3449549479638229,-0.4539824099824864,-0.28418220925334625,40.0,60.0,40.0,440.0,0.30000001192092896,1.031599998474121,44.900001525878906,130.0,132.0,271.6825256347656,1.5,1.0,0.010316000320017338,2.344545364379883,0.09000000357627869,3.3333332538604736,6.086774826049805,132.0,2.8333332538604736,1600.0,12.0,17600.0,193600.0,0.44999998807907104,11.0,0.9444444179534912,1.2307692766189575,-0.5,0.1111111119389534,0.2461538463830948,53.4,40
-0.10161118608815856,-0.06428999947057437,-0.27740255362515814,0.0409303909353208,0.34564146518527156,0.0649350406271663,9.24531766153208,0.49864207064999844,0.22440210805770114,0.39653225788371993,-0.04416795622261763,0.0,0.1579769507484797,0.15366085642991423,0.11914290468239377,0.0772140604697894,-0.10484460322350563,0.45549017808192027,0.11517637827622867,0.29848055419312464,0.19272620312590902,-0.018217288513884218,0.2104828807429344,0.05417408607056348,0.2784754275169722,0.5986447169820216,-0.034812978630504886,-0.06950413670634088,-0.4680660862520191,-0.48808174134992477,40.0,60.0,40.0,445.0,0.3100000023841858,1.0,53.400001525878906,160.0,137.9499969482422,279.2198486328125,1.5,1.0,0.009999999776482582,2.2471909523010254,0.09610000252723694,3.225806474685669,6.098074436187744,137.9499969482422,2.725806474685669,1600.0,12.399999618530273,17800.0,198025.0,0.4650000035762787,11.125,0.9272727370262146,0.875,0.3333333432674408,0.1111111119389534,0.2461538463830948,59.8,40
-0.12354681278270749,-0.02549227073952241,-0.2777546829449392,-0.01501569831752423,0.29781486634384763,0.1275914028731818,4.622102739787222,0.18658740436525384,0.37031387557932555,0.2563099840418419,-0.10328971943072397,0.0,0.23422419008116327,0.14444451492351557,0.09087749637455379,0.17654044832018795,-0.0478664028409363,0.3708027110988966,0.19557151666523465,0.29643636064947043,0.009420310635240056,-0.039972450541963855,0.21893649921327615,0.11867942865521858,0.21937820724793206,0.3425657111897507,-0.31878789633621035,-0.13974447006564766,-0.517637497175001,-0.42040980394837557,40.0,60.0,40.0,445.0,0.3100000023841858,1.0,47.79999923706055,170.0,137.9499969482422,279.2198486328125,1.5,1.0,0.009999999776482582,2.2471909523010254,0.09610000252723694,3.225806474685669,6.098074436187744,137.9499969482422,2.725806474685669,1600.0,12.399999618530273,17800.0,198025.0,0.4650000035762787,11.125,0.9272727370262146,0.9411764740943909,0.1666666716337204,0.1111111119389534,0.2461538463830948,56.8,40
-0.11847944302109564,-0.027502956467002425,-0.2761201914274169,0.0018670333153261122,0.28580040803461665,0.20854065920461695,5.306405081933983,0.390543998266295,0.37125178229402683,0.2739540294964874,-0.08155715535655561,0.0,0.3591669927176492,0.13266541826821787,0.12576440232882996,0.12023320167903255,-0.05935121041219449,0.44461559539268697,0.21895910775946156,0.3379884605288092,0.10968431046568039,-0.006031914651202893,0.19172134346346809,0.24878264543394743,0.5065302272858743,0.3261622191023833,0.75687056685751,0.8658973379833164,-0.6148685485885327,-0.3401501601429572,40.0,60.0,40.0,445.0,0.3100000023841858,1.0,48.20000076293945,150.0,137.9499969482422,279.2198486328125,1.5,1.0,0.009999999776482582,2.2471909523010254,0.09610000252723694,3.225806474685669,6.098074436187744,137.9499969482422,2.725806474685669,1600.0,12.399999618530273,17800.0,198025.0,0.4650000035762787,11.125,0.9272727370262146,1.0666667222976685,-0.1666666716337204,0.2735042870044708,0.2461538463830948,58.6,40
0.6477414674638763,0.2098080070583351,0.03268436957349601,0.37177954517619066,0.2346770076395719,-0.04542594323556915,8.834045448952445,0.3537970019665241,-0.012071664695155205,0.7304694086073807,0.1352771457057234,0.0,-0.03191292360345959,-0.11068767708528139,0.09480078423407073,0.04548675858998358,0.46481475159629126,0.09248726808915533,0.2949741036059034,0.8795705134240566,0.816214842762789,0.5244000740389343,0.9175948816434354,-0.029070739464354005,-0.20199846442234398,0.6850224521309003,0.18774568320344176,0.33391462124788507,-0.09240833076648129,-0.21720541902661486,45.0,62.0,38.0,460.0,0.3199999928474426,0.699999988079071,54.79999923706055,170.0,147.1999969482422,293.23175048828125,1.6315789222717285,1.0,0.007000000216066837,1.52173912525177,0.10239999741315842,3.125,6.131226539611816,147.1999969482422,2.625,2025.0,14.399999618530273,20700.0,211600.0,0.5221052765846252,10.222222328186035,0.9107142686843872,1.1176470518112183,-0.3333333432674408,0.17487266659736633,0.12393888086080551,62.3,45
0.5903066139006201,0.20479006424350665,0.03151192290353061,0.3144826423394022,0.3208039554983526,-0.07961648747572904,6.009944624703367,0.27383702229489854,0.006446368781842389,0.5523678141431567,0.16102284866378047,0.0,0.04676550646558347,-0.28475326212158564,0.261537163965132,0.08035036692335318,0.4986156580865171,-0.06002626270426769,0.29156497290552774,0.8964048690085321,0.40855819688132494,0.5678149438551738,0.9604397358277375,0.25495034965359464,-0.07441333077694277,0.5558759638656788,-0.042056178255885,0.010818686063358894,0.049123472833362984,-0.26881174075805314,45.0,62.0,38.0,460.0,0.33500000834465027,0.699999988079071,50.5,175.0,154.10000610351562,300.1317443847656,1.6315789222717285,1.0,0.007000000216066837,1.52173912525177,0.1122250035405159,2.985074520111084,6.131226539611816,154.10000610351562,2.485074520111084,2025.0,15.074999809265137,20700.0,211600.0,0.5465789437294006,10.222222328186035,0.886956512928009,1.0285714864730835,-0.0833333358168602,0.17487266659736633,0.12393888086080551,57.2,45
0.6562892563885622,0.2094436160397239,-0.007997748755333722,0.3413269222961529,0.13250336321805067,-0.0684685952195348,9.266692745061205,0.4395172454302933,0.1951727053947652,-0.12633996477335238,0.09533329874677288,0.0,-0.07579554642968413,-0.2509563331422037,0.2118385277938977,0.0922815017837299,0.4671578844023976,0.18332137309649355,0.2901052744842079,0.8656650269359075,0.1543868066454165,0.49247000660915896,0.8357182725992466,0.09555464988650268,-0.3082648652235397,0.6421816940923507,0.19552058146830464,0.07145825135487302,-0.06088073743754558,-0.34492489877176685,45.0,62.0,38.0,460.0,0.3050000071525574,0.699999988079071,55.599998474121094,160.0,140.3000030517578,286.3317565917969,1.6315789222717285,1.0,0.007000000216066837,1.52173912525177,0.09302499890327454,3.278688430786133,6.131226539611816,140.3000030517578,2.778688430786133,2025.0,13.725000381469727,20700.0,211600.0,0.49763157963752747,10.222222328186035,0.9357798099517822,1.0625,-0.1666666716337204,0.17487266659736633,0.12393888086080551,64.5,45
0.6316310666887232,0.21250465519534015,0.15334039686861833,0.3684041611679047,0.33259663959403624,-0.03252742908821133,10.837970410706738,0.5261650639350981,-0.00613546757573398,0.489814887379429,0.23136066613631598,0.0,-0.07895140178901655,0.20882289703438103,0.2253214499704271,0.02844401068535948,0.5867902572720259,0.007966384908227084,0.29299716679292637,0.9515145082816282,1.0601452307783634,0.824320429622399,1.0168231465227944,0.17040542782851292,-0.2107629554514411,0.6737490792330489,0.23881259759192186,-0.3638102461257785,0.8090960101244923,-0.557808047293007,45.0,62.0,38.0,460.0,0.33000001311302185,0.8999999761581421,62.82400131225586,160.0,151.8000030517578,297.8317565917969,1.6315789222717285,1.0,0.008999999612569809,1.95652174949646,0.10890000313520432,3.0303030014038086,6.131226539611816,151.8000030517578,2.5303030014038086,2025.0,14.850000381469727,20700.0,211600.0,0.5384210348129272,10.222222328186035,0.8947368264198303,1.09375,-0.25,0.1477079838514328,0.059422750025987625,67.7,45
0.6131012276739621,0.20130064465986386,0.15423973365360177,0.3656695449656989,0.34913623160266166,-0.019868541698208054,11.76587529060466,0.42084306465685,-0.009545016079377024,0.4393603233022165,0.25759859403100843,0.0,-0.0538016083846725,0.1860667965310969,0.22540477600295306,0.053615858017191674,0.5893651154676296,0.04762420564376277,0.3176222151312271,0.9405322598571164,0.3585037721557414,0.7666809541222258,1.0351933725702438,0.15738274548763534,-0.3030934946380066,0.6883060608632012,0.054503180878705426,-0.03565099740995418,0.785831229370865,0.15075458244428205,45.0,62.0,38.0,460.0,0.33000001311302185,0.8999999761581421,62.82400131225586,170.0,151.8000030517578,297.8317565917969,1.6315789222717285,1.0,0.008999999612569809,1.95652174949646,0.10890000313520432,3.0303030014038086,6.131226539611816,151.8000030517578,2.5303030014038086,2025.0,14.850000381469727,20700.0,211600.0,0.5384210348129272,10.222222328186035,0.8947368264198303,0.9411764740943909,0.1666666716337204,0.1477079838514328,0.059422750025987625,69.6,45
0.48675697217865527,0.13133530131662252,0.11308830638610151,0.3930180608047152,0.17305247426860892,0.017760335356741673,0.22271341246738227,0.6611002636698385,-0.014802138747362652,0.0002785513823093911,0.25624582077257796,0.0,0.20060016945729292,0.3926664110934113,0.04122344149349889,0.04930413578617456,0.4420734941497288,-0.07141634858954006,0.4519910135612242,0.8056532622070918,0.9364825329066867,0.7239652752481514,0.8188476209853122,-0.20627625354446896,0.018808998622437394,0.5084567384962461,0.6048935774818266,0.5903954485737323,0.10183350620770272,-0.15406907693702082,45.0,62.0,38.0,460.0,0.3100000023841858,0.800000011920929,40.400001525878906,160.0,142.60000610351562,288.6317443847656,1.6315789222717285,1.0,0.00800000037997961,1.7391303777694702,0.09610000252723694,3.225806474685669,6.131226539611816,142.60000610351562,2.725806474685669,2025.0,13.949999809265137,20700.0,211600.0,0.5057894587516785,10.222222328186035,0.9272727370262146,1.0625,-0.1666666716337204,0.17487266659736633,0.059422750025987625,56.24,45
0.64355852979119,0.21438033558425673,0.13936777903825023,0.36108641378394407,0.2743377802470877,-0.04004339316079754,9.32106370628726,0.545990311219733,0.05813934464690873,0.29005515360667455,0.19140180019745473,0.0,0.2145497546855165,0.2847096639584458,0.07397323666780278,0.08648511759502225,0.4625007841272676,0.18898530015869897,0.3023786333847847,0.8810768467507485,0.18860189912142653,0.6472840311331709,0.9097847913762527,0.15979444096079978,-0.4109111802176357,0.7067634313610703,0.08832325055016849,0.2843787435204201,0.2811341493322565,0.4098090855575807,45.0,62.0,38.0,460.0,0.3199999928474426,0.800000011920929,53.900001525878906,160.0,147.1999969482422,293.23175048828125,1.6315789222717285,1.0,0.00800000037997961,1.7391303777694702,0.10239999741315842,3.125,6.131226539611816,147.1999969482422,2.625,2025.0,14.399999618530273,20700.0,211600.0,0.5221052765846252,10.222222328186035,0.9107142686843872,1.0,0.0,0.17487266659736633,0.059422750025987625,60.2,45
0.6303806698243062,0.19700348537818274,0.0864643225276975,0.3453678686261846,0.31967104994362866,-0.011048637413678255,11.871157859971046,0.3132991034687375,0.039199865863701305,0.504195905632865,0.2510762668349472,0.0,-0.01818890803368565,0.2049557306365464,0.2885011920748456,0.10715102508239936,0.583396925560823,0.16683290288523706,0.2955527873227513,0.9223983317723838,0.23894858037965613,0.5984207592228354,1.0140215969035522,0.14378863086069857,-0.3954955581682775,0.36941713501259466,0.18963479893574578,0.08426565454252784,0.8766898237859232,0.5312124864586296,45.0,62.0,38.0,460.0,0.3400000035762787,0.8999999761581421,61.29999923706055,175.0,156.39999389648438,302.4317321777344,1.6315789222717285,1.0,0.008999999612569809,1.95652174949646,0.11559999734163284,2.941176414489746,6.131226539611816,156.39999389648438,2.441176414489746,2025.0,15.300000190734863,20700.0,211600.0,0.554736852645874,10.222222328186035,0.8793103694915771,0.9714285731315613,0.0833333358168602,0.1477079838514328,0.3191850483417511,69.6,45
0.6594554516568115,0.181225634477492,0.09023572019472915,0.3024435657881195,0.25105686467140337,0.15454958736404323,10.863386924513335,-0.8588850888541721,-0.008607305990205202,0.5689600424854656,0.30603877351950737,0.0,0.20001001914112856,0.34168480606411583,0.23352393035205163,0.08211246446715775,0.5989572832312363,0.12960177016797883,0.26343652804267825,0.8073822685993923,0.37516539046299624,0.6778294156703562,0.8612109952486191,0.12033090928810025,-0.127357868164417,0.7053160708951841,-0.29396318581048453,-0.20491714074661133,0.7025040608370181,0.7989276423401729,45.0,62.0,38.0,460.0,0.3199999928474426,0.800000011920929,58.400001525878906,210.0,147.1999969482422,293.23175048828125,1.6315789222717285,1.0,0.00800000037997961,1.7391303777694702,0.10239999741315842,3.125,6.131226539611816,147.1999969482422,2.625,2025.0,14.399999618530273,20700.0,211600.0,0.5221052765846252,10.222222328186035,0.9107142686843872,0.8095238208770752,0.6666666865348816,0.1477079838514328,0.3191850483417511,69.5,45
0.6628951583887616,0.15664550835889154,0.32751676360958637,0.3757826620193062,0.42588716258216364,0.1583279741935139,2.8245198488581797,0.9980269132982893,0.06495404289599124,1.1669971209591625,0.3546132505715776,0.0,0.24933713282101866,0.6741880362033201,0.25511008097129323,0.08376707461069241,0.4484332474938154,0.22129287465611627,0.49063416896206097,1.0139081543864306,1.2040858896973936,0.7494979877385168,1.0621485727626907,0.36228773019479577,0.5681348584194132,0.6168426372262623,0.693049039683943,1.056057974269839,-0.06138817232264427,0.047947375474929846,45.0,62.0,38.0,460.0,0.33000001311302185,0.800000011920929,45.099998474121094,150.0,151.8000030517578,297.8317565917969,1.6315789222717285,1.0,0.00800000037997961,1.7391303777694702,0.10890000313520432,3.0303030014038086,6.131226539611816,151.8000030517578,2.5303030014038086,2025.0,14.850000381469727,20700.0,211600.0,0.5384210348129272,10.222222328186035,0.8947368264198303,1.2666666507720947,-0.6666666865348816,0.3531409204006195,0.12393888086080551,55.9,45
0.5838173293557373,0.21266962081881818,0.14676997717405746,0.3236524756473895,0.37075274856542056,0.04402657731057218,4.654095581941657,0.23384236724686336,0.32186094874927856,-0.006736498000476682,0.3404410164528122,0.0,0.3284866429596363,0.1736097627220051,0.29199287291582204,0.10884575853081704,0.45015429706109644,0.3531085482639413,0.41740033688736305,0.9107982740649078,0.32630004469794727,0.7010267245880573,1.007681719009585,-0.018081897365006417,-0.17492512202048094,0.6393102959270224,0.27276598475391006,0.2892311558647148,0.19736537340600682,0.6338062647392293,45.0,62.0,38.0,460.0,0.30000001192092896,0.800000011920929,46.5,180.0,138.0,284.03173828125,1.6315789222717285,1.0,0.00800000037997961,1.7391303777694702,0.09000000357627869,3.3333332538604736,6.131226539611816,138.0,2.8333332538604736,2025.0,13.5,20700.0,211600.0,0.4894736707210541,10.222222328186035,0.9444444179534912,1.0,0.0,0.3531409204006195,0.3191850483417511,61.4,45
0.6309455861722293,0.14510579234634127,0.14698209258658015,0.3742543496552673,0.2824141018542353,0.00692719005813692,10.601029187451086,0.580139160905671,-0.0032093314230149145,0.2932124240607786,0.2510209373764598,0.0,-0.07338960224894818,0.21571187250515844,0.25995898136596146,0.09624027362826276,0.5796066936822287,0.03870550214624459,0.25755371796904847,0.959678557103257,0.8426029848822754,0.7509468412266316,0.9763881755742102,0.01485170612916987,-0.137592067722339,0.32266564990084606,0.5709779597273635,0.27088939277570434,0.7615099613736563,-0.04472674761049355,45.0,62.0,38.0,460.0,0.3499999940395355,0.8999999761581421,62.79999923706055,140.0,161.0,307.03173828125,1.6315789222717285,1.0,0.008999999612569809,1.95652174949646,0.12250000238418579,2.857142925262451,6.131226539611816,161.0,2.357142925262451,2025.0,15.75,20700.0,211600.0,0.571052610874176,10.222222328186035,0.8644067645072937,1.2142857313156128,-0.5,0.1477079838514328,0.12393888086080551,69.0,45
0.6278991624763098,0.14767906589807114,0.14962246978760327,0.3611911547417492,0.2911854567011797,-0.00032289763249459516,11.514837159691488,0.14740230345454808,-0.004828238649807063,-0.09282176291112613,0.2486095700535089,0.0,-0.06848014304678833,0.21292881010428208,0.2628393973959023,0.13978366526310929,0.5767893225469991,0.051310486169245106,0.25050738328823685,0.9403868135092537,0.14473274881492243,0.7271952203927802,0.9734868704792111,-0.09480148737511236,-0.14441905727053467,0.3396095794600784,0.0926905436538918,0.02834452773067741,0.681726868454142,-0.18675968757474437,45.0,62.0,38.0,460.0,0.3499999940395355,0.8999999761581421,62.82400131225586,170.0,161.0,307.03173828125,1.6315789222717285,1.0,0.008999999612569809,1.95652174949646,0.12250000238418579,2.857142925262451,6.131226539611816,161.0,2.357142925262451,2025.0,15.75,20700.0,211600.0,0.571052610874176,10.222222328186035,0.8644067645072937,1.0,0.0,0.1477079838514328,0.12393888086080551,69.3,45
0.5997726984885735,0.2575362939799658,0.11457837698408269,0.35725061284509346,0.2430970713528331,0.1479026064630187,6.8110479563332795,0.500169349785507,0.07041682652426108,0.8107054780723291,0.29497840335859704,0.0,0.3109623220313963,0.38993371844350283,0.14904147913985794,0.08135330338533447,0.506462088668304,0.26251200247908296,0.3570254914372447,0.9847672144671706,0.9596019148092004,0.7248734467595497,1.1081062238638157,0.13830001884522675,-0.13858466469083974,0.636621245106934,0.6246213891772632,0.8515301259632089,-0.17763252844607472,0.8195698566797941,45.0,62.0,38.0,460.0,0.3199999928474426,0.800000011920929,49.79999923706055,160.0,147.1999969482422,293.23175048828125,1.6315789222717285,1.0,0.00800000037997961,1.7391303777694702,0.10239999741315842,3.125,6.131226539611816,147.1999969482422,2.625,2025.0,14.399999618530273,20700.0,211600.0,0.5221052765846252,10.222222328186035,0.9107142686843872,1.125,-0.3333333432674408,0.3531409204006195,0.3191850483417511,59.3,45
0.5266163672407849,0.19509312776213003,0.25840766738614457,0.427604506086242,0.23673868547244467,0.09832447570290782,-5.114276954396528,0.6380389150233912,-0.024668949387695566,0.5878746392698005,0.2850707715886127,0.0,0.17576779792346803,0.4002606282409273,0.2227522807891945,0.1599709461085449,0.4367052618743516,-0.2095592045683563,0.12205640046148707,0.6201359533983694,1.1234718722904442,0.5967544420523548,1.0262605022836568,0.2082444285546439,0.236683334490485,0.30511230803698636,1.0615232474102898,1.1859392579945902,0.025685718530578477,-0.02673978224493818,45.0,62.0,38.0,460.0,0.3400000035762787,0.800000011920929,35.79999923706055,150.0,156.39999389648438,302.4317321777344,1.6315789222717285,1.0,0.00800000037997961,1.7391303777694702,0.11559999734163284,2.941176414489746,6.131226539611816,156.39999389648438,2.441176414489746,2025.0,15.300000190734863,20700.0,211600.0,0.554736852645874,10.222222328186035,0.8793103694915771,1.2666666507720947,-0.6666666865348816,0.3531409204006195,0.12393888086080551,50.3,45
0.6844283638827886,0.21537066955871784,-0.010480869446064746,0.3173271513255381,0.071737839490651,-0.07724605437368179,11.623957477490478,0.4186813836210083,0.06145586767430805,0.003156521724151121,0.19865345012278046,0.0,-0.06724295136008032,0.21716641834966796,0.2264000453211247,0.061082493020963476,0.5133530570849844,0.13849335393333756,0.3114666986326631,0.897505872141087,0.26044220826043174,0.6976288054602737,0.9062318835713592,0.05537605398965238,-0.47987874810267983,0.6980637411180968,-0.33459098856632863,-0.058097920452057285,0.11869258303764577,0.4990719609596321,45.0,62.0,38.0,460.0,0.30000001192092896,0.8999999761581421,62.82400131225586,180.0,138.0,284.03173828125,1.6315789222717285,1.0,0.008999999612569809,1.95652174949646,0.09000000357627869,3.3333332538604736,6.131226539611816,138.0,2.8333332538604736,2025.0,13.5,20700.0,211600.0,0.4894736707210541,10.222222328186035,0.9444444179534912,0.7777777910232544,0.6666666865348816,0.17487266659736633,0.3191850483417511,68.8,45
0.6324624902557399,0.195814873125955,0.14077728176817525,0.37178834767939783,0.31033920778973045,-0.011932197984449687,10.341558785999275,0.26151407627608636,0.04420815835463622,0.3254985227841131,0.23032028062409832,0.0,0.13179311753461653,0.07000792941266984,0.29582187634385576,0.06294984822778121,0.5556367573317043,0.008391858109912933,0.29568960578305864,0.955336352284339,1.0366468418439183,0.7463127535450006,0.9648427874415803,0.07660088264088455,-0.16967044085708335,0.3802065544954996,0.49686277773330306,0.33918427031717735,-0.6583421983668376,-0.07245042126227123,45.0,62.0,38.0,460.0,0.3400000035762787,0.800000011920929,61.0,160.0,156.39999389648438,302.4317321777344,1.6315789222717285,1.0,0.00800000037997961,1.7391303777694702,0.11559999734163284,2.941176414489746,6.131226539611816,156.39999389648438,2.441176414489746,2025.0,15.300000190734863,20700.0,211600.0,0.554736852645874,10.222222328186035,0.8793103694915771,1.0625,-0.1666666716337204,0.09507639706134796,0.12393888086080551,66.2,45
0.6754899439188808,0.19233958488462197,0.016878508292126358,0.3374983311339981,0.3044703436080805,-0.055189610087570486,11.269624963332518,0.36904700076764124,-0.0037145181051309556,0.5915295954650487,0.21685648440244262,0.0,-0.031847632741361535,0.24178640089008865,0.23717109975203543,0.07602870824453631,0.5748768515438907,0.1009539859713347,0.28041966408985075,0.887971468049065,0.23214574593200724,0.7224941529586574,0.9645171778562022,0.10398004414986627,-0.5473785363912305,0.7214910881764368,-0.11345398158643759,-0.10471177615888437,0.2928874163493761,0.6301834701199762,45.0,62.0,38.0,460.0,0.3199999928474426,0.8999999761581421,61.79999923706055,175.0,147.1999969482422,293.23175048828125,1.6315789222717285,1.0,0.008999999612569809,1.95652174949646,0.10239999741315842,3.125,6.131226539611816,147.1999969482422,2.625,2025.0,14.399999618530273,20700.0,211600.0,0.5221052765846252,10.222222328186035,0.9107142686843872,0.9142857193946838,0.25,0.17487266659736633,0.3191850483417511,63.9,45
0.6159482910095434,0.19689602306697324,0.1509457911355532,0.34945235104716255,0.34006611794507036,-0.001533177629595092,10.986877286994888,0.4459305812319315,-0.00360604505762062,0.5275775384698616,0.25350507786506193,0.0,-0.06104720042289625,0.22708117179282597,0.21605329149379354,0.07286448207980156,0.5800435042701595,0.036148360537127,0.2530463088630876,0.8941216902684884,0.2838308701456919,0.7245067670327108,1.044372835084118,0.1725562657836438,-0.3641075517871564,0.6803978948008298,0.11238371283656115,-0.05157711774507669,0.4323942250649828,0.20465581172668745,45.0,62.0,38.0,460.0,0.33000001311302185,0.8999999761581421,60.099998474121094,180.0,151.8000030517578,297.8317565917969,1.6315789222717285,1.0,0.008999999612569809,1.95652174949646,0.10890000313520432,3.0303030014038086,6.131226539611816,151.8000030517578,2.5303030014038086,2025.0,14.850000381469727,20700.0,211600.0,0.5384210348129272,10.222222328186035,0.8947368264198303,0.9444444179534912,0.1666666716337204,0.17487266659736633,0.059422750025987625,68.9,45
0.6344781300243044,0.19913125662301226,0.07754564712354955,0.3499168551364261,0.3572643921918114,-0.05866427492668682,9.247360825473109,0.24532257000216728,0.019089360138793143,0.8951381640042095,0.20474678918277678,0.0,-0.06983685947358888,0.193462934969206,0.18928450256882082,0.017217434405027744,0.4720536144182127,0.09840377592102564,0.24858413583247763,0.9166153066282868,0.7909016943916162,0.6957439597012094,0.9841211775545929,0.17864949406080183,-0.4096145347092007,0.7675806738418917,0.45497912999449286,0.12461399539284213,0.16358783452887884,0.7989842053281941,45.0,62.0,38.0,460.0,0.33000001311302185,0.8999999761581421,55.5,170.0,151.8000030517578,297.8317565917969,1.6315789222717285,1.0,0.008999999612569809,1.95652174949646,0.10890000313520432,3.0303030014038086,6.131226539611816,151.8000030517578,2.5303030014038086,2025.0,14.850000381469727,20700.0,211600.0,0.5384210348129272,10.222222328186035,0.8947368264198303,1.1176470518112183,-0.3333333432674408,0.17487266659736633,0.3191850483417511,65.4,45
0.6367402555552699,0.2102892059456658,0.0055476219882801036,0.27443941886808726,0.323787889319315,-0.10883406087094728,9.279316253287117,0.3007701700744343,0.0026489625902969107,0.49993797452232547,0.15688748167561462,0.0,-0.011032493892275607,-0.3313514781753951,0.27226483062915163,0.08101051550752648,0.44211695075367585,-0.01615435465460128,0.25253324612663347,0.8784848152524235,0.14974820112890014,0.43981301775424075,0.9195093483135962,0.19481874368488827,-0.1942229811556587,0.34567594098594734,0.04804667163147597,0.1203257993303436,0.14889033798050433,0.6488511513541508,45.0,62.0,38.0,460.0,0.3400000035762787,0.699999988079071,53.5,180.0,156.39999389648438,302.4317321777344,1.6315789222717285,1.0,0.007000000216066837,1.52173912525177,0.11559999734163284,2.941176414489746,6.131226539611816,156.39999389648438,2.441176414489746,2025.0,15.300000190734863,20700.0,211600.0,0.554736852645874,10.222222328186035,0.8793103694915771,0.9722222089767456,0.0833333358168602,0.17487266659736633,0.3191850483417511,62.7,45
0.5871265944481605,0.19088796550014414,0.16467255639799763,0.29647071377133866,0.12971170175764118,-0.0260556367498999,1.9746609789007992,-0.19658717490369726,-0.017309828553097775,0.46277263146483427,0.1817593535254712,0.0,-0.04382871356878211,0.2490886279838825,0.0689743483549266,-0.014062920895245396,0.41521937778673534,0.16469028353824372,0.2053402278640623,0.8056242571178712,0.5610087282255193,0.6962477447797849,0.8412906825513413,0.07936625953884695,-0.7874047416580691,0.5046814130890961,-0.3853926370562636,-0.26380039979008235,-0.03365005895159578,-0.14208163554804076,45.0,62.0,38.0,460.0,0.3199999928474426,0.8999999761581421,42.400001525878906,190.0,147.1999969482422,293.23175048828125,1.6315789222717285,1.0,0.008999999612569809,1.95652174949646,0.10239999741315842,3.125,6.131226539611816,147.1999969482422,2.625,2025.0,14.399999618530273,20700.0,211600.0,0.5221052765846252,10.222222328186035,0.9107142686843872,0.9210526347160339,0.25,0.011884549632668495,0.12393888086080551,54.2,45
0.6501998648513664,0.17900201136712895,0.05901764422813875,0.3429291390111221,0.30233912335862345,-0.04948839722751226,10.337903855462622,0.293016410454425,0.011375511929406272,0.6335227758221951,0.27612534869560407,0.0,-0.01601912219278125,0.1759768802930116,0.19695631588446377,0.06856375977042273,0.49068614779569647,0.10275386720455161,0.20124377615120734,0.9520833123943198,0.42247712530816184,0.6338522819406224,0.9250698356436147,0.2259053516449082,-0.5614213065398188,0.7459637654125129,-0.16323907343737576,-0.055255672982061,0.8232609472763959,0.7202071487523649,45.0,62.0,38.0,460.0,0.33000001311302185,0.8999999761581421,55.5,185.0,151.8000030517578,297.8317565917969,1.6315789222717285,1.0,0.008999999612569809,1.95652174949646,0.10890000313520432,3.0303030014038086,6.131226539611816,151.8000030517578,2.5303030014038086,2025.0,14.850000381469727,20700.0,211600.0,0.5384210348129272,10.222222328186035,0.8947368264198303,0.8648648858070374,0.4166666567325592,0.1477079838514328,0.3191850483417511,67.2,45
0.6590275196925693,0.1647958792683463,0.21530307001724605,0.31014453130699154,0.2692671185584382,0.013146181892749586,2.533152943238244,0.24739051835129872,-0.04903294375515478,0.41737779391038166,0.20465093268868784,0.0,-0.0353126765609919,0.1719934266249059,0.26984233427508675,0.0689549012759056,0.4186084141535879,-0.013014618197190285,0.3250540243954935,0.932348324776997,0.4711418541919923,0.5707174119435773,0.7952184986064064,0.12399952662743603,-0.5932260839727945,0.2403588474725153,-0.2828550937097787,-0.0485251746423569,-0.18854952413444429,0.35937891049073417,45.0,62.0,38.0,460.0,0.3400000035762787,0.8999999761581421,43.5,175.0,156.39999389648438,302.4317321777344,1.6315789222717285,1.0,0.008999999612569809,1.95652174949646,0.11559999734163284,2.941176414489746,6.131226539611816,156.39999389648438,2.441176414489746,2025.0,15.300000190734863,20700.0,211600.0,0.554736852645874,10.222222328186035,0.8793103694915771,0.9714285731315613,0.0833333358168602,0.013582343235611916,0.3191850483417511,50.7,45
0.5940015195516928,0.15166540242462836,0.32669465144328336,0.3405406810895222,0.3114351886842815,0.009895730712887522,2.388598321321161,0.3797679895401448,0.014317976612675474,0.21051141292623504,0.2128426865968712,0.0,0.0938207459535802,0.05189069117541805,0.2582708584673434,0.04620135317700621,0.4144832590249713,-0.09649892687526287,0.18190860523491587,0.7366576729582285,0.544965042752185,0.6553376428718777,0.9123525548165106,0.21215875710732057,-0.6682553515455528,0.2571875012625017,-0.5879934875115933,-0.30861714122727224,-0.5094585721143083,-0.5460105923997585,45.0,62.0,38.0,460.0,0.3400000035762787,0.800000011920929,43.900001525878906,180.0,156.39999389648438,302.4317321777344,1.6315789222717285,1.0,0.00800000037997961,1.7391303777694702,0.11559999734163284,2.941176414489746,6.131226539611816,156.39999389648438,2.441176414489746,2025.0,15.300000190734863,20700.0,211600.0,0.554736852645874,10.222222328186035,0.8793103694915771,0.8888888955116272,0.3333333432674408,0.09507639706134796,0.0,48.6,45
0.5940015195516928,0.1281475802202524,0.1763511987926509,0.33994875575904376,0.30879807041645957,0.0046777251653441635,2.319984994092097,0.04726683792785648,-0.010614059415843084,0.38626183882148163,0.21818022351282867,0.0,0.17445373385762825,0.03909953277659074,0.19502507614128045,0.037031986428891765,0.4195303905190775,-0.1481018945528806,0.3018353313307004,0.9210785875153337,0.5500419474475725,0.6462467537149132,0.817329636644406,0.15632939151727474,-0.288799695050341,0.237373172156585,-0.5711958127997607,-0.11212934918323046,-0.4545428627995546,-0.34313816371958733,45.0,62.0,38.0,460.0,0.3400000035762787,0.800000011920929,44.599998474121094,190.0,156.39999389648438,302.4317321777344,1.6315789222717285,1.0,0.00800000037997961,1.7391303777694702,0.11559999734163284,2.941176414489746,6.131226539611816,156.39999389648438,2.441176414489746,2025.0,15.300000190734863,20700.0,211600.0,0.554736852645874,10.222222328186035,0.8793103694915771,0.8421052694320679,0.5,0.09507639706134796,0.22410866618156433,45.4,45
0.6447963154176379,0.1438886767638147,0.3038098229056341,0.32716910220752005,0.3367522989203449,0.0796193282241632,2.2769733691896983,0.24680532011130524,-0.048171253953544,0.5030701851734355,0.2689043482251391,0.0,0.18877524846916197,0.25514542001528984,0.3301173597359741,0.09684643061893786,0.43639717699805497,-0.16019325288747438,0.26038263386703026,0.9182908783651541,0.43507621649058503,0.640758758115959,0.9707895663730891,0.1303684902331191,0.26633008316191986,0.30520015666224065,-0.27865142158896056,-0.26426360420953865,-0.32334189907277844,-0.3236753289046213,45.0,62.0,38.0,460.0,0.3400000035762787,0.800000011920929,42.900001525878906,180.0,156.39999389648438,302.4317321777344,1.6315789222717285,1.0,0.00800000037997961,1.7391303777694702,0.11559999734163284,2.941176414489746,6.131226539611816,156.39999389648438,2.441176414489746,2025.0,15.300000190734863,20700.0,211600.0,0.554736852645874,10.222222328186035,0.8793103694915771,0.9444444179534912,0.1666666716337204,0.3531409204006195,0.22410866618156433,51.8,45
0.5686221900466348,0.19286717851322305,0.2380588677530565,0.31943309281226123,0.27629785009174385,0.019765104043794494,5.403593628525156,-1.0943697424377328,0.038578393249622346,0.21831690192295944,0.21453757889949446,0.0,0.10613582989551164,0.1357880828773509,0.18047756004604457,0.07608214984536514,0.4798847429250514,-0.06165620868147114,0.2313297693019437,0.8133939054036531,0.5244069523799567,0.6884178327631203,0.9433612442116107,0.1302008823921865,-0.19133587129008425,0.290661761254448,-0.17421859922883817,-0.33474972776424516,-0.28425383164184576,-0.09191847209297575,45.0,62.0,38.0,460.0,0.3400000035762787,0.800000011920929,48.400001525878906,220.0,156.39999389648438,302.4317321777344,1.6315789222717285,1.0,0.00800000037997961,1.7391303777694702,0.11559999734163284,2.941176414489746,6.131226539611816,156.39999389648438,2.441176414489746,2025.0,15.300000190734863,20700.0,211600.0,0.554736852645874,10.222222328186035,0.8793103694915771,0.7954545617103577,0.75,0.09507639706134796,0.037351444363594055,64.9,45
0.48218689447742324,0.0685642521735224,0.10058289521562885,0.3412917185490017,0.12942115163658913,0.05308874086679789,-4.120520441111044,-0.6189392301275523,0.04548666087648223,0.19127630734482348,0.12560152778377134,0.0,0.16395883604322203,-0.0324804907792295,-0.07829661390554284,-0.025803120904300172,0.44544417523723545,0.056128342025021476,0.03476195072785854,0.6840921962119393,0.6726018680946033,0.4084479553000157,0.6398453299094687,0.18126260727872576,-0.3418012981014966,0.572621552410744,-0.29325356209582926,-0.11287260861739273,-0.5808075074985221,-0.060352199889008216,45.0,62.0,38.0,460.0,0.3199999928474426,0.800000011920929,38.5,200.0,147.1999969482422,293.23175048828125,1.6315789222717285,1.0,0.00800000037997961,1.7391303777694702,0.10239999741315842,3.125,6.131226539611816,147.1999969482422,2.625,2025.0,14.399999618530273,20700.0,211600.0,0.5221052765846252,10.222222328186035,0.9107142686843872,0.8500000238418579,0.5,0.09507639706134796,0.22410866618156433,55.7,45
0.6573736312253777,0.2465337233569253,0.08952045909146335,0.21430288448368923,0.21666122042017796,-0.06730920872365673,7.999895684802903,-0.4952707820180099,0.011596573540789443,0.5828271524632922,0.2910235647527806,0.0,-0.011701950359291582,0.1713216822709475,0.0693624438012796,0.07875234186395366,0.4704894967939439,0.10994317216994628,0.17293171649319072,0.7925311841537844,0.33564668914383394,0.6436863883438418,0.8276229518297872,0.25926875328463733,-0.20775700284899046,0.6626301055440867,-0.5109239066475324,-0.16661520776700162,0.5617675765999488,-0.27731204530197534,45.0,62.0,38.0,460.0,0.3199999928474426,0.949999988079071,52.79999923706055,195.0,147.1999969482422,293.23175048828125,1.6315789222717285,1.0,0.009499999694526196,2.0652174949645996,0.10239999741315842,3.125,6.131226539611816,147.1999969482422,2.625,2025.0,14.399999618530273,20700.0,211600.0,0.5221052765846252,10.222222328186035,0.9107142686843872,0.7948718070983887,0.6666666865348816,0.1477079838514328,0.22410866618156433,57.0,45
0.5685544217073232,0.1907088948462307,0.09655096960198084,0.30067625843661205,0.13315550662700032,-0.027101053844581217,1.423270231145947,-0.7133003535092091,0.1052865129801996,0.5080964615799115,0.15835558910629208,0.0,-0.06552663958869583,0.2247887710375878,0.06778803298347957,-0.016416038855382446,0.4481984429863372,0.19720451096234565,0.08563144050464319,0.674595630680936,0.6855207564698217,0.7114526902769204,0.7511093685625185,0.23460164817910034,-0.7418107121072748,0.5767549009414955,0.014992976743355214,-0.3438878132862897,-0.34526513573099116,-0.16775323142737042,45.0,62.0,38.0,460.0,0.3199999928474426,0.8999999761581421,42.0,200.0,147.1999969482422,293.23175048828125,1.6315789222717285,1.0,0.008999999612569809,1.95652174949646,0.10239999741315842,3.125,6.131226539611816,147.1999969482422,2.625,2025.0,14.399999618530273,20700.0,211600.0,0.5221052765846252,10.222222328186035,0.9107142686843872,0.75,0.8333333134651184,0.11205433309078217,0.22410866618156433,50.3,45
0.4743824116280878,0.0680430746257348,0.10278334661235214,0.3091589085596737,0.07389620561538641,-0.04951145967446753,-2.7646392222866956,-0.49986583672624557,0.03673408576722725,0.2658722088900936,0.14635984431388818,0.0,-0.05416051717137005,0.2214531247452768,-0.04672422917864819,-0.025391325670054705,0.48735245291458323,0.08677674369636998,0.039377260153837516,0.6175532876717595,0.662047871985519,0.5643415600583003,0.6983544698262977,0.23577944988593466,-0.30780967716903734,0.6117612124595498,-0.3682322124762578,-0.30087557061082426,0.24311608273564547,-0.11281151065084691,45.0,62.0,38.0,460.0,0.3199999928474426,0.8999999761581421,39.599998474121094,195.0,147.1999969482422,293.23175048828125,1.6315789222717285,1.0,0.008999999612569809,1.95652174949646,0.10239999741315842,3.125,6.131226539611816,147.1999969482422,2.625,2025.0,14.399999618530273,20700.0,211600.0,0.5221052765846252,10.222222328186035,0.9107142686843872,0.8205128312110901,0.5833333134651184,0.1477079838514328,0.22410866618156433,54.2,45
0.5869267597837518,0.18068604097368066,0.11798233283873581,0.30162616798293945,0.151098972727792,-0.024424675865536878,2.2893153890257336,-0.06672774098196815,0.07905212907688232,0.4090112881578609,0.18035117912094076,0.0,-0.05576163745355008,0.24004768371287377,0.06592418222001664,0.030326752861540074,0.4164320645210609,0.15756705820648426,0.14846546836882982,0.8997893750096504,0.6560534815727584,0.6976541735293946,0.8378088421974424,0.14526752073053686,-0.4482189922144747,0.5836453816635448,-0.4031259899290449,-0.10455345542160836,-0.2787291038233501,-0.2621915713944735,45.0,62.0,38.0,460.0,0.3199999928474426,0.8999999761581421,44.20000076293945,190.0,147.1999969482422,293.23175048828125,1.6315789222717285,1.0,0.008999999612569809,1.95652174949646,0.10239999741315842,3.125,6.131226539611816,147.1999969482422,2.625,2025.0,14.399999618530273,20700.0,211600.0,0.5221052765846252,10.222222328186035,0.9107142686843872,0.8421052694320679,0.5,0.09507639706134796,0.22410866618156433,53.8,45
0.6213467652954627,0.24056023373354637,0.04780558566579887,0.30096127640156506,0.22151834842664792,-0.058726882721138615,5.859083936823401,0.43845163140513616,0.010769949077341598,0.6047959565430029,0.3251002883545326,0.0,-0.055988594287503114,0.22418940100309342,0.08498458049172901,0.09438672735667158,0.4838231739516106,0.13920150527064515,0.31063518359200926,0.877109556400175,0.4914663599919091,0.7322222725567608,1.081995839296133,0.10536203354393482,-0.33818624102361156,0.5850733229985118,-0.17930518688733535,-0.2852968480268691,0.13617147984108638,-0.455335862059403,45.0,62.0,38.0,460.0,0.3199999928474426,0.8999999761581421,49.599998474121094,180.0,147.1999969482422,293.23175048828125,1.6315789222717285,1.0,0.008999999612569809,1.95652174949646,0.10239999741315842,3.125,6.131226539611816,147.1999969482422,2.625,2025.0,14.399999618530273,20700.0,211600.0,0.5221052765846252,10.222222328186035,0.9107142686843872,0.9166666865348816,0.25,0.17487266659736633,0.22410866618156433,55.1,45
0.5869267597837518,0.17515388280511218,0.11744358990447586,0.29161854501112583,0.2495402129323067,-0.0354918331422718,2.110125352039995,0.23852090144004853,0.05555882106167755,0.5692217150974477,0.17398355819400482,0.0,-0.07916486320025029,0.23537658969495628,0.031277240200321424,0.02036007877021911,0.42636304980678014,0.17993611234335624,0.16163332493025476,0.8533391208191057,0.6110122197361455,0.6491437114835682,0.9158636486729232,0.14804483853360959,-0.15690100795331116,0.5665551082858725,-0.2786324625642993,-0.3104731850949961,0.21650743397845892,-0.26120178940265015,45.0,62.0,38.0,460.0,0.3199999928474426,0.8999999761581421,43.29999923706055,185.0,147.1999969482422,293.23175048828125,1.6315789222717285,1.0,0.008999999612569809,1.95652174949646,0.10239999741315842,3.125,6.131226539611816,147.1999969482422,2.625,2025.0,14.399999618530273,20700.0,211600.0,0.5221052765846252,10.222222328186035,0.9107142686843872,0.8918918967247009,0.3333333432674408,0.17487266659736633,0.22410866618156433,58.9,45
0.6522413125928381,0.2108161433805045,0.012356953952653828,0.36785647556456674,0.31598329926513385,0.09703185656413442,10.974942390402965,0.3843374413306763,-0.05495780499827019,0.08833089108919737,0.20701979313292057,0.0,0.2827055316403154,0.19737943274298123,0.22983029461691631,0.064622968556895,0.5200499991396426,0.0030741208994282333,0.29598029321086333,0.9341616198133291,0.17804004801343593,0.7551363580647291,0.939377961620862,-0.06133059725847532,-0.5223883005557789,0.7216773191291289,0.00901760742572515,0.08247932595108191,-0.5221613584966555,-0.4666257003324547,45.0,62.0,38.0,460.0,0.3100000023841858,1.0,58.900001525878906,160.0,142.60000610351562,288.6317443847656,1.6315789222717285,1.0,0.009999999776482582,2.17391300201416,0.09610000252723694,3.225806474685669,6.131226539611816,142.60000610351562,2.725806474685669,2025.0,13.949999809265137,20700.0,211600.0,0.5057894587516785,10.222222328186035,0.9272727370262146,1.0,0.0,0.09507639706134796,0.22410866618156433,62.6,45
0.6681382344584595,0.1794608007924637,0.12673229549317036,0.39952370601521925,0.19110126254831325,0.11917664032975538,9.98118013102499,-0.6811339974446008,0.1499477838980062,0.08931658651892979,0.3508097521463917,0.0,0.31732215366836475,0.17305527861669928,0.28500756125801774,0.10655101930396518,0.45447988181040966,0.14429254410139544,0.1671974890203243,0.7908634594847666,0.2628740274089909,0.6233325052196241,0.8621604321614693,-0.005650877105194574,-0.26262835804620166,0.6635896224162867,-0.1375572701725315,-0.02895530153801437,-0.4251798262296327,-0.2754689334410829,45.0,62.0,38.0,460.0,0.30000001192092896,1.0,55.400001525878906,200.0,138.0,284.03173828125,1.6315789222717285,1.0,0.009999999776482582,2.17391300201416,0.09000000357627869,3.3333332538604736,6.131226539611816,138.0,2.8333332538604736,2025.0,13.5,20700.0,211600.0,0.4894736707210541,10.222222328186035,0.9444444179534912,0.8500000238418579,0.5,0.3531409204006195,0.037351444363594055,60.1,45
0.6848842239301229,0.1840005731913102,0.09806593435837442,0.4263670308812284,0.25857850055255593,0.10148795958597907,10.45108701990867,-0.21943551721459184,-0.0018720985206290976,0.09807712629276702,0.30376416600579836,0.0,0.32740444370943134,0.15266369616689873,0.22897517085616756,0.12597577707021826,0.4654466593354905,0.07557792711511656,0.20471810049855502,0.9229885617449859,-0.04863465614080588,0.6646211399524979,0.9387581573621675,-0.01797191996765117,-0.2972756738285381,0.7944663797769984,-0.3363567636487245,-0.19776604704157635,-0.540436879251423,-0.29492819598535736,45.0,62.0,38.0,460.0,0.3100000023841858,1.0,57.5,190.0,142.60000610351562,288.6317443847656,1.6315789222717285,1.0,0.009999999776482582,2.17391300201416,0.09610000252723694,3.225806474685669,6.131226539611816,142.60000610351562,2.725806474685669,2025.0,13.949999809265137,20700.0,211600.0,0.5057894587516785,10.222222328186035,0.9272727370262146,0.8421052694320679,0.5,0.3531409204006195,0.22410866618156433,60.7,45
0.6681382344584595,0.20166963832301837,0.11403725145210515,0.4110045573867893,0.17068118250910047,0.1518599522890031,10.840191321118681,-0.6779389739929801,0.041123278820764025,0.1436782131666873,0.3001935748211155,0.0,0.34834030249472764,0.18658889073994972,0.17568147002962395,0.0666551408393083,0.4589707899648062,0.037333411730984256,0.2657166544994739,0.8020655882458064,0.2480719676379576,0.6907315410450298,0.8220160061531523,-0.10253992108365972,-0.6233314335424501,0.6243345980060908,-0.2957907181858779,0.011918307805247932,0.748735715306155,0.0760792998266959,45.0,62.0,38.0,460.0,0.30000001192092896,1.0,56.900001525878906,195.0,138.0,284.03173828125,1.6315789222717285,1.0,0.009999999776482582,2.17391300201416,0.09000000357627869,3.3333332538604736,6.131226539611816,138.0,2.8333332538604736,2025.0,13.5,20700.0,211600.0,0.4894736707210541,10.222222328186035,0.9444444179534912,0.8974359035491943,0.3333333432674408,0.1477079838514328,0.037351444363594055,62.0,45
0.6848842239301229,0.18517874084197744,0.04910878838849911,0.43537017828311664,0.29276650874306126,0.09205511714807316,11.25037357771571,-0.1819892749906321,-0.06068763890757485,0.12071217535034078,0.29064162655806336,0.0,0.3515118455221079,0.1616848735403595,0.19795042282704006,0.07679834596420163,0.5319864575380767,-0.014625256397735589,0.2914805165361976,0.9341616198133291,0.08384692165591363,0.7039321833060945,0.8600323767938011,-0.10203397012456217,-0.5625544495176067,0.715642800213477,-0.0737078634190161,-0.1257778645297034,0.6366548247837845,-0.281189925668789,45.0,62.0,38.0,460.0,0.3100000023841858,1.0,58.20000076293945,190.0,142.60000610351562,288.6317443847656,1.6315789222717285,1.0,0.009999999776482582,2.17391300201416,0.09610000252723694,3.225806474685669,6.131226539611816,142.60000610351562,2.725806474685669,2025.0,13.949999809265137,20700.0,211600.0,0.5057894587516785,10.222222328186035,0.9272727370262146,0.8947368264198303,0.3333333432674408,0.1477079838514328,0.22410866618156433,61.8,45
0.635928287886473,0.20820015487422777,0.08596438527079472,0.3738944732872561,0.2792465258948282,0.143827935086012,10.640166919407065,0.461374942367386,0.020843922117498952,0.18080220321026177,0.21852634134270396,0.0,0.29891326793734785,0.18258723901731005,0.13751543942763136,0.06178416325205529,0.4615556719213127,0.11686195829801138,0.18667493857445813,0.9341616198133291,0.16696615869150927,0.716612640142874,0.8548147705763365,-0.1115397789788543,-0.5333530061940647,0.6683447611941433,-0.18100469415025822,-0.05701665018612064,-0.26456239838324036,0.5713883807156085,45.0,62.0,38.0,460.0,0.3100000023841858,1.0,55.70000076293945,170.0,142.60000610351562,288.6317443847656,1.6315789222717285,1.0,0.009999999776482582,2.17391300201416,0.09610000252723694,3.225806474685669,6.131226539611816,142.60000610351562,2.725806474685669,2025.0,13.949999809265137,20700.0,211600.0,0.5057894587516785,10.222222328186035,0.9272727370262146,0.9411764740943909,0.1666666716337204,0.09507639706134796,0.037351444363594055,62.4,45
0.6388815783191105,0.25949689638604606,0.09342880677370989,0.3471433650673256,0.2833774676751573,0.07494644964924208,6.884301222948795,0.39350157481020986,0.028959824146694412,0.13726695771830075,0.22442647711386762,0.0,0.35423256413973225,0.14541337085379366,0.12623734385746124,0.06250045732918191,0.4415553917549284,0.0222507083912843,0.2683127241785608,0.9341616198133291,0.33886761129443294,0.6871806744297156,0.9420474734787038,-0.12207914998042087,-0.49836554665161464,0.5450343356480755,-0.40504158939695145,-0.23882899842347402,0.10364566834775896,0.3080731308271303,45.0,62.0,38.0,460.0,0.3100000023841858,1.0,51.400001525878906,180.0,142.60000610351562,288.6317443847656,1.6315789222717285,1.0,0.009999999776482582,2.17391300201416,0.09610000252723694,3.225806474685669,6.131226539611816,142.60000610351562,2.725806474685669,2025.0,13.949999809265137,20700.0,211600.0,0.5057894587516785,10.222222328186035,0.9272727370262146,0.8888888955116272,0.3333333432674408,0.05263157933950424,0.037351444363594055,62.5,45
0.6848842239301229,0.18718651828842864,0.04710519039897108,0.4336371076725981,0.23954135298993265,0.09510660283192038,10.249615228881645,-0.13184745338802242,-0.07517435742247089,0.06165456051218185,0.27417357806596,0.0,0.338498631089798,0.17702365001755516,0.076260863100385,0.08029755544943726,0.43562169211116475,-0.03726109592408956,0.22072700237364876,0.9341616198133291,0.2504599666547417,0.6830943749866977,0.7609027748713991,-0.15361398496778644,-0.5259563819372913,0.7189734018553259,-0.17093857470367116,-0.14377461051489615,-0.1354474260183381,-0.2859847158334519,45.0,62.0,38.0,460.0,0.3100000023841858,1.0,54.400001525878906,190.0,142.60000610351562,288.6317443847656,1.6315789222717285,1.0,0.009999999776482582,2.17391300201416,0.09610000252723694,3.225806474685669,6.131226539611816,142.60000610351562,2.725806474685669,2025.0,13.949999809265137,20700.0,211600.0,0.5057894587516785,10.222222328186035,0.9272727370262146,0.8947368264198303,0.3333333432674408,0.05263157933950424,0.22410866618156433,60.5,45
0.686710407199297,0.1934779178179863,0.010615913536614126,0.38996369044557866,0.3413959400765689,0.09561745143452893,10.95182798098914,0.4186001147170973,-0.04666345705614931,0.07673996831632778,0.22372278618008837,0.0,0.28333480474190814,0.16600999892233684,0.25920465146495325,0.06617138335291017,0.5082583456543659,0.013459147594060864,0.29692764701422075,0.9341616198133291,0.14828076085621333,0.7525425953305547,0.9441059899238887,-0.09952923386727687,-0.520828104035062,0.7258318211761258,-0.2435465297200969,-0.12050647052000474,-0.2608312574588123,-0.44787096808464,45.0,62.0,38.0,460.0,0.3100000023841858,1.0,58.0,160.0,142.60000610351562,288.6317443847656,1.6315789222717285,1.0,0.009999999776482582,2.17391300201416,0.09610000252723694,3.225806474685669,6.131226539611816,142.60000610351562,2.725806474685669,2025.0,13.949999809265137,20700.0,211600.0,0.5057894587516785,10.222222328186035,0.9272727370262146,0.9375,0.1666666716337204,0.11205433309078217,0.22410866618156433,59.7,45
0.6414767093597563,0.22580899636289117,0.0728023914183693,0.3864652321860821,0.28330594886282057,0.10925095917457578,10.31737814636864,0.2707002513476255,-0.024678739042711385,0.4920236814553216,0.23174507852743342,0.0,0.30597790052165286,0.18338675307032196,0.16226912392149606,0.07029258283901504,0.47356238776435267,0.05482883523276184,0.2890453969746443,0.9235598105907197,0.40730866478015143,0.7112255616505843,0.8641276059042201,0.02452508546176089,-0.44615666979001517,0.7368977303086622,-0.21725322949639325,0.05423058784011866,-0.34957473323830807,-0.41621378770205153,45.0,62.0,38.0,460.0,0.3199999928474426,1.0,55.79999923706055,170.0,147.1999969482422,293.23175048828125,1.6315789222717285,1.0,0.009999999776482582,2.17391300201416,0.10239999741315842,3.125,6.131226539611816,147.1999969482422,2.625,2025.0,14.399999618530273,20700.0,211600.0,0.5221052765846252,10.222222328186035,0.9107142686843872,0.970588207244873,0.0833333358168602,0.013582343235611916,0.22410866618156433,61.8,45
0.6741196206970411,0.19397254088345559,0.08979090671732881,0.4228624923300922,0.2898626143932059,0.09095584347736871,10.395960102758075,0.3104192515984862,-0.05189124386373718,0.7459183955704496,0.2869867467685339,0.0,0.383641671401933,0.17569079519725972,0.11733627523261264,0.0810091647931587,0.4885207522465255,0.11545579274879156,0.20014803223656522,0.9235598105907197,0.29839953313281437,0.6892501817895662,0.8932162029259504,0.13077948214746588,-0.5175508077302476,0.7053627255011204,-0.03460866658917749,-0.09076350346123448,0.7727032493402425,-0.2965597192842453,45.0,62.0,38.0,460.0,0.3199999928474426,1.0,55.79999923706055,185.0,147.1999969482422,293.23175048828125,1.6315789222717285,1.0,0.009999999776482582,2.17391300201416,0.10239999741315842,3.125,6.131226539611816,147.1999969482422,2.625,2025.0,14.399999618530273,20700.0,211600.0,0.5221052765846252,10.222222328186035,0.9107142686843872,0.8648648858070374,0.4166666567325592,0.1477079838514328,0.22410866618156433,62.4,45
0.6447963154176379,0.1438886767638147,0.3038098229056341,0.32716910220752005,0.3367522989203449,0.0796193282241632,2.2769733691896983,0.24680532011130524,-0.048171253953544,0.5030701851734355,0.2689043482251391,0.0,0.18877524846916197,0.25514542001528984,0.3301173597359741,0.09684643061893786,0.43639717699805497,-0.16019325288747438,0.26038263386703026,0.9182908783651541,0.43507621649058503,0.640758758115959,0.9707895663730891,0.1303684902331191,0.26633008316191986,0.30520015666224065,-0.27865142158896056,-0.26426360420953865,-0.32334189907277844,-0.3236753289046213,45.0,62.0,38.0,460.0,0.3400000035762787,0.800000011920929,42.900001525878906,180.0,156.39999389648438,302.4317321777344,1.6315789222717285,1.0,0.00800000037997961,1.7391303777694702,0.11559999734163284,2.941176414489746,6.131226539611816,156.39999389648438,2.441176414489746,2025.0,15.300000190734863,20700.0,211600.0,0.554736852645874,10.222222328186035,0.8793103694915771,0.9444444179534912,0.1666666716337204,0.3531409204006195,0.22410866618156433,45.8,45
0.5645100669426426,0.14469015846977368,0.233834182180573,0.33769408584814825,0.29813116592227795,0.030735553546608084,1.9864045739989271,-1.2152288328690668,-0.004396125991910112,0.21604004173315206,0.21719035250883487,0.0,0.13944310522505346,0.027392943315819446,0.1977443781226609,0.05744383373790401,0.4512967689843538,-0.0787696307395445,0.23969811672116909,0.7900499610783983,0.5364377761167738,0.6721550428632161,0.7710558317708014,0.1839574087898888,-0.9042553179140488,0.2764530229546208,-0.052701904439720275,-0.2873828893845603,-0.2847678460209723,-0.13456113604465317,45.0,62.0,38.0,460.0,0.3400000035762787,0.800000011920929,43.900001525878906,220.0,156.39999389648438,302.4317321777344,1.6315789222717285,1.0,0.00800000037997961,1.7391303777694702,0.11559999734163284,2.941176414489746,6.131226539611816,156.39999389648438,2.441176414489746,2025.0,15.300000190734863,20700.0,211600.0,0.554736852645874,10.222222328186035,0.8793103694915771,0.7954545617103577,0.75,0.09507639706134796,0.037351444363594055,48.6,45
0.6447963154176379,0.1438886767638147,0.3038098229056341,0.32716910220752005,0.3367522989203449,0.0796193282241632,2.2769733691896983,0.24680532011130524,-0.048171253953544,0.5030701851734355,0.2689043482251391,0.0,0.18877524846916197,0.25514542001528984,0.3301173597359741,0.09684643061893786,0.43639717699805497,-0.16019325288747438,0.26038263386703026,0.9182908783651541,0.43507621649058503,0.640758758115959,0.9707895663730891,0.1303684902331191,0.26633008316191986,0.30520015666224065,-0.27865142158896056,-0.26426360420953865,-0.32334189907277844,-0.3236753289046213,45.0,62.0,38.0,460.0,0.3400000035762787,0.800000011920929,42.900001525878906,180.0,156.39999389648438,302.4317321777344,1.6315789222717285,1.0,0.00800000037997961,1.7391303777694702,0.11559999734163284,2.941176414489746,6.131226539611816,156.39999389648438,2.441176414489746,2025.0,15.300000190734863,20700.0,211600.0,0.554736852645874,10.222222328186035,0.8793103694915771,0.9444444179534912,0.1666666716337204,0.3531409204006195,0.22410866618156433,48.8,45
0.5645100669426426,0.14469015846977368,0.233834182180573,0.33769408584814825,0.2967658644019531,0.030735553546608084,2.0744779857291364,-1.1086777256045897,-0.004068017700723639,0.19180210395191316,0.21719035250883487,0.0,0.1443175352959789,0.04071690294159402,0.1977443781226609,0.05744383373790401,0.4512967689843538,-0.07786001657109903,0.23969811672116909,0.7900499610783983,0.5290591699309464,0.6721550428632161,0.7710558317708014,0.18530403522344183,-0.518239372431896,0.2731386674673217,-0.04507053286319735,-0.2952615517818847,-0.2743511225065342,-0.13600393577999806,45.0,62.0,38.0,460.0,0.3400000035762787,0.800000011920929,44.599998474121094,220.0,156.39999389648438,302.4317321777344,1.6315789222717285,1.0,0.00800000037997961,1.7391303777694702,0.11559999734163284,2.941176414489746,6.131226539611816,156.39999389648438,2.441176414489746,2025.0,15.300000190734863,20700.0,211600.0,0.554736852645874,10.222222328186035,0.8793103694915771,0.7954545617103577,0.75,0.09507639706134796,0.037351444363594055,45.4,45
0.6447963154176379,0.1438886767638147,0.3038098229056341,0.32716910220752005,0.3367522989203449,0.0796193282241632,2.2769733691896983,0.24680532011130524,-0.048171253953544,0.5030701851734355,0.2689043482251391,0.0,0.18877524846916197,0.25514542001528984,0.3301173597359741,0.09684643061893786,0.43639717699805497,-0.16019325288747438,0.26038263386703026,0.9182908783651541,0.43507621649058503,0.640758758115959,0.9707895663730891,0.1303684902331191,0.26633008316191986,0.30520015666224065,-0.27865142158896056,-0.26426360420953865,-0.32334189907277844,-0.3236753289046213,45.0,62.0,38.0,460.0,0.3400000035762787,0.800000011920929,42.900001525878906,180.0,156.39999389648438,302.4317321777344,1.6315789222717285,1.0,0.00800000037997961,1.7391303777694702,0.11559999734163284,2.941176414489746,6.131226539611816,156.39999389648438,2.441176414489746,2025.0,15.300000190734863,20700.0,211600.0,0.554736852645874,10.222222328186035,0.8793103694915771,0.9444444179534912,0.1666666716337204,0.3531409204006195,0.22410866618156433,47.8,45
0.6209095867821476,0.1856899235612709,0.1701749600337378,0.30696144633573297,0.2895716254004157,0.01991488354562397,10.18408420720575,-1.3823043019827883,0.09170214578029771,0.12487073570630126,0.2675761110241395,0.0,-0.010585619466453857,0.21390990726812856,0.21657476584052113,0.08820425409828399,0.5559653217523364,0.04170648066501457,0.2955545638119174,0.8133254774228919,0.4191826979275394,0.6530392349310405,0.8965621434918102,0.11806752780061981,-0.12862796808838378,0.38741470997649263,-0.2508786879433584,-0.2566772893660112,-0.280777113258201,-0.0550004845707905,45.0,62.0,38.0,460.0,0.3400000035762787,0.800000011920929,61.29999923706055,220.0,156.39999389648438,302.4317321777344,1.6315789222717285,1.0,0.00800000037997961,1.7391303777694702,0.11559999734163284,2.941176414489746,6.131226539611816,156.39999389648438,2.441176414489746,2025.0,15.300000190734863,20700.0,211600.0,0.554736852645874,10.222222328186035,0.8793103694915771,0.7954545617103577,0.75,0.09507639706134796,0.037351444363594055,69.6,45
0.6278991624763098,0.14767906589807114,0.14962246978760327,0.3611911547417492,0.2911854567011797,-0.00032289763249459516,11.514837159691488,0.14740230345454808,-0.004828238649807063,-0.09282176291112613,0.2486095700535089,0.0,-0.06848014304678833,0.21292881010428208,0.2628393973959023,0.13978366526310929,0.5767893225469991,0.051310486169245106,0.25050738328823685,0.9403868135092537,0.14473274881492243,0.7271952203927802,0.9734868704792111,-0.09480148737511236,-0.14441905727053467,0.3396095794600784,0.0926905436538918,0.02834452773067741,0.681726868454142,-0.18675968757474437,45.0,62.0,38.0,460.0,0.3499999940395355,0.8999999761581421,62.82400131225586,170.0,161.0,307.03173828125,1.6315789222717285,1.0,0.008999999612569809,1.95652174949646,0.12250000238418579,2.857142925262451,6.131226539611816,161.0,2.357142925262451,2025.0,15.75,20700.0,211600.0,0.571052610874176,10.222222328186035,0.8644067645072937,1.0,0.0,0.1477079838514328,0.12393888086080551,69.3,45
0.6522413125928381,0.20753252928579208,0.03681062192661227,0.33858127605892746,0.12742703902688055,-0.048246042886978355,9.708736971216668,0.32698295859350307,0.07332850768773355,0.029640639854195374,0.18640017551166996,0.0,-0.04415265162443266,0.20895703927176795,0.22817234294039906,0.04784813013514745,0.4692095919454353,0.2538969933063883,0.25220608715740184,0.9187442221668718,0.6861918331960007,0.675367643665819,0.9029312473784885,-0.03540543787163431,-0.5139150320451036,0.6068334180520912,0.6827971424619044,0.4230268655364442,0.6882550026297244,-0.26440354809257377,50.0,62.0,38.0,460.0,0.30000001192092896,0.8999999761581421,57.20000076293945,170.0,138.0,284.03173828125,1.6315789222717285,1.0,0.008999999612569809,1.95652174949646,0.09000000357627869,3.3333332538604736,6.131226539611816,138.0,2.8333332538604736,2500.0,15.0,23000.0,211600.0,0.4894736707210541,9.199999809265137,0.9444444179534912,1.058823585510254,-0.1666666716337204,0.1477079838514328,0.12393888086080551,62.3,50
0.6544581269012341,0.2163565636488622,-0.004223167658796173,0.3444725525508377,0.01619627957941756,-0.06928202387852635,9.83536090823739,0.26353707160107254,-0.08327671969033046,0.020278054986345603,0.17051908754937903,0.0,-0.049281633243702806,0.2240559473482844,0.18907719954470414,0.059777410596905944,0.5222224007077177,0.15503323113651862,0.26147429612275064,0.8712857243448835,0.6885415449240183,0.7139081995724295,0.9263362252278375,-0.07150128456408823,-0.6151868928540306,0.6632656990955919,0.2054124529472491,-0.3239849324809944,0.6861498479327777,0.573952078914145,50.0,62.0,38.0,460.0,0.30000001192092896,0.8999999761581421,58.900001525878906,135.0,138.0,284.03173828125,1.6315789222717285,1.0,0.008999999612569809,1.95652174949646,0.09000000357627869,3.3333332538604736,6.131226539611816,138.0,2.8333332538604736,2500.0,15.0,23000.0,211600.0,0.4894736707210541,9.199999809265137,0.9444444179534912,1.3333333730697632,-0.75,0.1477079838514328,0.3191850483417511,69.6,50
0.6522413125928381,0.21535369901996546,-0.0015827904577730531,0.32902917504455936,0.06421014698294968,-0.06573014518455615,10.73296065821873,0.2665568893608912,0.001989003070173235,0.06553897818700295,0.17888337848444055,0.0,-0.04792553737024685,0.2265678654215256,0.18868396072457919,0.06834320255094707,0.5194860556473081,0.1817920675646066,0.29941568225057485,0.9487991783645358,0.3078805094640266,0.7380867374748451,0.9006835873668492,0.0415518186489797,-0.6047719410498655,0.6930699661083678,0.29844210200508203,0.10094861260835318,0.6322755772326395,0.6186949823919812,50.0,62.0,38.0,460.0,0.30000001192092896,0.8999999761581421,58.900001525878906,135.0,138.0,284.03173828125,1.6315789222717285,1.0,0.008999999612569809,1.95652174949646,0.09000000357627869,3.3333332538604736,6.131226539611816,138.0,2.8333332538604736,2500.0,15.0,23000.0,211600.0,0.4894736707210541,9.199999809265137,0.9444444179534912,1.0370370149612427,-0.0833333358168602,0.1477079838514328,0.3191850483417511,69.6,50
0.6517854525455038,0.1953493367085605,0.0687852296991768,0.339354038024217,0.01578111896177045,0.012167018804507355,10.419697908351907,0.07731880805058472,0.0137686569133483,0.10555869306464524,0.25764146981993896,0.0,-0.0008174836555178648,0.19619872602040342,0.1948481346245842,0.050727609343357585,0.5205719633747565,0.16793285395738808,0.3060256980731749,0.9330723322365972,0.619024193286829,0.7113248578691772,0.9212619682705326,0.010862791906727648,-0.5757810041814078,0.607990067312034,0.2917064880419179,0.4449554955330481,0.6271854956422058,-0.27039204711898807,50.0,62.0,38.0,460.0,0.30000001192092896,0.949999988079071,60.79999923706055,185.0,138.0,284.03173828125,1.6315789222717285,1.0,0.009499999694526196,2.0652174949645996,0.09000000357627869,3.3333332538604736,6.131226539611816,138.0,2.8333332538604736,2500.0,15.0,23000.0,211600.0,0.4894736707210541,9.199999809265137,0.9444444179534912,1.0378378629684448,-0.11666666716337204,0.1477079838514328,0.12393888086080551,68.2,50
0.7449557713708951,0.12443090303692629,-0.01285585246092293,0.33334979804180626,0.16810614247399344,-0.01032937729647362,10.916960027047976,0.6840638215015383,0.05890603002520017,0.05630986863101151,0.21301078603167115,0.0,-0.04176277640218229,0.3651706951864001,0.10215791746094241,0.09541699250947944,0.49699740465251385,0.13897990818391634,0.3038473034319284,0.9439780087777762,0.12984998755524776,0.716579968342711,0.8943417108095819,0.18585802220335673,-0.6127222499353651,0.7363787824818357,0.8977686804735665,0.40726092614354803,0.6385916071884359,0.5564923126782425,50.0,61.0,39.0,460.0,0.30000001192092896,0.8799999952316284,55.400001525878906,150.0,138.0,284.03173828125,1.5641025304794312,1.0,0.008799999952316284,1.91304349899292,0.09000000357627869,3.3333332538604736,6.131226539611816,138.0,2.8333332538604736,2500.0,15.0,23000.0,211600.0,0.4692307710647583,9.199999809265137,0.9444444179534912,0.9666666388511658,0.0833333358168602,0.1477079838514328,0.3191850483417511,64.1,50
0.6350394630738404,0.1748895725327021,0.0716960545260654,0.3819000483507901,0.010659287452401077,0.12132019799913543,11.5161246103318,-0.6223263578439996,-0.02559142184219312,0.05193440997764459,0.25825190031267237,0.0,0.23259536491271143,0.20821069351248844,0.2581672447230677,0.053093796556890255,0.500316181693022,0.18434141365310835,0.2977828898146557,0.802043705799662,0.12247129304080283,0.7477962645050867,0.8183858605344463,0.03976355733605497,-0.3734009389103277,0.6418146096131194,0.2897373012337208,0.1275952595097595,0.6154753016855912,-0.36057175985183487,50.0,62.0,38.0,460.0,0.30000001192092896,1.0,62.82400131225586,200.0,138.0,284.03173828125,1.6315789222717285,1.0,0.009999999776482582,2.17391300201416,0.09000000357627869,3.3333332538604736,6.131226539611816,138.0,2.8333332538604736,2500.0,15.0,23000.0,211600.0,0.4894736707210541,9.199999809265137,0.9444444179534912,1.024999976158142,-0.0833333358168602,0.1477079838514328,0.12393888086080551,72.4,50
0.7449557713708951,0.12478451598617774,-0.01285585246092293,0.33334979804180626,0.28945190514071106,0.03373518214933227,9.964303223371498,0.55842936478135,-0.021408998721270396,0.053644353386006094,0.12516758441342146,0.0,-0.007938784401098306,0.34913214833234374,0.047262145811693614,0.09378028394300725,0.4647524094173152,0.018392119568495974,0.30472105183496756,0.9498665834951232,0.20184884187049604,0.7178380480108691,0.8258298828917894,0.19046374050399534,-0.5712236762221656,0.7442838020574669,0.6739234894146298,0.4153117455145764,0.6591323534480971,0.5916376278709682,50.0,60.0,40.0,460.0,0.3100000023841858,0.8700000047683716,54.099998474121094,140.0,142.60000610351562,288.6317443847656,1.5,1.0,0.008700000122189522,1.89130437374115,0.09610000252723694,3.225806474685669,6.131226539611816,142.60000610351562,2.725806474685669,2500.0,15.5,23000.0,211600.0,0.4650000035762787,9.199999809265137,0.9272727370262146,0.9642857313156128,0.0833333358168602,0.1477079838514328,0.3191850483417511,61.7,50
0.6522413125928381,0.20832834786824195,0.03780798453230872,0.3298086621340322,0.020938228606122183,-0.04104712880242946,10.540074648622893,0.22623274466342785,0.016278687264153827,0.08145448625498765,0.20366800784110953,0.0,-0.05576394886807595,0.21524250656318727,0.19344853713623997,0.050437105776154664,0.5178356183143469,0.18255163371913483,0.30413737991601814,0.9330942146827417,0.3998752644523093,0.7113543948267793,0.9167984439919116,-0.023077715212785857,-0.5896441908608835,0.5959900196986129,0.25876626099862754,0.33940328943802855,0.6016977780292816,-0.3107599643879591,50.0,62.0,38.0,460.0,0.30000001192092896,0.9200000166893005,59.599998474121094,180.0,138.0,284.03173828125,1.6315789222717285,1.0,0.009200000204145908,2.0,0.09000000357627869,3.3333332538604736,6.131226539611816,138.0,2.8333332538604736,2500.0,15.0,23000.0,211600.0,0.4894736707210541,9.199999809265137,0.9444444179534912,1.0333333015441895,-0.10000000149011612,0.1477079838514328,0.12393888086080551,66.9,50
0.6517854525455038,0.2079946006793694,0.0054492741774685,0.39104768436985393,0.09589467852464308,0.04688048829412617,11.832646887257587,0.46819678812029325,0.06566678098286431,0.08068800035931199,0.2235080091644742,0.0,0.19099395027514512,0.20695172430285855,0.15569969755943383,0.09252955957288278,0.5188090452814585,0.23968995462744902,0.3215457719782436,0.9439561263316317,0.13804751265855342,0.7610847257124516,0.9211572550889441,0.11295078773606226,-0.5625680466217657,0.7369642030354211,0.17966650626627845,0.13856672156894478,0.6138096218073058,0.4366042690547205,50.0,62.0,38.0,460.0,0.30000001192092896,0.9800000190734863,62.79999923706055,160.0,138.0,284.03173828125,1.6315789222717285,1.0,0.009800000116229057,2.13043475151062,0.09000000357627869,3.3333332538604736,6.131226539611816,138.0,2.8333332538604736,2500.0,15.0,23000.0,211600.0,0.4894736707210541,9.199999809265137,0.9444444179534912,0.96875,0.0833333358168602,0.1477079838514328,0.3191850483417511,71.5,50
0.6522413125928381,0.11542681232144979,0.02817793712448552,0.33018416407901885,0.1327810430247777,-0.019519901339019402,10.39498587470015,0.3938500934184743,0.04942174517684042,0.03936609112982379,0.1540016620880622,0.0,-0.07481555822162037,0.2962484537079914,0.16607780365125216,0.06477790285764738,0.4953469673195526,0.12863221452434226,0.2856796443310629,0.9330942146827417,0.18033797464018694,0.7010203776828686,0.9227012346742189,0.21922540778428246,-0.5748285418123708,0.6745257465255631,0.38472902869632314,0.10832478432733873,0.6097736210833496,-0.2655288230561166,50.0,61.0,39.0,460.0,0.30000001192092896,0.8899999856948853,56.0,170.0,138.0,284.03173828125,1.5641025304794312,1.0,0.008899999782443047,1.93478262424469,0.09000000357627869,3.3333332538604736,6.131226539611816,138.0,2.8333332538604736,2500.0,15.0,23000.0,211600.0,0.4692307710647583,9.199999809265137,0.9444444179534912,1.029411792755127,-0.0833333358168602,0.1477079838514328,0.12393888086080551,63.5,50
0.6517854525455038,0.21095671957344955,0.0054492741774685,0.39771982512723975,0.0977482194509098,0.03846084030856344,11.813566117382683,0.37416227322394946,0.07876271920129525,0.07428164294732299,0.19854442973481953,0.0,0.18577352382283824,0.210355049941225,0.20958479533463956,0.08703038676280839,0.5188090452814585,0.23723342801317734,0.3196721831842237,0.9439561263316317,0.13339119703350533,0.7646513200284567,0.9210739479600246,0.12199852476782398,-0.5320409689781643,0.739218355562084,0.20676354524936716,0.15506118477115588,0.6025422288248258,0.428652206433542,50.0,62.0,38.0,460.0,0.30000001192092896,1.0,62.82400131225586,165.0,138.0,284.03173828125,1.6315789222717285,1.0,0.009999999776482582,2.17391300201416,0.09000000357627869,3.3333332538604736,6.131226539611816,138.0,2.8333332538604736,2500.0,15.0,23000.0,211600.0,0.4894736707210541,9.199999809265137,0.9444444179534912,0.9818181991577148,0.05000000074505806,0.1477079838514328,0.3191850483417511,73.2,50
0.6522413125928381,0.11147113203584218,0.02817793712448552,0.32976752114267066,0.24085216174947488,0.006688289956716181,9.278376073227266,0.4331645725225297,0.02928211394680835,0.016359530739106717,0.10146881323732339,0.0,-0.06164809155434079,0.2006920842714398,0.05256745356991565,0.03410196250432147,0.4631019720843539,0.024402698542070993,0.28197065328392923,0.9350490787664987,0.20372982543255358,0.6487728503993073,0.8362214645797059,0.2828563602500553,-0.5411154697389533,0.6416180019474027,0.3856730280549297,0.13398041130456756,0.6435984618167339,-0.4170333898792126,50.0,60.0,40.0,460.0,0.3100000023841858,0.8500000238418579,53.79999923706055,160.0,142.60000610351562,288.6317443847656,1.5,1.0,0.008500000461935997,1.8478261232376099,0.09610000252723694,3.225806474685669,6.131226539611816,142.60000610351562,2.725806474685669,2500.0,15.5,23000.0,211600.0,0.4650000035762787,9.199999809265137,0.9272727370262146,1.0125000476837158,-0.03333333507180214,0.1477079838514328,0.12393888086080551,60.2,50
0.7449557713708951,0.21733243858371842,-0.0015827904577730531,0.3310537786294683,0.18136817047262216,-0.049890716239582605,10.951241613526204,0.6596229585859881,0.07186472622002522,0.07615380672557737,0.260952828567114,0.0,-0.02307401939625073,0.23297176738681288,0.16385921792996438,0.088494685543565,0.4681236842179869,0.21495552698347783,0.2703737462582674,0.9439780087777762,0.09297127983738138,0.716579968342711,0.9118258324896451,-0.005980222056009919,-0.6131183573460353,0.717245353936214,0.7981469068508591,0.382661693264928,0.6655896194785381,0.4898761229925283,50.0,62.0,38.0,460.0,0.30000001192092896,0.8999999761581421,56.900001525878906,150.0,138.0,284.03173828125,1.6315789222717285,1.0,0.008999999612569809,1.95652174949646,0.09000000357627869,3.3333332538604736,6.131226539611816,138.0,2.8333332538604736,2500.0,15.0,23000.0,211600.0,0.4894736707210541,9.199999809265137,0.9444444179534912,0.9666666388511658,0.0833333358168602,0.1477079838514328,0.3191850483417511,65.4,50
0.6517854525455038,0.19451049122368244,0.07142560690019993,0.336982925149581,-0.01493274282425555,0.011724879407694566,10.81031150975244,-0.2398988812710137,7.087356518998861e-05,0.08932496214169933,0.25689155351077464,0.0,-0.005615265036702658,0.20227849731625,0.19437201691666656,0.05349225756767505,0.5009121659840516,0.13899979724399936,0.29328630434147307,0.9330723322365972,0.11599715791882047,0.726699344306769,0.8267175453035137,0.020638303120149363,-0.5848308687123235,0.6379637402697425,0.3631332065196384,0.13737409999925085,0.6001821652702363,-0.30688434118645325,50.0,62.0,38.0,460.0,0.30000001192092896,0.9700000286102295,61.5,190.0,138.0,284.03173828125,1.6315789222717285,1.0,0.009700000286102295,2.1086957454681396,0.09000000357627869,3.3333332538604736,6.131226539611816,138.0,2.8333332538604736,2500.0,15.0,23000.0,211600.0,0.4894736707210541,9.199999809265137,0.9444444179534912,1.0263158082962036,-0.0833333358168602,0.1477079838514328,0.12393888086080551,69.8,50
0.635928287886473,0.16354084673116315,-0.012576876249241739,0.33334979804180626,0.28945190514071106,-0.008928849039870942,10.804906947565224,0.5944968308136803,-0.032553923424262096,0.09575986861365725,0.15817031180786525,0.0,-0.04192743809872701,0.35268839082596903,0.05170494265692858,0.08121005326992625,0.4647524094173152,0.07061453976543226,0.3047112981068635,0.9450454139083636,0.203285854613336,0.716579968342711,0.8787752059101884,-0.022085189482091403,-0.5530980073251544,0.7442838020574669,0.21644404206956147,0.04878381628485118,0.6148360734665068,0.5340905156668719,50.0,61.0,39.0,460.0,0.3100000023841858,0.8799999952316284,54.599998474121094,145.0,142.60000610351562,288.6317443847656,1.5641025304794312,1.0,0.008799999952316284,1.91304349899292,0.09610000252723694,3.225806474685669,6.131226539611816,142.60000610351562,2.725806474685669,2500.0,15.5,23000.0,211600.0,0.4848718047142029,9.199999809265137,0.9272727370262146,0.951724112033844,0.11666666716337204,0.1477079838514328,0.3191850483417511,62.9,50
0.6350394630738404,0.1748895725327021,0.0716960545260654,0.3819000483507901,0.010659287452401077,0.12132019799913543,11.37720740257753,-0.6505499647463967,-0.030498697241432154,0.050888509641172086,0.25825190031267237,0.0,0.23259536491271143,0.21096874130319393,0.2581672447230677,0.045123714627285136,0.500316181693022,0.18474272215127255,0.2977828898146557,0.802043705799662,0.09875606761686707,0.7519538656121664,0.8183858605344463,0.021417908335397137,-0.4217378030416896,0.6418146096131194,0.3265384842022357,0.13435595872854864,0.6158215340237508,-0.35575764208863625,50.0,62.0,38.0,460.0,0.30000001192092896,1.0,62.82400131225586,205.0,138.0,284.03173828125,1.6315789222717285,1.0,0.009999999776482582,2.17391300201416,0.09000000357627869,3.3333332538604736,6.131226539611816,138.0,2.8333332538604736,2500.0,15.0,23000.0,211600.0,0.4894736707210541,9.199999809265137,0.9444444179534912,1.0243902206420898,-0.0833333358168602,0.1477079838514328,0.12393888086080551,74.6,50
0.7449557713708951,0.13421885908152584,0.017547158997650386,0.20476938732857475,0.2515852506051064,0.04419842588562358,8.466864934724954,0.5088042665389456,-0.01273693356281806,0.5106547705749966,0.14113842404486937,0.0,-0.05311911947784645,0.23370600091846924,0.057762056944325034,0.07544909094654642,0.4818204881099202,0.097099851395145,0.3524534965159353,0.9507540424482928,0.3618770008210215,0.6752649527115562,0.803110553052577,0.06415542052295442,-0.5410371825926493,0.6646281597986429,0.538887547046707,0.38018717461295076,0.6592629009397618,0.6961134360392959,50.0,60.0,40.0,460.0,0.3199999928474426,0.8600000143051147,52.70000076293945,135.0,147.1999969482422,293.23175048828125,1.5,1.0,0.00860000029206276,1.8695652484893799,0.10239999741315842,3.125,6.131226539611816,147.1999969482422,2.625,2500.0,16.0,23000.0,211600.0,0.47999998927116394,9.199999809265137,0.9107142686843872,0.9629629850387573,0.0833333358168602,0.1477079838514328,0.3191850483417511,59.4,50
0.6350394630738404,0.19701588424749877,0.0716960545260654,0.38961730355942864,0.021983349712106266,0.12132019799913543,11.511289119140542,-0.5831168969451098,-0.015124298850430384,0.06374001821648144,0.26022186774849004,0.0,0.23259536491271143,0.2154813086064127,0.25915496681941286,0.052544332653570724,0.500316181693022,0.19333617699744343,0.29323895498248287,0.802043705799662,0.08518196652758822,0.7477962645050867,0.8183858605344463,0.04158973798558999,-0.4761339096792821,0.6415150164788881,0.2675578749282025,0.12858345336402188,0.5867349154537502,-0.3167770168176035,50.0,62.0,38.0,460.0,0.30000001192092896,0.9900000095367432,62.82400131225586,195.0,138.0,284.03173828125,1.6315789222717285,1.0,0.00989999994635582,2.1521739959716797,0.09000000357627869,3.3333332538604736,6.131226539611816,138.0,2.8333332538604736,2500.0,15.0,23000.0,211600.0,0.4894736707210541,9.199999809265137,0.9444444179534912,1.0256410837173462,-0.0833333358168602,0.1477079838514328,0.12393888086080551,71.0,50
0.635928287886473,0.2284994580656319,-0.0013038142460918643,0.3368253843399528,0.06421014698294968,-0.050184324783329196,11.096162693029996,0.5877062721386505,0.033938694830356705,0.08253834545720211,0.20904638056014327,0.0,-0.038969722790616945,0.23234820053331184,0.19876497556321265,0.0769452079527937,0.5194860556473081,0.21177354119505098,0.3012892710445948,0.9439780087777762,0.09297127983738138,0.7349023139400666,0.9756394897290496,0.019336566226225996,-0.6131183573460353,0.717245353936214,0.26539051528454377,0.05860125774214095,0.6188348422906362,0.490693374271649,50.0,62.0,38.0,460.0,0.30000001192092896,0.9200000166893005,58.400001525878906,155.0,138.0,284.03173828125,1.6315789222717285,1.0,0.009200000204145908,2.0,0.09000000357627869,3.3333332538604736,6.131226539611816,138.0,2.8333332538604736,2500.0,15.0,23000.0,211600.0,0.4894736707210541,9.199999809265137,0.9444444179534912,0.9548386931419373,0.11666666716337204,0.1477079838514328,0.3191850483417511,67.1,50
0.6522413125928381,0.21099921649387277,0.043521087719698676,0.336982925149581,0.020938228606122183,-0.0029471902876106707,10.55373222114936,0.18141940598362905,0.01635094190967192,0.09212621810735386,0.20366800784110953,0.0,-0.0008174836555178648,0.2195049335437187,0.19499469213731555,0.050437105776154664,0.5178356183143469,0.1534945366852253,0.29620162593168387,0.9330942146827417,0.3926636079091813,0.7167606299536542,0.9167984439919116,-0.021025240936202366,-0.5998477903715147,0.5959900196986129,0.26437265241936686,0.3204113470500151,0.5943102045955013,-0.257909325320095,50.0,62.0,38.0,460.0,0.30000001192092896,0.9300000071525574,59.900001525878906,178.0,138.0,284.03173828125,1.6315789222717285,1.0,0.00930000003427267,2.0217392444610596,0.09000000357627869,3.3333332538604736,6.131226539611816,138.0,2.8333332538604736,2500.0,15.0,23000.0,211600.0,0.4894736707210541,9.199999809265137,0.9444444179534912,1.033707857131958,-0.10000000149011612,0.1477079838514328,0.12393888086080551,66.4,50
0.635928287886473,0.1300694035659587,-0.012576876249241739,0.3310537786294683,0.16810614247399344,-0.0493467947436591,10.702064659209807,0.5895964091531368,0.039984904180555655,0.05162638169122339,0.1583842687383599,0.0,-0.06854529063724292,0.25806252302245797,0.15703196329833688,0.08165278987882914,0.47701741644801404,0.1407727589462458,0.25582402764505696,0.9439780087777762,0.2034270160728018,0.716579968342711,0.9494976020152788,0.1604142487261343,-0.6118028384359387,0.7343295607368135,0.2998107798116266,0.0832183205660645,0.6523607758900075,0.5178637286518626,50.0,61.0,39.0,460.0,0.30000001192092896,0.8999999761581421,56.5,148.0,138.0,284.03173828125,1.5641025304794312,1.0,0.008999999612569809,1.95652174949646,0.09000000357627869,3.3333332538604736,6.131226539611816,138.0,2.8333332538604736,2500.0,15.0,23000.0,211600.0,0.4692307710647583,9.199999809265137,0.9444444179534912,0.9459459185600281,0.13333334028720856,0.1477079838514328,0.3191850483417511,64.8,50
0.6350394630738404,0.17739998706511678,0.0716960545260654,0.3819000483507901,0.010659287452401077,0.069187876422604,11.465436142687594,-0.8207709329057514,-0.009359896764243448,0.052853364524515806,0.25825190031267237,0.0,0.23459546788242885,0.22634801326872273,0.2594869371955962,0.055131310237043166,0.500316181693022,0.19685789384602817,0.29539902941686325,0.802043705799662,0.10195165851023878,0.7519538656121664,0.8183858605344463,0.03684831488675162,-0.3989746017168303,0.6443208079225662,0.3876868391837146,0.17790545713689074,0.6157821867519923,-0.3653651850126518,50.0,62.0,38.0,460.0,0.30000001192092896,1.0,62.82400131225586,210.0,138.0,284.03173828125,1.6315789222717285,1.0,0.009999999776482582,2.17391300201416,0.09000000357627869,3.3333332538604736,6.131226539611816,138.0,2.8333332538604736,2500.0,15.0,23000.0,211600.0,0.4894736707210541,9.199999809265137,0.9444444179534912,1.023809552192688,-0.0833333358168602,0.1477079838514328,0.12393888086080551,75.2,50
0.7449557713708951,0.13421885908152584,0.017547158997650386,0.20551966682549533,0.2515852506051064,0.06170061902373755,8.468568942351384,0.5205600230920395,-0.013702228630088516,0.5120086054926878,0.14113842404486937,0.0,-0.010720139968635327,0.20644203353257423,0.057762056944325034,0.07779179044227447,0.4818204881099202,0.097099851395145,0.3524534965159353,0.9507540424482928,0.3651014543212181,0.6748646105797896,0.803110553052577,0.0663937574617233,-0.549524683971522,0.66400377378705,0.5768252016429739,0.38408964526825107,0.6504333345057726,0.7002206214592127,50.0,60.0,40.0,460.0,0.3199999928474426,0.8500000238418579,52.29999923706055,130.0,147.1999969482422,293.23175048828125,1.5,1.0,0.008500000461935997,1.8478261232376099,0.10239999741315842,3.125,6.131226539611816,147.1999969482422,2.625,2500.0,16.0,23000.0,211600.0,0.47999998927116394,9.199999809265137,0.9107142686843872,0.9615384340286255,0.0833333358168602,0.1477079838514328,0.3191850483417511,58.7,50
0.6350394630738404,0.19451049122368244,0.07142560690019993,0.336982925149581,-0.01493274282425555,0.011724879407694566,10.637660301144354,-0.5684575079699383,0.006035894631415347,0.07843219096256786,0.2575098908533409,0.0,-0.005615265036702658,0.19969764718084018,0.19437201691666656,0.05349225756767505,0.5009121659840516,0.1362626631211991,0.29328630434147307,0.802043705799662,0.3614009548262685,0.7176064080746262,0.8288523221047059,0.014693540676244126,-0.5802263231253604,0.6157088687978199,0.36915307565780386,0.3433587718023776,0.6133056201562057,-0.3050049078814359,50.0,62.0,38.0,460.0,0.30000001192092896,0.9599999785423279,61.79999923706055,192.0,138.0,284.03173828125,1.6315789222717285,1.0,0.009600000455975533,2.08695650100708,0.09000000357627869,3.3333332538604736,6.131226539611816,138.0,2.8333332538604736,2500.0,15.0,23000.0,211600.0,0.4894736707210541,9.199999809265137,0.9444444179534912,1.03125,-0.10000000149011612,0.1477079838514328,0.12393888086080551,70.5,50
0.716255069073804,0.2196183460315467,0.005457802763284219,0.34412660478967894,0.061957691588979034,-0.05833460027033984,11.252370585594564,0.501233424362057,0.0822808867277482,0.07332814282984461,0.20904638056014327,0.0,-0.0644883833088794,0.2342770895929059,0.2013576947751052,0.07723571151999663,0.5194050295724881,0.18587085680035667,0.315346931758426,0.9439780087777762,0.1043354235304837,0.740256751907213,0.9755394065031046,0.031669203348806935,-0.6372443803329716,0.717245353936214,0.4094196440903427,0.05028846603229804,0.6123319190774473,0.40025582855997344,50.0,62.0,38.0,460.0,0.30000001192092896,0.9399999976158142,60.29999923706055,158.0,138.0,284.03173828125,1.6315789222717285,1.0,0.009399999864399433,2.04347825050354,0.09000000357627869,3.3333332538604736,6.131226539611816,138.0,2.8333332538604736,2500.0,15.0,23000.0,211600.0,0.4894736707210541,9.199999809265137,0.9444444179534912,0.9620253443717957,0.10000000149011612,0.1477079838514328,0.3191850483417511,69.0,50
0.6522413125928381,0.11542681232144979,0.02817793712448552,0.33018416407901885,0.1327810430247777,-0.019519901339019402,10.328890981356736,0.41245664133900767,0.048571510090243186,0.03936609112982379,0.1540016620880622,0.0,-0.07481555822162037,0.29586673907994554,0.16607780365125216,0.06477790285764738,0.4953469673195526,0.12243513128266739,0.2856796443310629,0.9330942146827417,0.18348683950563532,0.7010203776828686,0.8831732854720566,0.21537657329733237,-0.5748285418123708,0.6745257465255631,0.42505235510986433,0.10025739823331933,0.6051718644682367,-0.2652869013801972,50.0,61.0,39.0,460.0,0.30000001192092896,0.8899999856948853,55.900001525878906,168.0,138.0,284.03173828125,1.5641025304794312,1.0,0.008899999782443047,1.93478262424469,0.09000000357627869,3.3333332538604736,6.131226539611816,138.0,2.8333332538604736,2500.0,15.0,23000.0,211600.0,0.4692307710647583,9.199999809265137,0.9444444179534912,1.023809552192688,-0.06666667014360428,0.1477079838514328,0.12393888086080551,63.1,50
0.7449557713708951,0.21733243858371842,-0.0015827904577730531,0.3368253843399528,0.1818562952431978,-0.049890716239582605,11.21055885383962,0.6724918347118063,0.07186472622002522,0.07791905436951897,0.2620587944421523,0.0,-0.02307401939625073,0.2466000466637323,0.13757006262971735,0.088494685543565,0.51482635795104,0.2166850815164684,0.3012892710445948,0.9439780087777762,0.09297127983738138,0.739560933589479,0.9301565533816892,0.024323907622562622,-0.6131183573460353,0.717245353936214,0.801808016938759,0.382661693264928,0.6655896194785381,0.4866367707719533,50.0,62.0,38.0,460.0,0.30000001192092896,0.9100000262260437,57.79999923706055,150.0,138.0,284.03173828125,1.6315789222717285,1.0,0.009100000374019146,1.97826087474823,0.09000000357627869,3.3333332538604736,6.131226539611816,138.0,2.8333332538604736,2500.0,15.0,23000.0,211600.0,0.4894736707210541,9.199999809265137,0.9444444179534912,0.9666666388511658,0.0833333358168602,0.1477079838514328,0.3191850483417511,66.0,50
0.6350394630738404,0.1748895725327021,0.0716960545260654,0.3819000483507901,0.010659287452401077,0.12590255865475367,11.379399968077458,-0.6472265011329486,0.0058358813917523174,0.050888509641172086,0.25825190031267237,0.0,0.23259536491271143,0.20907179163217005,0.2581672447230677,0.045123714627285136,0.500316181693022,0.18796582754330463,0.2977828898146557,0.802043705799662,0.0776016986099146,0.7519538656121664,0.8183858605344463,0.03505956713374808,-0.4217378030416896,0.6418146096131194,0.3232323524352999,0.13408036465554424,0.6099142997502127,-0.3573018957808101,50.0,62.0,38.0,460.0,0.30000001192092896,1.0,62.82400131225586,205.0,138.0,284.03173828125,1.6315789222717285,1.0,0.009999999776482582,2.17391300201416,0.09000000357627869,3.3333332538604736,6.131226539611816,138.0,2.8333332538604736,2500.0,15.0,23000.0,211600.0,0.4894736707210541,9.199999809265137,0.9444444179534912,1.014634132385254,-0.05000000074505806,0.1477079838514328,0.12393888086080551,73.8,50
0.635928287886473,0.13047707475143688,-0.012576876249241739,0.23241881755297536,0.26582258295467204,0.03217254492904792,9.191991497969129,0.5342250697821878,-0.015380821138335679,0.05140215933200839,0.07215517053141259,0.0,-0.04082204247411103,0.3494201685497331,0.047262145811693614,0.08223080635223595,0.4647524094173152,0.023368248798119707,0.30472105183496756,0.9498665834951232,0.20184884187049604,0.6749544186731234,0.8378393691721508,0.18630592412450653,-0.5712236762221656,0.6583083076936362,0.3534892228311643,0.11060319878968491,0.6527966781521827,0.6168047762472257,50.0,60.0,40.0,460.0,0.3100000023841858,0.8700000047683716,53.599998474121094,140.0,142.60000610351562,288.6317443847656,1.5,1.0,0.008700000122189522,1.89130437374115,0.09610000252723694,3.225806474685669,6.131226539611816,142.60000610351562,2.725806474685669,2500.0,15.5,23000.0,211600.0,0.4650000035762787,9.199999809265137,0.9272727370262146,0.9571428298950195,0.10000000149011612,0.1477079838514328,0.3191850483417511,61.2,50
0.6517854525455038,0.1953493367085605,0.03671859133317699,0.336982925149581,0.020503192117931994,0.00040002429905946525,10.727857336566446,0.1549754420067657,0.025099938700419253,0.10225263567154387,0.2793764747409194,0.0,-0.0008174836555178648,0.22738888485495026,0.1960897377485971,0.050727609343357585,0.5178356183143469,0.14756653839194175,0.30437578369952,0.9330723322365972,0.38002810956886424,0.7167606299536542,0.9167984439919116,0.021088972136853436,-0.5998477903715147,0.6157088687978199,0.2851227259258257,0.33807512073545665,0.6209283334532009,-0.26923322728499344,50.0,62.0,38.0,460.0,0.30000001192092896,0.9399999976158142,60.70000076293945,182.0,138.0,284.03173828125,1.6315789222717285,1.0,0.009399999864399433,2.04347825050354,0.09000000357627869,3.3333332538604736,6.131226539611816,138.0,2.8333332538604736,2500.0,15.0,23000.0,211600.0,0.4894736707210541,9.199999809265137,0.9444444179534912,1.0329670906066895,-0.10000000149011612,0.1477079838514328,0.12393888086080551,68.5,50
0.635928287886473,0.1300694035659587,-0.012576876249241739,0.33334979804180626,0.16810614247399344,-0.012737781669719998,10.603876376274172,0.5867296867117834,0.04088383481620386,0.046913299017401815,0.15827356020590874,0.0,-0.05265900575501292,0.29521419785073233,0.16509226205884434,0.08165278987882914,0.49699740465251385,0.13974879885087366,0.30381406218914886,0.9439780087777762,0.20444263373704255,0.716579968342711,0.9099696528131165,0.17354197041236608,-0.6074814538409633,0.7363787824818357,0.2953196978603292,0.08060886301701345,0.6413984822825376,0.5339226929930238,50.0,61.0,39.0,460.0,0.30000001192092896,0.8899999856948853,55.70000076293945,148.0,138.0,284.03173828125,1.5641025304794312,1.0,0.008899999782443047,1.93478262424469,0.09000000357627869,3.3333332538604736,6.131226539611816,138.0,2.8333332538604736,2500.0,15.0,23000.0,211600.0,0.4692307710647583,9.199999809265137,0.9444444179534912,0.9459459185600281,0.13333334028720856,0.1477079838514328,0.3191850483417511,63.9,50
0.6362727819100951,0.17739998706511678,0.0716960545260654,0.3819000483507901,0.010659287452401077,0.069187876422604,11.419808256673004,-0.7328481278381619,-0.011590064347652676,0.06129539582444479,0.24974055238498685,0.0,0.23459546788242885,0.2238881076906648,0.2594869371955962,0.053551615296198146,0.500316181693022,0.1972292011994184,0.29539902941686325,0.802043705799662,0.2976057923455596,0.740429922424245,0.8220282757455752,0.049703263667200834,-0.3935462705504213,0.6443208079225662,0.5480299155734378,0.37870656880492837,0.6200067189694831,-0.36043822214910204,50.0,62.0,38.0,460.0,0.30000001192092896,1.0,62.82400131225586,212.0,138.0,284.03173828125,1.6315789222717285,1.0,0.009999999776482582,2.17391300201416,0.09000000357627869,3.3333332538604736,6.131226539611816,138.0,2.8333332538604736,2500.0,15.0,23000.0,211600.0,0.4894736707210541,9.199999809265137,0.9444444179534912,1.0283018350601196,-0.10000000149011612,0.1477079838514328,0.12393888086080551,74.9,50
0.635928287886473,0.22080300995634686,0.005457802763284219,0.3439996473555016,0.06421014698294968,-0.06116208149115006,11.07220003125479,0.5882400847941994,0.0340109494758748,0.08482391161590644,0.20904638056014327,0.0,-0.06656685560826095,0.240709409788617,0.20140617617556977,0.0769452079527937,0.5194860556473081,0.1850252977419904,0.3154936415580174,0.9439780087777762,0.08770550178151523,0.7403085490669414,0.9756394897290496,0.020927067223995875,-0.6169824950376788,0.717245353936214,0.2826704905816835,0.06897703490800837,0.5919248325194023,0.38719355265959715,50.0,62.0,38.0,460.0,0.30000001192092896,0.9300000071525574,58.599998474121094,155.0,138.0,284.03173828125,1.6315789222717285,1.0,0.00930000003427267,2.0217392444610596,0.09000000357627869,3.3333332538604736,6.131226539611816,138.0,2.8333332538604736,2500.0,15.0,23000.0,211600.0,0.4894736707210541,9.199999809265137,0.9444444179534912,0.9548386931419373,0.11666666716337204,0.1477079838514328,0.3191850483417511,67.8,50
0.6517854525455038,0.19451049122368244,0.07142560690019993,0.336982925149581,-0.01493274282425555,0.011724879407694566,10.650055060060375,-0.3098760894126383,0.006035894631415347,0.10342724765068978,0.2575098908533409,0.0,-0.005615265036702658,0.19240863519985674,0.19437201691666656,0.05349225756767505,0.5009121659840516,0.1551491754641623,0.29328630434147307,0.9330723322365972,0.3614009548262685,0.7176064080746262,0.8303599605146427,0.007936395678368248,-0.5862319129700158,0.6157088687978199,0.3577213226443985,0.34512028192250765,0.6081012199626804,-0.3049911046437199,50.0,62.0,38.0,460.0,0.30000001192092896,0.9700000286102295,61.29999923706055,190.0,138.0,284.03173828125,1.6315789222717285,1.0,0.009700000286102295,2.1086957454681396,0.09000000357627869,3.3333332538604736,6.131226539611816,138.0,2.8333332538604736,2500.0,15.0,23000.0,211600.0,0.4894736707210541,9.199999809265137,0.9444444179534912,1.0315788984298706,-0.10000000149011612,0.1477079838514328,0.12393888086080551,69.9,50
0.7449557713708951,0.13421885908152584,0.017547158997650386,0.20476938732857475,0.2515852506051064,0.04419842588562358,8.466864934724954,0.5088042665389456,-0.01273693356281806,0.5106547705749966,0.14113842404486937,0.0,-0.05311911947784645,0.23370600091846924,0.057762056944325034,0.07544909094654642,0.4818204881099202,0.097099851395145,0.3524534965159353,0.9507540424482928,0.3618770008210215,0.6752649527115562,0.803110553052577,0.06415542052295442,-0.5410371825926493,0.6646281597986429,0.538887547046707,0.38018717461295076,0.6592629009397618,0.6961134360392959,50.0,60.0,40.0,460.0,0.3199999928474426,0.8600000143051147,52.5,132.0,147.1999969482422,293.23175048828125,1.5,1.0,0.00860000029206276,1.8695652484893799,0.10239999741315842,3.125,6.131226539611816,147.1999969482422,2.625,2500.0,16.0,23000.0,211600.0,0.47999998927116394,9.199999809265137,0.9107142686843872,0.9621211886405945,0.0833333358168602,0.1477079838514328,0.3191850483417511,59.1,50
0.6522413125928381,0.20832834786824195,0.03945099912763539,0.3298086621340322,0.020938228606122183,-0.044394343389099596,10.425723011465521,0.1922277374081996,0.016278687264153827,0.07184553964408198,0.20366800784110953,0.0,-0.05576394886807595,0.21087661366660998,0.19235349152495843,0.050437105776154664,0.5178356183143469,0.18255163371913483,0.30428408971560955,0.9330942146827417,0.39086283066739835,0.719781507891161,0.9167984439919116,-0.021049223146064347,-0.5884917661318271,0.5959900196986129,0.2658574345185695,0.33581923262982555,0.6023862275950883,-0.3082069870589386,50.0,62.0,38.0,460.0,0.30000001192092896,0.9200000166893005,58.79999923706055,176.0,138.0,284.03173828125,1.6315789222717285,1.0,0.009200000204145908,2.0,0.09000000357627869,3.3333332538604736,6.131226539611816,138.0,2.8333332538604736,2500.0,15.0,23000.0,211600.0,0.4894736707210541,9.199999809265137,0.9444444179534912,1.0340908765792847,-0.10000000149011612,0.1477079838514328,0.12393888086080551,65.9,50
0.635928287886473,0.16354084673116315,-0.012576876249241739,0.33334979804180626,0.28945190514071106,-0.00503338611442,9.908440069447328,0.5805058032975885,-0.032553923424262096,0.06012632486085587,0.1510067881778242,0.0,-0.04192743809872701,0.35096864134803485,0.03253310122944184,0.06639500262064393,0.4647524094173152,0.03084454361980606,0.3047112981068635,0.9498665834951232,0.203285854613336,0.7199651878521414,0.9034995160494509,-0.1157087605270084,-0.5530980073251544,0.7442838020574669,0.22402537822389884,0.04636500519132944,0.6226369180218281,0.5340905156668719,50.0,61.0,39.0,460.0,0.3100000023841858,0.8799999952316284,54.20000076293945,142.0,142.60000610351562,288.6317443847656,1.5641025304794312,1.0,0.008799999952316284,1.91304349899292,0.09610000252723694,3.225806474685669,6.131226539611816,142.60000610351562,2.725806474685669,2500.0,15.5,23000.0,211600.0,0.4848718047142029,9.199999809265137,0.9272727370262146,0.9577465057373047,0.10000000149011612,0.1477079838514328,0.3191850483417511,62.4,50
0.6350394630738404,0.17739998706511678,0.0716960545260654,0.3819000483507901,0.010659287452401077,0.069187876422604,11.398430304265052,-0.8503178842770105,0.005232932787047374,0.050888509641172086,0.25825190031267237,0.0,0.23459546788242885,0.22694510480954921,0.2594869371955962,0.045123714627285136,0.500316181693022,0.1851682655164564,0.29539902941686325,0.802043705799662,0.09441646727693087,0.7519538656121664,0.8183858605344463,0.03684831488675162,-0.4126772499546355,0.6443208079225662,0.35882399472707316,0.14229742516961855,0.6127073953734288,-0.3666732255036089,50.0,62.0,38.0,460.0,0.30000001192092896,1.0,62.82400131225586,208.0,138.0,284.03173828125,1.6315789222717285,1.0,0.009999999776482582,2.17391300201416,0.09000000357627869,3.3333332538604736,6.131226539611816,138.0,2.8333332538604736,2500.0,15.0,23000.0,211600.0,0.4894736707210541,9.199999809265137,0.9444444179534912,1.0192307233810425,-0.06666667014360428,0.1477079838514328,0.12393888086080551,74.1,50
0.716255069073804,0.2284994580656319,-0.0013038142460918643,0.3368253843399528,0.18136817047262216,-0.050184324783329196,10.965653663779378,0.6232857933059777,0.07217877938495629,0.07180996408036869,0.20794041468510496,0.0,-0.038969722790616945,0.22877760328307967,0.19876497556321265,0.0769452079527937,0.4681236842179869,0.21148503406660307,0.28125753984482227,0.9439780087777762,0.09297127983738138,0.739560933589479,0.9756394897290496,0.019336566226225996,-0.6131183573460353,0.717245353936214,0.44973837322497967,0.057726226519250204,0.6713082060910541,0.4781310426165662,50.0,62.0,38.0,460.0,0.30000001192092896,0.9100000262260437,57.599998474121094,150.0,138.0,284.03173828125,1.6315789222717285,1.0,0.009100000374019146,1.97826087474823,0.09000000357627869,3.3333332538604736,6.131226539611816,138.0,2.8333332538604736,2500.0,15.0,23000.0,211600.0,0.4894736707210541,9.199999809265137,0.9444444179534912,0.9599999785423279,0.10000000149011612,0.1477079838514328,0.3191850483417511,66.7,50
0.6522413125928381,0.11406635259084796,0.02817793712448552,0.33018416407901885,0.25412680569149526,-0.02421641110512306,9.451911430555866,0.3739446376790488,0.003203065274931148,0.015098631522448915,0.10171239356741235,0.0,-0.04663480826004492,0.31660373671971753,0.04998711906850805,0.04061942458720087,0.4631019720843539,0.05416278836430249,0.28197065328392923,0.9341616198133291,0.21813689624345028,0.7375428763146922,0.814661457554264,0.26131283069748934,-0.520357221005937,0.6824307661011942,0.3504395951413579,0.08765972640195377,0.6677952605602087,-0.3090993817274493,50.0,60.0,40.0,460.0,0.3100000023841858,0.8700000047683716,53.900001525878906,162.0,142.60000610351562,288.6317443847656,1.5,1.0,0.008700000122189522,1.89130437374115,0.09610000252723694,3.225806474685669,6.131226539611816,142.60000610351562,2.725806474685669,2500.0,15.5,23000.0,211600.0,0.4650000035762787,9.199999809265137,0.9272727370262146,1.0185185670852661,-0.05000000074505806,0.1477079838514328,0.12393888086080551,60.6,50
0.635928287886473,0.20821148468269557,-0.0013038142460918643,0.3310537786294683,0.16810614247399344,-0.052299120612828986,10.509718442573794,0.5905564812012862,0.1389539202194791,0.05642037692970161,0.18756427022881436,0.0,-0.03397024874908135,0.25468844004658137,0.1797126120893538,0.08268947984627636,0.4681236842179869,0.2047232020353773,0.24767154877781783,0.9439780087777762,0.20599773456962794,0.716579968342711,0.9356184977769505,-0.005552018585627188,-0.6078844154415831,0.717245353936214,0.19155719364638946,0.05394181839330754,0.6364342340278318,0.4774922330652016,50.0,62.0,38.0,460.0,0.30000001192092896,0.8999999761581421,56.70000076293945,148.0,138.0,284.03173828125,1.6315789222717285,1.0,0.008999999612569809,1.95652174949646,0.09000000357627869,3.3333332538604736,6.131226539611816,138.0,2.8333332538604736,2500.0,15.0,23000.0,211600.0,0.4894736707210541,9.199999809265137,0.9444444179534912,0.9459459185600281,0.13333334028720856,0.1477079838514328,0.3191850483417511,65.2,50
